WS,fuel,fcrew,ccrew,depr,total
1.0,24926.027447913762,692894.607158168,489656.2442152211,1.3167860205153602e6,2.524262899336663e6
8.006006006006006,24926.02744791373,246485.84193785093,174187.1424148116,480392.1374547414,925991.1492553176
15.012012012012013,24926.02744791373,180671.79605475828,127677.53158684472,355524.642882181,688799.9979716977
22.01801801801802,24926.027447913762,149615.42390230877,105730.5480340527,296300.9471829289,576572.9465672041
29.024024024024026,24926.02744791373,130632.4352127656,92315.60895143413,259973.20800037874,507847.2796124922
36.030030030030034,24926.02744791373,117499.84060615742,83035.03888285378,234772.30656554637,460233.2135024713
43.03603603603604,24926.027447913762,107721.83120951556,76125.09427136705,215966.0908322114,424739.0437610078
50.04204204204204,24926.02744791373,100077.00997754943,70722.63563845289,201234.05505356722,396959.72811748326
57.04804804804805,24926.02744791373,93887.77986182595,66348.81725144226,189286.65459271282,374449.27915389475
64.05405405405405,24926.02744791373,88744.0419714396,62713.82954824144,179342.2693841087,355726.16835170344
71.06006006006007,24926.02744791373,84381.1334208485,59630.639994351266,170895.80755769758,339833.60842081107
78.06606606606607,24926.02744791373,80619.59436034056,56972.42751902061,163604.37591277415,326122.425240049
85.07207207207207,24926.02744791373,77332.86273057842,54649.75297523486,157225.89141130526,314134.5345650322
92.07807807807808,24926.02744791373,74428.77972385482,52597.48937948584,151583.90071417738,303536.19726543175
99.08408408408408,24926.02744791373,71838.43017801135,50766.93561745781,146546.33238352166,294077.7256269045
106.0900900900901,24926.027447913762,69509.11059618369,49120.847069168194,142012.09644285287,285568.08155611856
113.0960960960961,24926.02744791373,67399.73393482364,47630.1882547303,137902.32047624304,277858.2701137107
120.10210210210212,24926.02744791373,65477.732239515186,46271.94398240159,134154.43792673835,270830.14159656886
127.10810810810811,24926.02744791373,63716.91233539509,45027.60400329994,130718.0925032775,264388.63628988626
134.11411411411413,24926.02744791373,62095.93632366071,43882.08920542296,127552.23400281055,258456.28697980795
141.12012012012013,24926.027447913762,60597.22253176677,42822.97493478062,124623.01639058691,252969.24130504805
148.12612612612614,24926.02744791373,59206.13599641866,41839.91892418386,121902.2486674808,247874.33103599708
155.13213213213214,24926.027447913762,57910.382449883626,40924.233034193865,119366.23449875582,243126.87743074706
162.13813813813815,24926.02744791373,56699.547987771,40068.557944563545,116994.89029867164,238689.02367891994
169.14414414414415,24926.02744791373,55564.7447604068,39266.61277065974,114771.0660762243,234528.45105520458
176.15015015015015,24926.027447913762,54498.33498668887,38513.00002898354,112680.01614218074,230617.37860576692
183.15615615615616,24926.02744791373,53493.713618125665,37803.05204972798,110708.98209156873,226931.77520733612
190.16216216216216,24926.02744791373,52545.135470235975,37132.708813625584,108846.8609512157,223450.732682991
197.16816816816817,24926.02744791373,51647.57645409021,36498.41988675693,107083.93866645845,220155.9624552193
204.17417417417417,24926.02744791373,50796.62123322728,35897.065029700054,105411.67424367623,217031.3879545173
211.1801801801802,24926.02744791373,49988.371557637096,35325.88941879315,103822.52354633863,214062.8119706826
218.1861861861862,24926.027447913762,49219.3709226407,34782.45040391062,102309.79441107647,211237.64318554156
225.1921921921922,24926.02744791373,48486.54222437721,34264.573450709104,100867.52670826585,208544.6698312659
232.19819819819818,24926.027447913762,47787.135842784555,33770.31545179724,99490.39242396718,205973.87116646272
239.20420420420425,24926.02744791373,47118.68615166941,33297.93399317875,98173.61192843021,203516.2595211921
246.21021021021022,24926.02744791373,46478.974885578245,32845.86146627444,96912.88341982612,201163.74721959254
253.21621621621622,24926.02744791373,45866.00012140359,32412.683147777352,95704.32316044703,198909.03387754172
260.22222222222223,24926.02744791373,45277.94988523555,31997.11854808609,94544.41460650429,196745.51048773964
267.22822822822826,24926.02744791373,44713.17959086871,31598.00546750057,93429.96490808004,194667.17741436308
274.23423423423424,24926.02744791373,44170.19266944961,31214.286307539824,92358.06754924191,192668.57397414505
281.24024024024027,24926.027447913762,43647.62387019828,30844.996269860178,91326.07012930956,190744.71771728178
288.2462462462462,24926.02744791373,43144.22480754376,30489.253142674017,90331.54646927516,188891.05186740667
295.2522522522523,24926.027447913762,42658.85140605675,30146.248428307917,89372.27237329648,187103.3996555749
302.25825825825825,24926.02744791373,42190.452955532564,29815.239608625263,88446.20449220318,185377.92450427474
309.2642642642643,24926.027447913762,41738.06253773822,29495.543379779356,87551.46183035121,183711.09519578255
316.2702702702702,24926.02744791373,41300.788626187576,29186.529715924542,86686.3095136822,182099.65530370804
323.2762762762763,24926.02744791373,40877.80769277673,28887.616644457492,85849.14449922956,180540.5962843775
330.28228228228227,24926.02744791373,40468.35768169306,28598.265634145264,85038.48295737927,179031.1337211313
337.2882882882883,24926.02744791373,40071.73223287423,28317.977512946953,84252.94910022405,177568.68629395898
344.2942942942943,24926.02744791373,39687.2755553553,28046.28884509965,83491.2652640704,176150.8571124391
351.3003003003003,24926.02744791373,39314.37786582494,27782.768707627598,82752.24308297277,174775.41710433905
358.30630630630634,24926.02744791373,38952.471320193654,27527.015815254064,82034.77561417808,173440.29019753955
365.3123123123123,24926.02744791373,38601.02637641206,27278.655950070064,81337.830296443,172143.54007083888
372.3183183183183,24926.02744791373,38259.54853553686,27037.339658503795,80660.44263904185,170883.35828099624
379.3243243243243,24926.02744791373,37927.5754154184,26802.740183347967,80001.71055348424,169658.05360016433
386.33033033033036,24926.02744791373,37604.6741176194,26574.55160300823,79360.78925196675,168466.0424205081
393.33633633633633,24926.02744791373,37290.43885345943,26352.487153871272,78736.88664676169,167305.84010200613
400.3423423423423,24926.02744791373,36984.488799577775,26136.277714869335,78129.25919340967,166176.05315577053
407.34834834834834,24926.02744791373,36686.466157241775,25925.670436028107,77537.20812797222,165075.37216915583
414.35435435435437,24926.02744791373,36396.03439291182,25720.427495105425,76960.07605492815,164002.56539085912
421.3603603603604,24926.027447913762,36112.87664038921,25520.324968417706,76397.24384772468,162956.47290444537
428.3663663663663,24926.02744791373,35836.694247297775,25325.151803664452,75848.1278286678,161936.00132754375
435.3723723723724,24926.02744791373,35567.20545073943,25134.708884037693,75312.17719886797,160940.11898155883
442.37837837837833,24926.027447913762,35304.1441687728,24948.808174181515,74788.87169244191,159967.85148331
449.3843843843844,24926.02744791373,35047.258895930536,24767.271939673872,74277.71943219798,159018.2777157161
456.3903903903904,24926.02744791373,34796.311692353745,24589.932032665947,73778.25496666033,158090.52613959374
463.39639639639637,24926.02744791373,34551.07725730786,24416.629237152338,73290.03747057344,157183.77141294736
470.4024024024024,24926.027447913762,34311.34207887984,24247.21266807731,72812.64909303274,156297.23128790365
477.4084084084085,24926.02744791373,34076.90365256284,24081.539219122464,72345.69343913137,155430.1637587304
484.41441441441435,24926.02744791373,33847.56976222829,23919.4730545826,71888.79417255093,154581.86443727557
491.42042042042044,24926.02744791373,33623.157817682906,23760.885141229068,71441.59372786644,153751.66413469214
498.4264264264264,24926.02744791373,33403.49424362237,23605.652816494257,71003.75212252694,152938.92663055728
505.43243243243245,24926.02744791373,33188.41391533421,23453.65938969289,70574.94585951496,152143.0466124558
512.4384384384385,24926.02744791373,32977.75963698118,23304.793773334197,70154.86691261447,151363.44777084357
519.4444444444445,24926.02744791373,32771.38165871905,23158.950141877714,69743.22178703392,150599.58103554443
526.4504504504504,24926.02744791373,32569.137229278313,23016.02761555071,69339.7306488562,149850.92294159895
533.4564564564565,24926.027447913762,32370.89018097217,22875.929967080803,68944.12651743255,149116.97411339928
540.4624624624624,24926.027447913762,32176.5105443896,22738.56534940639,68556.1545154081,148397.25785711786
547.4684684684685,24926.02744791373,31985.874190296094,22603.846042614325,68175.57117158074,147691.3188524049
554.4744744744744,24926.02744791373,31798.86249650056,22471.688218520674,67802.14377224729,146998.72193518226
561.4804804804805,24926.02744791373,31615.36203765658,22342.011721458835,67435.64975709908,146319.05096412823
568.4864864864866,24926.027447913762,31435.264296155747,22214.73986397299,67075.87615609627,145651.90776413877
575.4924924924924,24926.02744791373,31258.465392438215,22089.799236233437,66722.61906407194,144996.91114065732
582.4984984984985,24926.027447913762,31084.865833198226,21967.119528097868,66375.68315011536,144353.69595932524
589.5045045045046,24926.02744791373,30914.37027609789,21846.633362838864,66034.88119904255,143721.91228589302
596.5105105105105,24926.02744791373,30746.887309725247,21728.276141644143,65700.033682505,143101.22458178812
603.5165165165165,24926.02744791373,30582.32924764277,21611.985898074316,65370.968357494596,142491.3109511254
610.5225225225225,24926.02744791373,30420.611935472494,21497.703161733432,65047.51989020244,141891.86243532208
617.5285285285286,24926.02744791373,30261.65457005331,21385.370830470627,64729.52950335806,141302.58235179575
624.5345345345346,24926.02744791373,30105.37952978801,21274.93405048942,64416.844645336685,140723.18567352786
631.5405405405404,24926.02744791373,29951.71221537054,21166.340103792525,64109.318679462755,140153.39844653953
638.5465465465466,24926.02744791373,29800.580900151446,21059.538302437773,63806.810592069094,139592.95724257204
645.5525525525526,24926.027447913762,29651.916589459597,20954.479889123264,63509.184717986835,139041.60864448344
652.5585585585585,24926.02744791373,29505.652888253397,20851.117943658883,63216.31048224916,138499.10876207516
659.5645645645645,24926.02744791373,29361.72587652494,20749.40729491662,62928.06215688939,137965.2227762447
666.5705705705706,24926.02744791373,29220.07399192599,20649.304437884424,62644.31863179962,137439.72450952377
673.5765765765766,24926.02744791373,29080.6379191263,20550.767455477766,62364.96319870098,136922.39602121877
680.5825825825826,24926.02744791373,28943.3604854524,20453.755944789355,62089.88334734579,136413.02722550125
687.5885885885886,24926.02744791373,28808.186562390125,20358.230947482796,61818.97057314252,135911.41553092917
694.5945945945946,24926.02744791373,28675.062972565258,20264.154884057454,61552.12019545297,135417.36549998942
701.6006006006006,24926.027447913762,28543.93840184595,20171.491491732773,61289.231185869925,134930.68852736242
708.6066066066065,24926.02744791373,28414.763316236684,20080.205765718783,61030.20600583187,134451.20253570107
715.6126126126127,24926.02744791373,28287.48988325847,19990.263903656833,60774.95045298286,133978.7316878119
722.6186186186186,24926.02744791373,28162.071897531598,19901.633253030283,60523.3735157231,133513.10611419872
729.6246246246246,24926.02744791373,28038.46471029806,19814.28226135924,60275.38723544158,133054.1616550126
736.6306306306307,24926.027447913762,27916.625162639557,19728.180429006945,60030.90657595405,132601.73961551432
743.6366366366366,24926.02744791373,27796.51152216422,19643.298264437362,59789.84929970528,132155.6865342206
750.6426426426426,24926.027447913762,27678.083422951047,19559.607241775055,59552.135850326114,131715.85396296598
757.6486486486486,24926.02744791373,27561.301808555843,19477.079760528406,59317.68924116089,131282.09825815886
764.6546546546547,24926.02744791373,27446.128877896008,19395.68910734747,59086.43494941293,130854.28038257013
771.6606606606607,24926.027447913762,27332.528033843617,19315.409419695527,58858.30081557301,130432.2657170259
778.6666666666666,24926.027447913762,27220.463834368402,19236.215651322767,58633.216947824374,130015.9238814293
785.6726726726727,24926.02744791373,27109.901946082126,19158.08353943689,58411.11563113446,129605.12856456722
792.6786786786788,24926.027447913762,27000.809100046416,19080.989573473318,58191.93124076479,129199.75736219829
799.6846846846846,24926.02744791373,26893.153049714674,19004.91096537347,57975.60015994619,128799.69162294807
806.6906906906906,24926.02744791373,26786.902530887353,18929.82562128588,57762.06070148607,128404.81630157304
813.6966966966967,24926.02744791373,26682.027223567773,18855.7121146104,57551.25303308577,128015.01981917767
820.7027027027027,24926.02744791373,26578.497715612622,18782.549660310622,57343.119106163336,127630.1939300003
827.7087087087087,24926.02744791373,26476.285468078408,18710.31809042488,57137.60258798844,127250.23359440545
834.7147147147147,24926.027447913762,26375.36278217095,18638.997830710006,56934.64879694873,126875.03685774346
841.7207207207208,24926.02744791373,26275.702767711,18568.569878356564,56734.20464077788,126504.50473475918
848.7267267267267,24926.02744791373,26177.279313034753,18499.015780718077,56536.21855758778,126138.54109925435
855.7327327327326,24926.02744791373,26080.067056252276,18430.317614999884,56340.64045955327,125777.05257871916
862.7387387387387,24926.027447913762,25984.04135779245,18362.457968857125,56147.42167911191,125419.94845367524
869.7447447447448,24926.02744791373,25889.17827416671,18295.419921854038,55956.514917545304,125067.14056147978
876.7507507507509,24926.02744791373,25795.454532888107,18229.18702773973,55767.87419581958,124718.54320436114
883.7567567567567,24926.02744791373,25702.847508486244,18163.743297498357,55581.45480756737,124374.0730614657
890.7627627627628,24926.02744791373,25611.33519956179,18099.07318313393,55397.213274102905,124033.64910471236
897.7687687687688,24926.02744791373,25520.896206827714,18035.161562152494,55215.107301366676,123697.1925182606
904.7747747747748,24926.02744791373,25431.50971208764,17971.993722706462,55035.09573870227,123364.6266214101
911.7807807807808,24926.027447913762,25343.155458104273,17909.55534936802,54857.13853937467,123035.87679476073
918.7867867867867,24926.02744791373,25255.813729313737,17847.83250950029,54681.19672274259,122710.87040947036
925.7927927927927,24926.02744791373,25169.465333344197,17786.811640196855,54507.232338005044,122389.53675945982
932.7987987987988,24926.02744791373,25084.091583299334,17726.47953576182,54335.20842944347,122071.80699641837
939.8048048048048,24926.02744791373,24999.674280769595,17666.823335704175,54165.08900308851,121757.61406747601
946.810810810811,24926.027447913762,24916.195699536172,17607.830513221663,53996.83899474245,121446.89265541403
953.816816816817,24926.02744791373,24833.63856993448,17549.488864150742,53830.42423929169,121139.57912129065
960.8228228228227,24926.02744791373,24751.986063845947,17491.786496360564,53665.81144125032,120835.61144937057
967.8288288288287,24926.02744791373,24671.22178028835,17434.711819569904,53502.96814647405,120534.92919424604
974.8348348348349,24926.02744791373,24591.32973157687,17378.25353556742,53341.86271499232,120237.47343005033
981.8408408408409,24926.027447913762,24512.29433002915,17322.40062881639,53182.464294905425,119943.18670166473
988.8468468468469,24926.02744791373,24434.1003751894,17267.142357426164,53024.74279729762,119652.0129778269
995.8528528528528,24926.02744791373,24356.733041547723,17212.46824447369,52868.66887212091,119363.89760605605
1002.8588588588589,24926.02744791373,24280.177866732098,17158.368069658936,52714.213885003606,119078.78726930838
1009.8648648648649,24926.02744791373,24204.42074015178,17104.831861279432,52561.349894943785,118796.62994428872
1016.8708708708708,24926.027447913762,24129.447892071723,17051.849888509332,52410.04963284693,118517.37486134174
1023.876876876877,24926.02744791373,24055.245883098876,16999.4126539696,52260.28648087033,118240.97246585254
1030.882882882883,24926.02744791373,23981.801594062246,16947.51088657639,52112.03445253964,117967.374381092
1037.888888888889,24926.027447913762,23909.102216269217,16896.135534655386,51965.26817360185,117696.5333724402
1044.8948948948948,24926.027447913762,23837.135242121833,16845.277759310487,51819.962863584275,117428.40331293034
1051.9009009009008,24926.02744791373,23765.888456077406,16794.92892803584,51676.09431802853,117162.9391500555
1058.906906906907,24926.02744791373,23695.3499259386,16745.08060856069,51533.63889137007,116900.0968737831
1065.912912912913,24926.02744791373,23625.507994458934,16695.724562917134,51392.573480435894,116639.83348572569
1072.9189189189187,24926.02744791373,23556.351271250176,16646.852741721243,51252.87550853464,116382.10696941978
1079.9249249249249,24926.02744791373,23487.868624979106,16598.45727865862,51114.52291011363,116126.87626166508
1086.930930930931,24926.02744791373,23420.04917584121,16550.53048516573,50977.49411595914,115874.1012248798
1093.936936936937,24926.02744791373,23352.882288300043,16503.064845298904,50841.768038917646,115623.74262043033
1100.942942942943,24926.02744791373,23286.35756408103,16456.053010783216,50707.324060116196,115375.76208289417
1107.9489489489488,24926.02744791373,23220.46483540934,16409.48779623377,50574.14201566129,115130.12209521813
1114.954954954955,24926.02744791373,23155.194158481878,16363.36217454252,50442.202183797395,114886.78596473552
1121.960960960961,24926.02744791373,23090.535807163775,16317.669272423653,50311.48527250545,114645.7178000066
1128.966966966967,24926.027447913762,23026.480266900395,16272.402366111328,50181.972407524685,114406.88248845018
1135.9729729729731,24926.027447913762,22963.018228836147,16227.55487720355,50053.6451207798,114170.24567473325
1142.978978978979,24926.027447913762,22900.14058413191,16183.120368646398,49926.48533919835,113935.77373989041
1149.9849849849847,24926.02744791373,22837.838418473093,16139.092540852946,49800.47537390185,113703.43378114162
1156.990990990991,24926.02744791373,22776.103006760986,16095.465227951763,49675.59790975708,113473.19359238356
1163.996996996997,24926.02744791373,22714.92580798,16052.232394159673,49551.835995272115,113245.02164532553
1171.003003003003,24926.02744791373,22654.29846023412,16009.388130274096,49429.173032825,113018.88707124695
1178.009009009009,24926.02744791373,22594.21277594601,15966.926650280355,49307.5927692116,112794.75964335169
1185.0150150150148,24926.02744791373,22534.660737212347,15924.842288069369,49187.079286500164,112572.60975969561
1192.021021021021,24926.027447913762,22475.634491309564,15883.129494261628,49067.61699318133,112352.40842666628
1199.027027027027,24926.02744791373,22417.12634634433,15841.782833133499,48949.19061560208,112134.12724299364
1206.033033033033,24926.02744791373,22359.12876704305,15800.79697964171,48831.785189673465,111917.73838427196
1213.0390390390392,24926.027447913762,22301.63437067541,15760.166716542584,48715.386052840644,111703.21458797241
1220.045045045045,24926.02744791373,22244.63592310684,15719.886931602434,48599.97883630672,111490.52913892973
1227.051051051051,24926.02744791373,22188.12633497508,15679.952614895547,48485.54945750059,111279.65585528495
1234.0570570570571,24926.02744791373,22132.098657986353,15640.358856186811,48372.08411277922,111070.56907486611
1241.063063063063,24926.02744791373,22076.546081326658,15601.100842395612,48259.56927035645,110863.24364199245
1248.0690690690692,24926.02744791373,22021.461928184064,15562.173855138193,48147.99166344986,110657.65489468584
1255.0750750750751,24926.02744791373,21966.839652377872,15523.573268345575,48037.33828363771,110453.7786522749
1262.0810810810808,24926.02744791373,21912.672835090863,15485.294545954255,47927.59637441834,110251.59120337719
1269.087087087087,24926.02744791373,21858.955181700934,15447.33323966722,47818.75342496505,110051.06929424693
1276.093093093093,24926.027447913762,21805.680518708476,15409.684986782542,47710.79716406912,109852.19011747389
1283.099099099099,24926.027447913762,21752.84279075618,15372.345508087365,47603.71555426449,109654.9313010218
1290.1051051051052,24926.02744791373,21700.436057738014,15335.310605814833,47497.496786127784,109459.27089759437
1297.111111111111,24926.027447913762,21648.45449199415,15298.576161661837,47392.1292727477,109265.18737431745
1304.117117117117,24926.02744791373,21596.892375588894,15262.138134865325,47287.6016443565,109072.65960272445
1311.1231231231232,24926.02744791373,21545.74409766875,15225.992560335348,47183.902743120714,108881.66684903853
1318.129129129129,24926.02744791373,21495.004151897792,15190.135546842648,47081.02161808233,108692.18876473651
1325.1351351351352,24926.02744791373,21444.667133967723,15154.56327525906,46978.94752024789,108504.20537738841
1332.1411411411411,24926.027447913762,21394.727739180045,15119.271996848904,46877.66989781908,108317.6970817618
1339.147147147147,24926.02744791373,21345.18076009792,15084.258031609561,46777.17839156014,108132.64463118135
1346.1531531531532,24926.02744791373,21296.021084265278,15049.517766659636,46677.46283029839,107949.02912913704
1353.1591591591593,24926.02744791373,21247.24369199102,15015.047654673077,46578.51322655175,107766.83202112958
1360.1651651651653,24926.027447913762,21198.843654196044,14980.844212357712,46480.31977228075,107586.03508674826
1367.1711711711712,24926.02744791373,21150.81613032103,14946.904018976713,46382.872834759466,107406.62043197094
1374.177177177177,24926.02744791373,21103.15636629296,14913.223714911595,46286.16295256279,107228.57048168106
1381.183183183183,24926.02744791373,21055.859692548485,14879.80000026533,46190.180831664664,107051.86797239221
1388.1891891891892,24926.027447913762,21008.92152211219,14846.629633504306,46094.91734164509,106876.49594517535
1395.195195195195,24926.027447913762,20962.337348727986,14813.709430137831,46000.36351200127,106702.43773878083
1402.2012012012012,24926.02744791373,20916.102745041953,14781.036261433961,45906.510528560364,106529.67698295001
1409.2072072072071,24926.02744791373,20870.21336083495,14748.607053170515,45813.34972999014,106358.19759190934
1416.213213213213,24926.027447913762,20824.664921303287,14716.418784420075,45720.87260440393,106187.98375804105
1423.2192192192192,24926.027447913762,20779.453225386107,14684.46848636796,45629.07078605784,106019.01994572567
1430.2252252252254,24926.02744791373,20734.574144137816,14652.753241162058,45537.936052136836,105851.29088535043
1437.2312312312313,24926.02744791373,20690.023619144245,14621.27018079356,45447.46031962665,105684.78156747817
1444.2372372372372,24926.02744791373,20645.797660981083,14590.016486007551,45357.635642268906,105519.47723717126
1451.2432432432433,24926.027447913762,20601.89234771334,14558.989385242616,45268.454207597366,105355.36338846709
1458.2492492492493,24926.027447913762,20558.303823434446,14528.18615359845,45179.90833405181,105192.42575899846
1465.2552552552554,24926.02744791373,20515.028296843884,14497.60411183068,45091.99046816834,105030.65032475663
1472.2612612612613,24926.02744791373,20472.062039862016,14467.240625372022,45004.69318184268,104870.02329499045
1479.2672672672672,24926.02744791373,20429.40138628114,14437.093103378953,44918.00916966458,104710.5311072384
1486.2732732732732,24926.02744791373,20387.04273045143,14407.158997803144,44831.931246321554,104552.16042248986
1493.279279279279,24926.027447913762,20344.98252600095,14377.435802486883,44746.45234406926,104394.89812047085
1500.2852852852852,24926.02744791373,20303.217284588496,14347.921052281741,44661.56551026666,104238.73129505062
1507.2912912912914,24926.02744791373,20261.743574688364,14318.612322189783,44577.26390497462,104083.6472497665
1514.2972972972973,24926.02744791373,20220.55802040619,14289.507226526763,44493.54079861483,103929.6334934615
1521.3033033033032,24926.02744791373,20179.65730032459,14260.603418106324,44410.38956968813,103776.67773603278
1528.3093093093094,24926.02744791373,20139.038146378218,14231.898587445057,44327.80370255069,103624.76788428769
1535.3153153153153,24926.02744791373,20098.69734275685,14203.390461987305,44245.77678524539,103473.89203790328
1542.3213213213214,24926.027447913762,20058.63172483603,14175.07680534949,44164.30250738746,103324.03848548674
1549.3273273273273,24926.02744791373,20018.838178134338,14146.95541658321,44083.374658102555,103175.19570073384
1556.3333333333333,24926.02744791373,19979.313637296465,14119.024129456615,44002.987124016276,103027.3523386831
1563.3393393393394,24926.02744791373,19940.055085101376,14091.280811753482,43923.13388729222,102880.4972320608
1570.3453453453453,24926.02744791373,19901.059551494902,14063.723364589581,43843.80902371905,102734.61938771726
1577.3513513513515,24926.02744791373,19862.324112645907,14036.349721745662,43765.00670084352,102589.70798314882
1584.3573573573576,24926.027447913762,19823.84589002551,14009.15784901677,43686.72117614932,102445.75236310536
1591.3633633633633,24926.02744791373,19785.62204950856,13982.145743577279,43608.94679527944,102302.742036279
1598.3693693693692,24926.02744791373,19747.64980049688,13955.311433361296,43531.677990302,102160.66667207392
1605.3753753753754,24926.027447913762,19709.926395063467,13928.652976457879,43454.90927801689,102019.516097452
1612.3813813813813,24926.02744791373,19672.449127117266,13902.168460520821,43378.63525830316,101879.28029385497
1619.3873873873874,24926.02744791373,19635.215331587817,13875.856002192413,43302.85061250597,101739.94939419994
1626.3933933933934,24926.02744791373,19598.222383629167,13849.713746540903,43227.550101860994,101601.5136799448
1633.3993993993993,24926.02744791373,19561.467697842712,13823.73986651127,43152.72856595651,101463.96357822423
1640.4054054054054,24926.02744791373,19524.948727518193,13797.932562388856,43078.380921231306,101327.28965905208
1647.4114114114113,24926.02744791373,19488.662963892515,13772.29006127559,43004.50215950763,101191.48263258947
1654.4174174174175,24926.027447913762,19452.607935425887,13746.810616578434,42931.08734655849,101056.53334647657
1661.4234234234236,24926.02744791373,19416.78120709468,13721.492507509687,42858.13162070761,100922.4327832257
1668.4294294294293,24926.02744791373,19381.180379700716,13696.33403859884,42785.63019146248,100789.17205767577
1675.4354354354355,24926.02744791373,19345.8030891964,13671.333539215677,42713.57833817785,100656.74241450365
1682.4414414414416,24926.027447913762,19310.647006025367,13646.489363104321,42641.971408750556,100525.135225794
1689.4474474474475,24926.02744791373,19275.70983447815,13621.799887927891,42570.804818343386,100394.34198866316
1696.4534534534534,24926.02744791373,19240.989312062535,13597.26351482355,42500.07404813872,100264.35432293854
1703.4594594594594,24926.02744791373,19206.483208888123,13572.878667967572,42429.77464411942,100135.16396888884
1710.4654654654653,24926.02744791373,19172.189327064836,13548.643794150288,42359.90221587761,100006.76278500646
1717.4714714714714,24926.02744791373,19138.105500114863,13524.557362360534,42290.45243545028,99879.1427458394
1724.4774774774774,24926.02744791373,19104.229592397805,13500.617863379372,42221.42103618028,99752.2959398712
1731.4834834834835,24926.02744791373,19070.55949854864,13476.823809382939,42152.803811603335,99626.21456744865
1738.4894894894896,24926.02744791373,19037.09314292807,13453.173733554026,42084.596614359034,99500.89093875486
1745.4954954954953,24926.02744791373,19003.82847908515,13429.666189702282,42016.795355126334,99376.3174718275
1752.5015015015017,24926.02744791373,18970.763489231595,13406.299751892771,41949.39600158194,99252.48669062003
1759.5075075075076,24926.02744791373,18937.896183727753,13383.073014082687,41882.394577381965,99129.39122310613
1766.5135135135133,24926.02744791373,18905.2246005797,13359.984589765956,41815.7871611653,99007.02379942469
1773.5195195195197,24926.02744791373,18872.74680494731,13337.033111625624,41749.56988557898,98885.37725006565
1780.5255255255256,24926.02744791373,18840.46088866297,13314.217231193712,41683.738936324204,98764.44450409462
1787.5315315315318,24926.02744791373,18808.36496976072,13291.53561851849,41618.290551223305,98644.21858741625
1794.5375375375377,24926.02744791373,18776.457192015456,13268.986961838824,41553.22101930637,98524.69262107438
1801.5435435435434,24926.02744791373,18744.735724492028,13246.569967265548,41488.52667991758,98405.85981958889
1808.5495495495495,24926.02744791373,18713.19876110396,13224.283358469605,41424.20392184042,98287.71348932771
1815.5555555555554,24926.02744791373,18681.844520181527,13202.125876376815,41360.24918244149,98170.24702691357
1822.5615615615616,24926.02744791373,18650.671244048986,13180.096278869125,41296.658946832395,98053.45391766424
1829.5675675675675,24926.02744791373,18619.67719861072,13158.19334049213,41233.429747049144,97937.32773406572
1836.5735735735734,24926.02744791373,18588.86067294606,13136.41585216875,41170.55816124888,97821.86213427741
1843.5795795795796,24926.02744791373,18558.21997891259,13114.76262091889,41108.04081292328,97707.05086066849
1850.5855855855855,24926.02744791373,18527.753450757737,13093.232469584955,41045.87437012829,97592.88773838471
1857.5915915915916,24926.027447913762,18497.459444738397,13071.82423656305,40984.05554472989,97479.3666739451
1864.5975975975975,24926.02744791373,18467.33633874844,13050.536775539746,40922.5810916652,97366.48165386711
1871.603603603604,24926.02744791373,18437.382531953925,13029.368955234277,40861.447808219236,97254.22674332117
1878.6096096096096,24926.02744791373,18407.596444435723,13008.319659146018,40800.65253331587,97142.59608481135
1885.6156156156155,24926.027447913762,18377.97651683955,12987.387785307148,40740.19214682373,97031.58389688419
1892.621621621622,24926.02744791373,18348.52121003304,12966.57224604031,40680.063568875725,96921.1844728628
1899.6276276276276,24926.02744791373,18319.229004769855,12945.871967721245,40620.26375920317,96811.392179608
1906.633633633634,24926.02744791373,18290.09840136055,12925.285890546209,40560.789716482286,96702.20145630278
1913.6396396396399,24926.02744791373,18261.12791935006,12904.81296830405,40501.63847769463,96593.60681326248
1920.6456456456453,24926.02744791373,18232.3160972017,12884.452168152891,40442.80711749998,96485.6028307683
1927.6516516516517,24926.027447913762,18203.661491987474,12864.202470401287,40384.29274762186,96378.18415792438
1934.6576576576574,24926.027447913762,18175.16267908454,12844.062868293726,40326.09251624512,96271.34551153715
1941.6636636636638,24926.02744791373,18146.81825187771,12824.032367800368,40268.2036074256,96165.08167501741
1948.6696696696697,24926.02744791373,18118.626821467893,12804.109987411028,40210.623240511595,96059.38749730424
1955.6756756756754,24926.027447913762,18090.587016386173,12784.294757933125,40153.34866957619,95954.25789180925
1962.6816816816818,24926.02744791373,18062.69748231362,12764.585722293652,40096.37718286108,95849.68783538208
1969.6876876876877,24926.02744791373,18034.956881806535,12744.981935345033,40039.70610223146,95745.67236729676
1976.6936936936938,24926.027447913762,18007.363894027032,12725.482463674727,39983.33278264101,95642.20658825654
1983.6996996996997,24926.02744791373,17979.917214478926,12706.086385418579,39927.254611607386,95539.28565941862
1990.7057057057057,24926.027447913762,17952.61555474869,12686.79279007775,39871.46900869843,95436.90480143862
1997.7117117117118,24926.02744791373,17925.45764225138,12667.600778339201,39815.97342502714,95335.05929353145
2004.7177177177177,24926.02744791373,17898.44221998156,12648.50946189963,39760.76534275761,95233.74447255253
2011.7237237237239,24926.02744791373,17871.56804626887,12629.517963292774,39705.84227461932,95132.95573209469
2018.7297297297298,24926.02744791373,17844.83389453836,12610.625415720018,39651.20176343136,95032.68852160347
2025.7357357357355,24926.02744791373,17818.23855307534,12591.830962884236,39596.84138163543,94932.93834550874
2032.7417417417416,24926.02744791373,17791.780824794714,12573.133758826763,39542.758730837675,94833.70076237287
2039.7477477477476,24926.02744791373,17765.459527014656,12554.532967767482,39488.951441359255,94734.97138405513
2046.753753753754,24926.02744791373,17739.273491234555,12536.027763947872,39435.417171795234,94636.74587489139
2053.75975975976,24926.02744791373,17713.22156291714,12517.61733147707,39382.1536085818,94539.01995088975
2060.765765765766,24926.02744791373,17687.30260127469,12499.300864180757,39329.158465571585,94441.78937894077
2067.771771771772,24926.02744791373,17661.51547905919,12481.077565452906,39276.42948361682,94345.04997604265
2074.777777777778,24926.02744791373,17635.859082356445,12462.946648110246,39223.96443016025,94248.79760854067
2081.7837837837837,24926.02744791373,17610.332310383972,12444.907334249445,39171.76109883363,94153.02819138078
2088.7897897897897,24926.027447913762,17584.934075292593,12426.958855106932,39119.81730906351,94057.7376873768
2095.7957957957956,24926.02744791373,17559.66330197178,12409.100450921289,39068.13090568427,93962.92210649108
2102.8018018018015,24926.027447913762,17534.518927858466,12391.331370798172,39016.69975855863,93868.57750512904
2109.8078078078074,24926.027447913762,17509.49990274938,12373.650872577691,38965.52176220418,93774.69998544501
2116.813813813814,24926.02744791373,17484.605188616857,12356.058222704229,38914.59483542769,93681.28569466251
2123.8198198198197,24926.02744791373,17459.8337594279,12338.552696098594,38863.91692096549,93588.33082440571
2130.825825825826,24926.027447913762,17435.184600966604,12321.13357603252,38813.48598513032,93495.83161004321
2137.8318318318316,24926.027447913762,17410.65671065971,12303.800154005387,38763.300017464666,93403.78433004353
2144.8378378378375,24926.02744791373,17386.249097405354,12286.551729623212,38713.35703040047,93312.18530534276
2151.843843843844,24926.02744791373,17361.960781404847,12269.387610479756,38663.65505892464,93221.03089872297
2158.8498498498498,24926.02744791373,17337.790793997476,12252.307112039796,38614.192160250605,93130.3175142016
2165.855855855856,24926.02744791373,17313.738177498253,12235.309557524453,38564.96641349576,93040.04159643219
2172.861861861862,24926.027447913762,17289.80198503852,12218.394277798554,38515.97591936457,92950.19963011541
2179.8678678678675,24926.027447913762,17265.981280409385,12201.560611260002,38467.21879983723,92860.78813942039
2186.873873873874,24926.02744791373,17242.275137907945,12184.807903731084,38418.693197863955,92771.80368741672
2193.87987987988,24926.02744791373,17218.68264218618,12168.1355083517,38370.397277064534,92683.24287551615
2200.885885885886,24926.02744791373,17195.202888102485,12151.542785474445,38322.32922143288,92595.10234292355
2207.891891891892,24926.02744791373,17171.834980575833,12135.029102561548,38274.48723504722,92507.37876609832
2214.8978978978976,24926.02744791373,17148.57803444247,12118.593834083582,38226.86954178497,92420.06885822475
2221.903903903904,24926.02744791373,17125.43117431504,12102.236361419944,38179.47438504252,92333.16936869123
2228.90990990991,24926.02744791373,17102.393534444258,12085.956072761071,38132.30002746023,92246.67708257929
2235.9159159159162,24926.02744791373,17079.464258582837,12069.752363012303,38085.34475065155,92160.58882016042
2242.921921921922,24926.02744791373,17056.642499851867,12053.624633699434,38038.606854937425,92074.90143640246
2249.927927927928,24926.027447913762,17033.927420609427,12037.57229287588,37992.08465908481,91989.61182048387
2256.933933933934,24926.02744791373,17011.318192321447,12021.594755031414,37945.77650004958,91904.71689531617
2263.93993993994,24926.02744791373,16988.813995434768,12005.691441002455,37899.68073272444,91820.21361707538
2270.9459459459463,24926.02744791373,16966.41401925239,11989.861777883902,37853.7957296902,91736.09897474022
2277.951951951952,24926.02744791373,16944.11746181079,11974.105198942469,37808.11988097199,91652.36998963897
2284.957957957958,24926.027447913762,16921.92352975934,11958.421143531425,37762.6515937992,91569.02371500373
2291.963963963964,24926.02744791373,16899.831438241712,11942.809057006827,37717.38929236935,91486.05723553163
2298.9699699699695,24926.02744791373,16877.840410779347,11927.268390645142,37672.331417616544,91403.46766695476
2305.975975975976,24926.02744791373,16855.949679156787,11911.798601562226,37627.47642698286,91321.2521556156
2312.981981981982,24926.02744791373,16834.158483308995,11896.399152633696,37582.82279419438,91239.4078780508
2319.987987987988,24926.02744791373,16812.466071210485,11881.069512416561,37538.36900904027,91157.93204058104
2326.993993993994,24926.02744791373,16790.871698766314,11865.809155072226,37494.113577156015,91076.82187890829
2333.9999999999995,24926.02744791373,16769.37462970491,11850.617560290713,37450.05501980997,90996.07465771932
2341.006006006006,24926.02744791373,16747.97413547261,11835.494213216163,37406.1918736934,90915.68767029591
2348.012012012012,24926.02744791373,16726.66949512995,11820.43860437353,37362.52269071412,90835.65823813132
2355.018018018018,24926.027447913762,16705.45999524966,11805.450229596507,37319.046037793334,90755.98371055326
2362.024024024024,24926.02744791373,16684.34492981633,11790.528589956608,37275.76049666573,90676.6614643524
2369.0300300300296,24926.02744791373,16663.323600127696,11775.673191693426,37232.66466368337,90597.68890341822
2376.036036036036,24926.027447913762,16642.395314697525,11760.883546145984,37189.75714962184,90519.0634583791
2383.042042042042,24926.02744791373,16621.559389160084,11746.159169685248,37147.036579490166,90440.78258624923
2390.0480480480483,24926.02744791373,16600.815146176134,11731.49958364767,37104.50159234383,90362.84377008137
2397.054054054054,24926.02744791373,16580.161915340464,11716.904314269863,37062.15084110036,90285.24451862441
2404.06006006006,24926.027447913762,16559.5990330909,11702.372892624286,37019.982992358215,90207.98236598716
2411.066066066066,24926.02744791373,16539.125842618716,11687.904854555945,36977.99672621824,90131.05487130664
2418.072072072072,24926.02744791373,16518.741693780557,11673.499740620144,36936.190736108554,90054.45961842299
2425.0780780780783,24926.027447913762,16498.445943011717,11659.15709602119,36894.563728611465,89978.19421555813
2432.084084084084,24926.02744791373,16478.23795324079,11644.87647055211,36853.11442329353,89902.25629500016
2439.09009009009,24926.027447913762,16458.11709380568,11630.657418535258,36811.84155253851,89826.6435127932
2446.096096096096,24926.027447913762,16438.082740370945,11616.499498763927,36770.74386138225,89751.3535484309
2453.102102102102,24926.02744791373,16418.134274846412,11602.402274444834,36729.82010735092,89676.3841045559
2460.1081081081084,24926.02744791373,16398.271085307104,11588.365313141523,36689.06906030136,89601.7329066637
2467.1141141141143,24926.02744791373,16378.492565914376,11574.388186718641,36648.48950226388,89527.39770281063
2474.12012012012,24926.027447913762,16358.798116838328,11560.470471287117,36608.08022728779,89453.376263327
2481.126126126126,24926.027447913762,16339.187144181375,11546.611747150131,36567.84004128889,89379.66638053415
2488.132132132132,24926.027447913762,16319.65905990306,11532.811598749993,36527.767761899915,89306.26586846673
2495.1381381381384,24926.02744791373,16300.213281745959,11519.06961461578,36487.862218322676,89233.17256259813
2502.1441441441443,24926.02744791373,16280.849233162782,11505.385387311822,36448.12225118292,89160.38431957125
2509.1501501501502,24926.02744791373,16261.566343244562,11491.758513386947,36408.546712387055,89087.8990169323
2516.1561561561566,24926.027447913762,16242.36404664998,11478.18859332454,36369.13446498145,89015.71455286973
2523.1621621621616,24926.02744791373,16223.241783535741,11464.675231493342,36329.88438301341,88943.82884595622
2530.168168168168,24926.02744791373,16204.198999488011,11451.218036098999,36290.795351394874,88872.23983489562
2537.174174174174,24926.02744791373,16185.235145454893,11437.816619136343,36251.86626576754,88800.94547827251
2544.1801801801803,24926.02744791373,16166.349677679964,11424.47059634242,36213.09603237041,88729.94375430653
2551.186186186186,24926.02744791373,16147.542057636781,11411.17958715021,36174.48356790931,88659.23266061003
2558.192192192192,24926.02744791373,16128.811751964377,11397.943214643044,36136.0277994282,88588.81021394936
2565.198198198198,24926.02744791373,16110.158232403719,11384.761105509697,36097.72766418257,88518.67445000971
2572.204204204204,24926.027447913762,16091.580975735169,11371.632890000194,36059.58210951468,88448.8234231638
2579.2102102102103,24926.02744791373,16073.079463716796,11358.558201882219,36021.59009273053,88379.25520624328
2586.2162162162163,24926.02744791373,16054.653183023704,11345.536678398237,35983.750580979024,88309.9678903147
2593.222222222222,24926.02744791373,16036.30162518817,11332.567960223188,35946.06255113246,88240.95958445755
2600.228228228228,24926.02744791373,16018.02428654074,11319.651691422861,35908.52498966909,88172.22841554641
2607.234234234234,24926.02744791373,15999.820668152151,11306.787519412865,35871.1368925573,88103.77252803603
2614.2402402402404,24926.02744791373,15981.690275776133,11293.975094918176,35833.897265141575,88035.59008374962
2621.2462462462463,24926.027447913762,15963.632619793067,11281.214071933364,35796.805122030106,87967.6792616703
2628.252252252252,24926.02744791373,15945.647215154419,11268.504107683286,35759.8594869838,87900.03825773523
2635.258258258258,24926.02744791373,15927.73358132801,11255.844862584438,35723.05939280749,87832.66528463367
2642.264264264264,24926.02744791373,15909.891242244146,11243.236000206865,35686.40388124206,87765.5585716068
2649.2702702702704,24926.02744791373,15892.119726242414,11230.677187236583,35649.89200285859,87698.71636425132
2656.2762762762763,24926.02744791373,15874.418566019369,11218.168093438582,35613.52281695385,87632.13692432553
2663.2822822822823,24926.02744791373,15856.787298576863,11205.708391620352,35577.29539144728,87565.81852955822
2670.2882882882886,24926.02744791373,15839.225465171252,11193.297757595943,35541.208802779634,87499.75947346055
2677.294294294294,24926.027447913762,15821.732611263204,11180.935870150535,35505.26213581285,87433.95806514035
2684.3003003003005,24926.02744791373,15804.308286468313,11168.622411005508,35469.45448373142,87368.41262911898
2691.3063063063064,24926.02744791373,15786.952044508394,11156.357064784039,35433.78494794541,87303.12150515156
2698.3123123123123,24926.02744791373,15769.663443163476,11144.13951897717,35398.25263799445,87238.08304804882
2705.3183183183187,24926.02744791373,15752.442044224461,11131.96946391036,35362.856671453366,87173.29562750191
2712.3243243243246,24926.02744791373,15735.287413446506,11119.846592710534,35327.596173839134,87108.7576279099
2719.3303303303305,24926.027447913762,15718.199120503,11107.770601273562,35292.47027851903,87044.46744820935
2726.3363363363364,24926.027447913762,15701.176738940238,11095.741188232225,35257.47812662009,86980.42350170632
2733.3423423423424,24926.027447913762,15684.21984613272,11083.758054924629,35222.61886694006,86916.62421591117
2740.3483483483483,24926.02744791373,15667.328023239093,11071.820905363074,35187.89165585927,86853.06803237516
2747.354354354354,24926.027447913762,15650.500855158676,11059.929446203321,35153.29565725408,86789.75340652984
2754.36036036036,24926.02744791373,15633.73793048863,11048.083386714328,35118.83004241102,86726.6788075277
2761.366366366366,24926.027447913762,15617.038841481712,11036.282438748405,35084.49398994294,86663.84271808682
2768.3723723723724,24926.02744791373,15600.403184004606,11024.526316711752,35050.2866857053,86601.24363433539
2775.3783783783783,24926.02744791373,15583.830557496876,11012.814737535464,35016.20732271473,86538.88006566081
2782.3843843843842,24926.02744791373,15567.320564930402,11001.147420646857,34982.25510106763,86476.75053455861
2789.39039039039,24926.02744791373,15550.872812769485,10989.524087941281,34948.42922786076,86414.85357648526
2796.396396396396,24926.02744791373,15534.48691093143,10977.944463754266,34914.72891711244,86353.18773971187
2803.4024024024025,24926.02744791373,15518.162472747661,10966.40827483403,34881.15338968494,86291.75158518036
2810.4084084084084,24926.02744791373,15501.899114925436,10954.915250314445,34847.701873208,86230.5436863616
2817.4144144144143,24926.02744791373,15485.696457510041,10943.465121688294,34814.373602003354,86169.56262911542
2824.4204204204207,24926.02744791373,15469.554123847496,10932.057622780936,34781.16781701024,86108.8070115524
2831.426426426426,24926.027447913762,15453.471740547768,10920.692489724303,34748.08376571201,86048.27544389784
2838.4324324324325,24926.02744791373,15437.448937448511,10909.369460931282,34715.120702063454,85987.96654835698
2845.4384384384384,24926.027447913762,15421.485347579317,10898.088277070432,34682.277886419855,85927.87895898338
2852.4444444444443,24926.02744791373,15405.580607126327,10886.848681041001,34649.55458546578,85868.01132154684
2859.4504504504507,24926.02744791373,15389.734355397502,10875.650417948367,34616.950072146145,85808.36229340575
2866.4564564564566,24926.02744791373,15373.946234788193,10864.493235079706,34584.46362559718,85748.93054337881
2873.4624624624626,24926.027447913762,15358.215890747284,10853.376881880082,34552.0945310789,85689.71475162002
2880.4684684684685,24926.02744791373,15342.542971743753,10842.3011099288,34519.842079908216,85630.7136094945
2887.4744744744744,24926.02744791373,15326.927129233658,10831.265672916079,34487.70556939317,85571.92581945664
2894.4804804804808,24926.02744791373,15311.368017627585,10820.270326620046,34455.684302767644,85513.350094929
2901.4864864864867,24926.027447913762,15295.865294258538,10809.314828884066,34423.77758912743,85454.9851601838
2908.4924924924926,24926.02744791373,15280.418619350236,10798.398939594303,34391.98474336667,85396.82975022495
2915.4984984984985,24926.02744791373,15265.02765598582,10787.522420657628,34360.30508611563,85338.88261067281
2922.5045045045044,24926.02744791373,15249.69207007702,10776.685035979835,34328.73794367874,85281.14249764933
2929.510510510511,24926.02744791373,15234.411530333648,10765.886551444057,34297.28264797391,85223.60817766534
2936.5165165165167,24926.027447913762,15219.185708233603,10755.126734889596,34265.93853647243,85166.27842750939
2943.5225225225226,24926.027447913762,15204.01427799315,10744.405356090905,34234.704952139604,85109.15203413743
2950.5285285285286,24926.02744791373,15188.896916537667,10733.722186736917,34203.58124337632,85052.22779456463
2957.5345345345345,24926.02744791373,15173.83330347274,10723.077000410622,34172.56676396134,84995.50451575842
2964.5405405405404,24926.02744791373,15158.823121055659,10712.469572568922,34141.66087299418,84938.98101453249
2971.5465465465463,24926.027447913762,15143.866054167247,10701.899680522722,34110.862934838915,84882.65611744265
2978.5525525525527,24926.02744791373,15128.961790284084,10691.367103417306,34080.17231906851,84826.52866068363
2985.558558558558,24926.027447913762,15114.110019451087,10680.871622212944,34049.58840041034,84770.59748998814
2992.5645645645645,24926.02744791373,15099.31043425443,10670.413019665784,34019.110558691595,84714.86146052554
2999.5705705705705,24926.02744791373,15084.562729794801,10659.991080308922,33988.73817878626,84659.31943680372
3006.5765765765764,24926.02744791373,15069.866603661058,10649.60559043381,33958.47065056214,84603.97029257074
3013.5825825825827,24926.02744791373,15055.221755904151,10639.256338071807,33928.30736882885,84548.81291071854
3020.5885885885887,24926.02744791373,15040.627889011426,10628.943112976038,33898.24773328646,84493.84618318765
3027.5945945945946,24926.02744791373,15026.084707881217,10618.665706603419,33868.291148474585,84439.06901087295
3034.6006006006005,24926.027447913762,15011.59191979782,10608.423912096994,33838.4370237225,84384.48030353108
3041.6066066066064,24926.02744791373,14997.149234406721,10598.217524268413,33808.6847730994,84330.07897968826
3048.612612612613,24926.02744791373,14982.756363690161,10588.046339580675,33779.03381536582,84275.86396655039
3055.6186186186187,24926.027447913762,14968.413021943035,10577.910156131074,33749.48357392522,84221.83419991311
3062.6246246246246,24926.02744791373,14954.11892574905,10567.808773634384,33720.03347677623,84167.98862407339
3069.6306306306305,24926.02744791373,14939.873793957213,10557.74199340622,33690.68295646599,84114.32619174317
3076.6366366366365,24926.027447913762,14925.677347658604,10547.709618346626,33661.43145004336,84060.84586396234
3083.642642642643,24926.027447913762,14911.52931016344,10537.711452923877,33632.27839901308,84007.54661001416
3090.6486486486488,24926.02744791373,14897.429406978434,10527.74730315847,33603.22324929065,83954.42740734128
3097.6546546546547,24926.02744791373,14883.377365784396,10517.816976607292,33574.26545115748,83901.48724146289
3104.6606606606606,24926.02744791373,14869.372916414195,10507.920282348061,33545.40445921669,83848.72510589268
3111.6666666666665,24926.02744791373,14855.415790830884,10498.05703096385,33516.63973234946,83796.14000205792
3118.672672672673,24926.027447913762,14841.505723106195,10488.227034527903,33487.970733672,83743.73093921987
3125.678678678679,24926.02744791373,14827.64244939925,10478.430106588587,33459.39693049282,83691.49693439438
3132.684684684685,24926.02744791373,14813.825707935528,10468.66606215452,33430.91779427094,83639.43701227472
3139.6906906906906,24926.02744791373,14800.055238986113,10458.934717679911,33402.532800574125,83587.55020515388
3146.6966966966966,24926.027447913762,14786.330784847205,10449.235891050095,33374.24142903796,83535.83555284902
3153.702702702703,24926.02744791373,14772.652089819814,10439.569401567162,33346.04316332519,83484.29210262588
3160.708708708709,24926.02744791373,14759.01890018982,10429.935069935866,33317.93749108598,83432.9189091254
3167.7147147147152,24926.02744791373,14745.430964208144,10420.332718249638,33289.92390391803,83381.71503428955
3174.7207207207202,24926.02744791373,14731.888032071265,10410.762169976788,33262.001897327704,83330.67954728949
3181.7267267267266,24926.02744791373,14718.38985590191,10401.22324994687,33234.17097069135,83279.81152445386
3188.7327327327325,24926.027447913762,14704.936189730015,10391.715784337239,33206.43062721725,83229.11004919827
3195.7387387387384,24926.027447913762,14691.526789473874,10382.239600659708,33178.780373907764,83178.57421195511
3202.744744744745,24926.02744791373,14678.161412921574,10372.794527747446,33151.219721522335,83128.2031101051
3209.7507507507507,24926.02744791373,14664.839819712597,10363.380395741973,33123.748184540615,83077.99584790891
3216.7567567567567,24926.02744791373,14651.561771319657,10353.997036080302,33096.36528112607,83027.95153643977
3223.7627627627626,24926.02744791373,14638.32703103079,10344.644281482328,33069.070533090126,82978.06929351698
3230.7687687687685,24926.027447913762,14625.135363931606,10335.321965938241,33041.86346585671,82928.34824364033
3237.774774774775,24926.027447913762,14611.986536887782,10326.029924696182,33014.7436084271,82878.78751792482
3244.780780780781,24926.027447913762,14598.880318527772,10316.767994250009,32987.71049334546,82829.386254037
3251.7867867867867,24926.027447913762,14585.816479225683,10307.536012327206,32960.76365666444,82780.14359613109
3258.7927927927926,24926.02744791373,14572.79479108439,10298.333817876943,32933.9026379114,82731.05869478646
3265.7987987987985,24926.027447913762,14559.815027918841,10289.161251058285,32907.12698005508,82682.13070694597
3272.804804804805,24926.02744791373,14546.87696523955,10280.01815322852,32880.43622947232,82633.35879585412
3279.810810810811,24926.02744791373,14533.980380236295,10270.904366931649,32853.82993591572,82584.74213099739
3286.8168168168168,24926.027447913762,14521.125051761996,10261.819735886971,32827.30765248113,82536.27988804386
3293.8228228228227,24926.02744791373,14508.310760316792,10252.764104977858,32800.8689355758,82487.97124878419
3300.8288288288286,24926.02744791373,14495.537288032288,10243.737320240609,32774.51334488701,82439.81540107363
3307.834834834835,24926.02744791373,14482.804418656024,10234.739228853474,32748.240443350736,82391.81153877397
3314.840840840841,24926.02744791373,14470.111937536069,10225.769679125757,32722.04979712093,82343.95886169649
3321.8468468468473,24926.02744791373,14457.459631605836,10216.828520487119,32695.94097553909,82296.25657554578
3328.8528528528527,24926.02744791373,14444.847289369065,10207.915603476922,32669.91355110417,82248.70389186389
3335.8588588588586,24926.027447913762,14432.274700884967,10199.030779733761,32643.967099442867,82201.30002797535
3342.864864864865,24926.02744791373,14419.74165775353,10190.173901985068,32618.101199280038,82154.04420693236
3349.870870870871,24926.02744791373,14407.247953101047,10181.344824036896,32592.31543241001,82106.93565746168
3356.8768768768773,24926.02744791373,14394.793381565752,10172.543400763745,32566.609383667514,82059.97361391074
3363.882882882883,24926.027447913762,14382.377739283633,10163.76948809856,32540.98264089943,82013.15731619539
3370.8888888888887,24926.02744791373,14370.000823874436,10155.022943022834,32515.43479493664,81966.48600974763
3377.894894894895,24926.02744791373,14357.662434427797,10146.3036235568,32489.965439566426,81919.95894546475
3384.900900900901,24926.027447913762,14345.36237148956,10137.611388749761,32464.574171504875,81873.57537965797
3391.906906906907,24926.02744791373,14333.100437048204,10128.946098670522,32439.260590369715,81827.33457400218
3398.912912912913,24926.02744791373,14320.876434521495,10120.30761439792,32414.024298653738,81781.23579548688
3405.9189189189187,24926.027447913762,14308.690168743216,10111.69579801148,32388.864901698053,81735.27831636652
3412.9249249249247,24926.027447913762,14296.541445950099,10103.110512582161,32363.782007665828,81689.46141411185
3419.9309309309306,24926.02744791373,14284.430073768872,10094.551622163202,32338.775227516566,81643.78437136237
3426.936936936937,24926.027447913762,14272.355861203469,10086.018991781102,32313.844174980444,81598.24647587878
3433.942942942943,24926.027447913762,14260.318618622388,10077.512487426662,32288.988466532686,81552.8470204955
3440.948948948949,24926.027447913762,14248.318157746178,10069.031976046155,32264.207721368868,81507.58530307497
3447.9549549549547,24926.027447913762,14236.354291635058,10060.57732553258,32239.50156137986,81462.46062646127
3454.9609609609606,24926.02744791373,14224.426834676702,10052.148404717014,32214.869611127462,81417.4722984349
3461.966966966967,24926.02744791373,14212.535602574135,10043.745083360083,32190.311497820137,81372.61963166809
3468.972972972973,24926.02744791373,14200.680412333777,10035.367232143491,32165.82685128899,81327.90194367999
3475.9789789789793,24926.027447913762,14188.86108225362,10027.014722661672,32141.41530396415,81283.31855679321
3482.9849849849847,24926.02744791373,14177.0774319115,10018.687427413508,32117.076490851072,81238.86879808981
3489.9909909909907,24926.02744791373,14165.329282153592,10010.385219794183,32092.81004950785,81194.55199936936
3496.996996996997,24926.027447913762,14153.6164550829,10002.10797408708,32068.61562002181,81150.36749710556
3504.0030030030034,24926.02744791373,14141.938774047992,9993.855565455775,32044.49284498694,81106.31463240444
3511.0090090090093,24926.02744791373,14130.296063631791,9985.627869936156,32020.44136948172,81062.3927509634
3518.0150150150153,24926.02744791373,14118.688149640499,9977.42476442858,31996.4608410466,81018.60120302941
3525.0210210210207,24926.027447913762,14107.114859092679,9969.24612669015,31972.550909662274,80974.93934335886
3532.0270270270266,24926.02744791373,14095.576020208393,9961.091835327057,31948.71122772776,80931.40653117694
3539.0330330330335,24926.02744791373,14084.071462398528,9952.96176978702,31924.941450039278,80888.00213013856
3546.0390390390394,24926.02744791373,14072.601016254164,9944.855810351777,31901.241233768633,80844.7255082883
3553.0450450450453,24926.027447913762,14061.164513536152,9936.77383812973,31877.61023844248,80801.57603802212
3560.051051051051,24926.027447913762,14049.761787164678,9928.715735048556,31854.04812592134,80758.55309604833
3567.0570570570567,24926.02744791373,14038.39267120908,9920.681383848021,31830.554560379198,80715.65606335003
3574.0630630630635,24926.027447913762,14027.057000877663,9912.670668072775,31807.129208283186,80672.88432514737
3581.0690690690694,24926.02744791373,14015.754612507679,9904.683472065282,31783.771738373223,80630.23727085991
3588.0750750750753,24926.02744791373,14004.485343555412,9896.719680958797,31760.481821642457,80587.71429407039
3595.0810810810813,24926.02744791373,13993.249032586338,9888.779180670424,31737.2591313173,80545.3147924878
3602.0870870870867,24926.02744791373,13982.045519265443,9880.861857894273,31714.10334283806,80503.03816791151
3609.0930930930936,24926.027447913762,13970.874644347581,9872.967600094647,31691.014133839693,80460.88382619568
3616.099099099099,24926.027447913762,13959.73624966799,9865.096295499328,31667.991184132654,80418.85117721374
3623.105105105105,24926.02744791373,13948.630178132878,9857.247833092943,31645.034175684068,80376.93963482362
3630.111111111111,24926.02744791373,13937.556273710119,9849.422102610371,31622.1427925992,80335.14861683342
3637.117117117117,24926.02744791373,13926.514381420038,9841.618994530247,31599.31672110271,80293.47754496674
3644.123123123123,24926.027447913762,13915.504347326314,9833.838400068524,31576.555649520662,80251.92584482927
3651.129129129129,24926.02744791373,13904.526018526969,9826.080211172099,31553.859268262167,80210.49294587497
3658.135135135135,24926.02744791373,13893.579243145428,9818.344320512511,31531.227269801795,80169.17828137346
3665.141141141141,24926.027447913762,13882.663870321709,9810.630621479706,31508.65934866166,80127.98128837683
3672.147147147147,24926.02744791373,13871.7797502037,9802.939008175872,31486.155201393845,80086.90140768715
3679.153153153153,24926.027447913762,13860.92673393849,9795.269375409318,31463.71452656342,80045.93808382499
3686.159159159159,24926.02744791373,13850.104673663865,9787.621618688456,31441.33702473078,80005.09076499683
3693.165165165165,24926.02744791373,13839.313422499785,9779.995634215782,31419.022398435147,79964.35890306445
3700.171171171171,24926.027447913762,13828.552834540073,9772.391318882012,31396.770352177504,79923.74195351335
3707.177177177177,24926.02744791373,13817.822764844086,9764.808570260177,31374.580592403912,79883.23937542191
3714.1831831831832,24926.02744791373,13807.123069428528,9757.247286599859,31352.452827489335,79842.85063143146
3721.189189189189,24926.027447913762,13796.453605259354,9749.707366821447,31330.38676772114,79802.5751877157
3728.195195195195,24926.02744791373,13785.814230243708,9742.18871051046,31308.382125282915,79762.41251395081
3735.201201201201,24926.027447913762,13775.204803221997,9734.691217911935,31286.43861423887,79722.36208328657
3742.207207207208,24926.027447913762,13764.625183960015,9727.214789924861,31264.55595051758,79682.42337231622
3749.2132132132133,24926.02744791373,13754.07523314116,9719.759328096687,31242.733851896734,79642.5958610483
3756.219219219219,24926.027447913762,13743.554812358736,9712.32473461787,31220.97203798759,79602.87903287796
3763.225225225225,24926.02744791373,13733.063784108312,9704.910912316485,31199.270230219438,79563.27237455797
3770.231231231231,24926.027447913762,13722.602011780182,9697.517764652894,31177.628151824803,79523.77537617164
3777.237237237238,24926.02744791373,13712.169359651896,9690.145195714464,31156.045527824117,79484.3875311042
3784.243243243244,24926.02744791373,13701.765692880868,9682.793110210347,31134.522085011195,79445.10833601614
3791.2492492492493,24926.02744791373,13691.390877497031,9675.46141346629,31113.057551938244,79405.93729081529
3798.255255255255,24926.027447913762,13681.044780395634,9668.150011419542,31091.65165890154,79366.87389863048
3805.261261261261,24926.02744791373,13670.727269330024,9660.858810613756,31070.30413792682,79327.91766578433
3812.267267267268,24926.02744791373,13660.438212904584,9653.587718194001,31049.01472275532,79289.06810176764
3819.273273273274,24926.02744791373,13650.177480567685,9646.33664190176,31027.783148829374,79250.32471921254
3826.2792792792798,24926.027447913762,13639.94494260472,9639.105490070051,31006.60915327862,79211.68703386716
3833.2852852852848,24926.02744791373,13629.740470131253,9631.894171618535,30985.49247490605,79173.15456456956
3840.2912912912907,24926.02744791373,13619.563935086151,9624.702596048699,30964.4328541745,79134.72683322309
3847.2972972972975,24926.02744791373,13609.415210224875,9617.530673439102,30943.430033192915,79096.40336477062
3854.3033033033034,24926.02744791373,13599.294169112783,9610.378314440639,30922.483755703026,79058.18368717018
3861.3093093093094,24926.02744791373,13589.200686118504,9603.245430271862,30901.593767066028,79020.06733137011
3868.315315315315,24926.02744791373,13579.134636407407,9596.13193271437,30880.75981424947,78982.05383128498
3875.3213213213207,24926.027447913762,13569.095895935103,9589.037734108208,30859.981645814223,78944.1427237713
3882.3273273273276,24926.02744791373,13559.084341441037,9581.962747347337,30839.259011901468,78906.33354860356
3889.3333333333335,24926.02744791373,13549.099850442108,9574.906885875147,30818.591664220192,78868.62584845118
3896.3393393393394,24926.027447913762,13539.142301226402,9567.870063679995,30797.979356034306,78831.01916885447
3903.3453453453453,24926.027447913762,13529.211572846953,9560.852195290825,30777.421842150183,78793.51305820173
3910.351351351351,24926.02744791373,13519.307545115555,9553.853195772776,30756.918878904326,78756.10706770638
3917.3573573573576,24926.02744791373,13509.430098596682,9546.872980722892,30736.47022415114,78718.80075138443
3924.3633633633635,24926.02744791373,13499.579114601416,9539.911466265838,30716.075637250637,78681.59366603162
3931.3693693693695,24926.02744791373,13489.754475181462,9532.968569049659,30695.734879056487,78644.48537120133
3938.3753753753754,24926.02744791373,13479.95606312323,9526.044206241606,30675.447711904115,78607.47542918268
3945.3813813813813,24926.02744791373,13470.183761941933,9519.138295523959,30655.21389959886,78570.56340497849
3952.3873873873877,24926.027447913762,13460.437455875805,9512.250755089943,30635.033207404376,78533.74886628389
3959.3933933933936,24926.02744791373,13450.71702988032,9505.381503639652,30614.90540203087,78497.03138346458
3966.3993993993995,24926.027447913762,13441.022369622486,9498.530460375998,30594.83025162396,78460.41052953621
3973.4054054054054,24926.02744791373,13431.353361475216,9491.697545000747,30574.807525752956,78423.88588014265
3980.4114114114113,24926.02744791373,13421.709892511717,9484.882677710555,30554.836995399968,78387.45701353597
3987.4174174174177,24926.027447913762,13412.09185049995,9478.085779193043,30534.918432948554,78351.1235105553
3994.4234234234236,24926.027447913762,13402.499123897158,9471.306770622934,30515.051612172712,78314.88495460656
4001.4294294294295,24926.02744791373,13392.93160184443,9464.545573658219,30495.23630822605,78278.74093164242
4008.4354354354355,24926.02744791373,13383.389174161297,9457.802110436327,30475.472297630997,78242.69103014235
4015.4414414414414,24926.02744791373,13373.871731340441,9451.076303570395,30455.75935826798,78206.73484109255
4022.4474474474478,24926.02744791373,13364.379164542383,9444.3680761455,30436.097269364873,78170.87195796648
4029.4534534534537,24926.02744791373,13354.911365590275,9437.677351715001,30416.48581148649,78135.1019767055
4036.4594594594596,24926.02744791373,13345.468226964722,9431.00405429686,30396.924766524233,78099.42449569954
4043.4654654654655,24926.027447913762,13336.049641798632,9424.348108370012,30377.41391768568,78063.83911576809
4050.471471471471,24926.02744791373,13326.655503872164,9417.709438870794,30357.95304948439,78028.34544014107
4057.4774774774774,24926.027447913762,13317.285707607687,9411.087971189376,30338.541947730017,77992.94307444085
4064.4834834834833,24926.02744791373,13307.94014806479,9404.483631166251,30319.18039951786,77957.63162666264
4071.489489489489,24926.02744791373,13298.61872093535,9397.89634508872,30299.86819321943,77922.41070715722
4078.495495495495,24926.027447913762,13289.321322538643,9391.326039687476,30280.605118472264,77887.27992861214
4085.501501501501,24926.02744791373,13280.0478498165,9384.77264213315,30261.390966170256,77852.23890603363
4092.507507507508,24926.027447913762,13270.798200328509,9378.23608003293,30242.22552845424,77817.28725672944
4099.513513513514,24926.027447913762,13261.572272247267,9371.716281427209,30223.108598702074,77782.42460029031
4106.51951951952,24926.027447913762,13252.36996435366,9365.21317478625,30204.03997151951,77747.65055857318
4113.525525525526,24926.027447913762,13243.191176032205,9358.726689006884,30185.019442730598,77712.96475568345
4120.531531531532,24926.02744791373,13234.035807266438,9352.256753409265,30166.04680936848,77678.36681795791
4127.537537537538,24926.027447913762,13224.903758634322,9345.803297733613,30147.121869666265,77643.85637394797
4134.543543543544,24926.02744791373,13215.794931303717,9339.366252137024,30128.244423047665,77609.43305440214
4141.54954954955,24926.02744791373,13206.709227027906,9332.945547190293,30109.41427011831,77575.09649225025
4148.555555555556,24926.02744791373,13197.646548141109,9326.541113874759,30090.63121265649,77540.84632258609
4155.561561561562,24926.02744791373,13188.606797554103,9320.1528835792,30071.895053604472,77506.68218265151
4162.5675675675675,24926.02744791373,13179.589878749835,9313.780788096745,30053.20559705964,77472.60371181995
4169.573573573573,24926.027447913762,13170.595695779111,9307.424759621808,30034.56264826584,77438.61055158052
4176.579579579579,24926.02744791373,13161.6241532563,9301.084730747061,30015.966013604644,77404.70234552174
4183.585585585585,24926.02744791373,13152.67515635507,9294.760634460441,29997.415500587038,77370.87873931628
4190.591591591591,24926.02744791373,13143.74861080421,9288.452404142157,29978.910917844707,77337.1393807048
4197.597597597597,24926.02744791373,13134.844422883432,9282.15997356176,29960.452075121782,77303.4839194807
4204.603603603603,24926.02744791373,13125.962499419249,9275.883276875209,29942.03878326651,77269.9120074747
4211.609609609609,24926.027447913762,13117.102747780878,9269.622248621981,29923.670854223004,77236.42329853962
4218.615615615615,24926.02744791373,13108.265075876181,9263.376823722216,29905.348101023013,77203.01744853515
4225.621621621622,24926.02744791373,13099.449392147651,9257.14693747385,29887.070337778063,77169.6941153133
4232.627627627628,24926.02744791373,13090.655605568425,9250.932525549828,29868.837379671175,77136.45295870316
4239.6336336336335,24926.02744791373,13081.883625638333,9244.733523995297,29850.649042949077,77103.29364049644
4246.639639639639,24926.02744791373,13073.133362379993,9238.549869224844,29832.505144914303,77070.21582443287
4253.645645645645,24926.02744791373,13064.404726334918,9232.381498019762,29814.4055039174,77037.21917618581
4260.651651651652,24926.02744791373,13055.6976285597,9226.228347525323,29796.349939349173,77004.30336334792
4267.657657657657,24926.02744791373,13047.011980622186,9220.090355248112,29778.338271633074,76971.46805541709
4274.663663663663,24926.02744791373,13038.347694597705,9213.96745905333,29760.370322217575,76938.71292378234
4281.669669669669,24926.02744791373,13029.704683065342,9207.859597162176,29742.44591356867,76906.03764170992
4288.675675675675,24926.02744791373,13021.082859104226,9201.766708149229,29724.56486916242,76873.4418843296
4295.681681681682,24926.02744791373,13012.482136289851,9195.688730939832,29706.727013477564,76840.92532862097
4302.687687687688,24926.02744791373,13003.902428690453,9189.625604807537,29688.932171988177,76808.4876533999
4309.693693693694,24926.02744791373,12995.343650863397,9183.577269371563,29671.180171156455,76776.12853930515
4316.6996996996995,24926.02744791373,12986.805717851586,9177.543664594252,29653.470838425503,76743.84766878508
4323.705705705705,24926.02744791373,12978.288545179961,9171.52473077858,29635.80400221219,76711.64472608446
4330.711711711712,24926.027447913762,12969.792048851952,9165.520408565675,29618.17949190018,76679.51939723158
4337.717717717718,24926.02744791373,12961.316145346002,9159.530638932347,29600.5971378327,76647.47137002478
4344.723723723724,24926.02744791373,12952.860751612145,9153.55536318866,29583.056771305935,76615.50033402047
4351.729729729729,24926.027447913762,12944.425785068568,9147.594522975533,29565.558224561923,76583.60598051979
4358.735735735735,24926.02744791373,12936.011163598216,9141.648060262301,29548.10133078167,76551.78800255591
4365.741741741742,24926.027447913762,12927.616805545455,9135.715917344389,29530.68592407871,76520.0460948823
4372.747747747748,24926.02744791373,12919.242629712739,9129.798036840939,29513.31183949202,76488.37995395943
4379.753753753754,24926.027447913762,12910.888555357293,9123.894361692479,29495.97891297977,76456.7892779433
4386.75975975976,24926.027447913762,12902.554502187866,9118.004835158614,29478.686981412335,76425.27376667257
4393.7657657657655,24926.02744791373,12894.24039036148,9112.129400815731,29461.4358825661,76393.83312165704
4400.771771771772,24926.02744791373,12885.946140480211,9106.268002554747,29444.225455116906,76362.46704606559
4407.777777777778,24926.02744791373,12877.671673588029,9100.420584578833,29427.055538633544,76331.17524471413
4414.783783783784,24926.027447913762,12869.416911167604,9094.587091401201,29409.92597357149,76299.95742405405
4421.78978978979,24926.02744791373,12861.181775137202,9088.767467842885,29392.836601266536,76268.81329216035
4428.795795795795,24926.02744791373,12852.966187847584,9082.961659030552,29375.787263928676,76237.74255872054
4435.801801801802,24926.02744791373,12844.770072078913,9077.169610394325,29358.777804635785,76206.74493502275
4442.807807807808,24926.02744791373,12836.59335103773,9071.391267665636,29341.808067327536,76175.82013394464
4449.813813813814,24926.02744791373,12828.435948353908,9065.626576875076,29324.877896799306,76144.96786994202
4456.81981981982,24926.02744791373,12820.297788077674,9059.875484350305,29307.987138696168,76114.18785903788
4463.825825825826,24926.02744791373,12812.178794676629,9054.137936713918,29291.13563950688,76083.47981881115
4470.8318318318325,24926.027447913762,12804.078893032796,9048.41388088139,29274.32324655799,76052.84346838594
4477.837837837838,24926.02744791373,12795.998008439734,9042.70326405901,29257.549808007858,76022.27852842033
4484.843843843844,24926.02744791373,12787.936066599606,9037.00603374182,29240.815172841063,75991.78472109622
4491.84984984985,24926.02744791373,12779.892993620333,9031.32213771161,29224.119190862362,75961.36177010804
4498.855855855856,24926.02744791373,12771.868716012727,9025.651524034882,29207.461712691103,75931.00940065245
4505.861861861862,24926.027447913762,12763.863160687706,9019.994141060892,29190.84258975556,75900.72733941792
4512.867867867868,24926.02744791373,12755.876254953459,9014.349937419633,29174.261674287136,75870.51531457396
4519.873873873874,24926.02744791373,12747.907926512715,9008.718862019912,29157.7188193151,75840.37305576145
4526.87987987988,24926.027447913762,12739.958103459947,9003.100864047377,29141.213878660725,75810.30029408181
4533.885885885886,24926.02744791373,12732.02671427869,8997.495892962623,29124.746706931917,75780.29676208696
4540.891891891893,24926.02744791373,12724.113687838813,8991.903898499253,29108.317159517912,75750.3621937697
4547.8978978978985,24926.02744791373,12716.218953393844,8986.324830662004,29091.92509258366,75720.49632455324
4554.903903903904,24926.02744791373,12708.342440578323,8980.758639724858,29075.570363064613,75690.69889128153
4561.90990990991,24926.02744791373,12700.484079405156,8975.205276229188,29059.25282866137,75660.96963220944
4568.915915915916,24926.02744791373,12692.643800263015,8969.664690981906,29042.972347834424,75631.30828699307
4575.921921921922,24926.02744791373,12684.821533913733,8964.136835053647,29026.728779798963,75601.71459668007
4582.927927927928,24926.027447913762,12677.017211489752,8958.621659776925,29010.52198451971,75572.18830370015
4589.933933933934,24926.02744791373,12669.230764491562,8953.119116744369,28994.35182270564,75542.72915185531
4596.939939939939,24926.027447913762,12661.462124785196,8947.629157806916,28978.21815580525,75513.33688631112
4603.945945945946,24926.02744791373,12653.7112245997,8942.151735072046,28962.120846001046,75484.01125358652
4610.951951951952,24926.02744791373,12645.977996524663,8936.686800902024,28946.059756204962,75454.75200154538
4617.957957957958,24926.02744791373,12638.262373507763,8931.234307912173,28930.034750053128,75425.5588793868
4624.963963963964,24926.02744791373,12630.56428885231,8925.794208969133,28914.045691901083,75396.43163763625
4631.9699699699695,24926.02744791373,12622.883676214835,8920.366457189157,28898.092446818813,75367.37002813653
4638.975975975976,24926.027447913762,12615.220469602678,8914.951005936415,28882.17488058604,75338.3738040389
4645.981981981982,24926.02744791373,12607.574603371617,8909.547808821302,28866.292859687182,75309.44271979383
4652.987987987988,24926.02744791373,12599.946012223505,8904.156819698788,28850.44625130696,75280.57653114299
4659.993993993993,24926.02744791373,12592.334631203921,8898.777992666743,28834.634923325328,75251.77499510972
4666.999999999999,24926.02744791373,12584.740395699851,8893.411282064306,28818.85874431299,75223.03786999088
4674.006006006006,24926.02744791373,12577.163241437396,8888.056642470252,28803.117583526717,75194.3649153481
4681.012012012012,24926.02744791373,12569.603104479453,8882.714028701384,28787.411310904692,75165.75589199926
4688.018018018018,24926.027447913762,12562.05992122349,8877.383395810923,28771.73979706204,75137.21056201021
4695.024024024024,24926.02744791373,12554.533628399276,8872.064699086923,28756.102913286148,75108.72868868608
4702.03003003003,24926.02744791373,12547.02416306665,8866.757894050701,28740.500531532387,75080.31003656346
4709.036036036036,24926.02744791373,12539.531462613331,8861.462936455275,28724.93252441951,75051.95437140185
4716.042042042042,24926.027447913762,12532.055464752699,8856.1797822838,28709.39876522522,75023.66146017548
4723.048048048048,24926.027447913762,12524.59610752163,8850.908387748052,28693.899127881843,74995.43107106528
4730.054054054054,24926.02744791373,12517.153329278352,8845.648709286881,28678.433486971957,74967.26297345092
4737.060060060059,24926.02744791373,12509.727068700293,8840.400703564726,28663.001717724193,74939.15693790294
4744.066066066066,24926.02744791373,12502.317264781954,8835.164327470091,28647.60369600874,74911.11273617452
4751.072072072072,24926.02744791373,12494.923856832815,8829.93953811407,28632.239298333287,74883.1301411939
4758.078078078078,24926.02744791373,12487.546784475247,8824.726292828862,28616.908401838704,74855.20892705655
4765.084084084084,24926.02744791373,12480.185987642433,8819.524549166334,28601.610884294958,74827.34886901746
4772.09009009009,24926.02744791373,12472.841406576317,8814.334264896523,28586.34662409689,74799.54974348345
4779.0960960960965,24926.02744791373,12465.51298182557,8809.155398006245,28571.115500260177,74771.81132800572
4786.102102102102,24926.02744791373,12458.200654243568,8803.987906697632,28555.917392417206,74744.13340127213
4793.108108108108,24926.02744791373,12450.904364986383,8798.831749386733,28540.752180813062,74716.51574309991
4800.114114114114,24926.02744791373,12443.624055510796,8793.6868847021,28525.6197463015,74688.95813442813
4807.12012012012,24926.027447913762,12436.359667572331,8788.553271483403,28510.51997034104,74661.46035731054
4814.126126126126,24926.02744791373,12429.11114322328,8783.430868780031,28495.452734990784,74634.02219490783
4821.132132132132,24926.02744791373,12421.878424810779,8778.319635849733,28480.417922906916,74606.64343148116
4828.138138138138,24926.027447913762,12414.661454974883,8773.219532157264,28465.41541733845,74579.32385238436
4835.144144144144,24926.02744791373,12407.460176646639,8768.130517373012,28450.445102123434,74552.06324405682
4842.15015015015,24926.02744791373,12400.274533046204,8763.052551371678,28435.506861685382,74524.861394017
4849.156156156157,24926.027447913762,12393.104467680962,8757.985594230935,28420.60058102922,74497.71809085488
4856.1621621621625,24926.02744791373,12385.949924343655,8752.929606230122,28405.726145737528,74470.63312422503
4863.168168168168,24926.02744791373,12378.810847110537,8747.884547848922,28390.88344196704,74443.60628484024
4870.174174174174,24926.02744791373,12371.687180339535,8742.850379766078,28376.072356444685,74416.63736446403
4877.18018018018,24926.02744791373,12364.578868668426,8737.827062858098,28361.29277646407,74389.72615590433
4884.186186186186,24926.02744791373,12357.485857013044,8732.81455819798,28346.544589881785,74362.87245300654
4891.192192192192,24926.02744791373,12350.408090565457,8727.812827053944,28331.827685113756,74336.0760506469
4898.198198198198,24926.02744791373,12343.345514792214,8722.821830888171,28317.141951131714,74309.33674472582
4905.204204204204,24926.02744791373,12336.298075432587,8717.841531355574,28302.487277459644,74282.65433216153
4912.21021021021,24926.027447913762,12329.265718496788,8712.871890302533,28287.863554170217,74256.02861088331
4919.216216216217,24926.027447913762,12322.248390264258,8707.912869765689,28273.270671881215,74229.45937982493
4926.222222222223,24926.02744791373,12315.246037281935,8702.964431970717,28258.708521752185,74202.94643891856
4933.2282282282285,24926.02744791373,12308.258606362548,8698.026539331124,28244.176995481033,74176.48958908844
4940.2342342342345,24926.02744791373,12301.286044582903,8693.099154447033,28229.67598530037,74150.08863224403
4947.24024024024,24926.02744791373,12294.328299282231,8688.182240104019,28215.205383974328,74123.74337127431
4954.246246246247,24926.02744791373,12287.385318060486,8683.275759271903,28200.76508479508,74097.45361004121
4961.252252252252,24926.02744791373,12280.457048776709,8678.379675103606,28186.354981579578,74071.21915337362
4968.258258258258,24926.02744791373,12273.543439547373,8673.493950933962,28171.97496866614,74045.0398070612
4975.264264264264,24926.02744791373,12266.644438744748,8668.618550278577,28157.62494091126,74018.91537784832
4982.27027027027,24926.02744791373,12259.759994995296,8663.753436832692,28143.30479368626,73992.84567342798
4989.276276276277,24926.02744791373,12252.890057178056,8658.898574470033,28129.0144228741,73966.83050243591
4996.282282282283,24926.02744791373,12246.034574423038,8654.053927241686,28114.75372486612,73940.86967444458
5003.288288288289,24926.02744791373,12239.193496109672,8649.219459375003,28100.522596558905,73914.96299995731
5010.294294294295,24926.027447913762,12232.366771865192,8644.395135272443,28086.320935351054,73889.11029040246
5017.3003003003005,24926.027447913762,12225.554351563127,8639.580919510534,28072.14863914006,73863.31135812748
5024.306306306307,24926.027447913762,12218.756185321714,8634.776776838717,28058.005606319213,73837.56601639341
5031.312312312313,24926.02744791373,12211.97222350241,8629.982672178317,28043.89173577449,73811.87407936895
5038.318318318318,24926.02744791373,12205.202416708307,8625.198570621433,28029.806926881523,73786.235362125
5045.324324324323,24926.02744791373,12198.446715782686,8620.424437429881,28015.75107950246,73760.64968062876
5052.33033033033,24926.02744791373,12191.705071807477,8615.66023803414,28001.724093983004,73735.11685173835
5059.336336336336,24926.02744791373,12184.977436101775,8610.905938032276,27987.725871149403,73709.63669319719
5066.342342342342,24926.02744791373,12178.263760220392,8606.161503188947,27973.756312305475,73684.20902362854
5073.348348348348,24926.02744791373,12171.563995952343,8601.42689943431,27959.81531922962,73658.83366253
5080.354354354354,24926.02744791373,12164.878095319451,8596.702092863037,27945.90279417195,73633.51043026817
5087.360360360361,24926.02744791373,12158.20601057485,8591.987049733281,27932.018639851303,73608.23914807316
5094.3663663663665,24926.02744791373,12151.547694201576,8587.281736465648,27918.162759452385,73583.01963803334
5101.372372372372,24926.02744791373,12144.903098911169,8582.586119642225,27904.335056622942,73557.85172309008
5108.378378378378,24926.02744791373,12138.272177642215,8577.900166005553,27890.53543547082,73532.73522703232
5115.384384384384,24926.02744791373,12131.654883558982,8573.223842457655,27876.76380056126,73507.66997449163
5122.39039039039,24926.02744791373,12125.051170050008,8568.557116059052,27863.020056913956,73482.65579093675
5129.396396396396,24926.02744791373,12118.460990726751,8563.899954027775,27849.30411000041,73457.69250266867
5136.402402402402,24926.02744791373,12111.884299422183,8559.252323738423,27835.615865741045,73432.77993681538
5143.408408408408,24926.027447913762,12105.321050189457,8554.614192721174,27821.955230502605,73407.917921327
5150.414414414414,24926.02744791373,12098.771197300564,8549.98552866086,27808.322111095207,73383.10628497036
5157.420420420421,24926.02744791373,12092.234695244962,8545.366299395999,27794.716414769962,73358.34485732466
5164.426426426427,24926.02744791373,12085.711498728291,8540.756472917868,27781.13804921599,73333.63346877588
5171.4324324324325,24926.02744791373,12079.201562671018,8536.15601736957,27767.586922557934,73308.97195051225
5178.438438438438,24926.02744791373,12072.70484220715,8531.564901045112,27754.062943353267,73284.36013451926
5185.444444444444,24926.02744791373,12066.221292682925,8526.983092388473,27740.566020589657,73259.79785357478
5192.45045045045,24926.02744791373,12059.75086965553,8522.410559992715,27727.0960636824,73235.28494124438
5199.456456456456,24926.02744791373,12053.29352889182,8517.84727259906,27713.652982471798,73210.82123187641
5206.462462462462,24926.02744791373,12046.849226367043,8513.293199096004,27700.23668722065,73186.40656059743
5213.468468468468,24926.027447913762,12040.417918263582,8508.748308518421,27686.84708861167,73162.04076330744
5220.474474474474,24926.02744791373,12033.999560969705,8504.212570046677,27673.48409774486,73137.72367667497
5227.480480480481,24926.02744791373,12027.594111078324,8499.685953005759,27660.14762613526,73113.45513813308
5234.486486486487,24926.027447913762,12021.20152538576,8495.168426864398,27646.837585710255,73089.23498587418
5241.492492492493,24926.02744791373,12014.821760890516,8490.659961234205,27633.553888807037,73065.0630588455
5248.4984984984985,24926.02744791373,12008.454774792068,8486.160525868814,27620.296448170444,73040.93919674505
5255.504504504504,24926.02744791373,12002.100524489657,8481.670090663029,27607.065176950247,73016.86324001667
5262.510510510511,24926.027447913762,11995.758967581092,8477.18862565198,27593.85998869887,72992.83502984571
5269.516516516516,24926.02744791373,11989.43006186156,8472.716101010274,27580.680797368885,72968.85440815444
5276.522522522522,24926.02744791373,11983.113765322445,8468.252487051179,27567.527517310813,72944.92121759817
5283.528528528528,24926.02744791373,11976.810036150151,8463.79775422577,27554.400063270543,72921.03530156019
5290.534534534534,24926.027447913762,11970.518832724976,8459.35187312215,27541.29835038721,72897.1965041481
5297.540540540541,24926.02744791373,11964.240113619891,8454.914814464577,27528.22229419053,72873.40467018873
5304.546546546547,24926.02744791373,11957.973837599466,8450.486549112704,27515.171810598946,72849.65964522485
5311.552552552553,24926.02744791373,11951.719963618678,8446.06704806075,27502.146815916927,72825.96127551008
5318.558558558559,24926.02744791373,11945.478450821809,8441.65628243671,27489.147226832876,72802.30940800512
5325.5645645645645,24926.02744791373,11939.249258541322,8437.254223501563,27476.172960416854,72778.70389037346
5332.570570570571,24926.02744791373,11933.032346296743,8432.860842648473,27463.22393411829,72755.14457097724
5339.576576576577,24926.02744791373,11926.827673793558,8428.476111402035,27450.300065763782,72731.63129887311
5346.582582582583,24926.02744791373,11920.635200922114,8424.100001417472,27437.401273554864,72708.16392380818
5353.588588588588,24926.02744791373,11914.45488775654,8419.732484479879,27424.527476065818,72684.74229621596
5360.594594594594,24926.02744791373,11908.286694553644,8415.37353250346,27411.678592241486,72661.36626721232
5367.600600600601,24926.027447913762,11902.13058175187,8411.023117530762,27398.854541395107,72638.0356885915
5374.606606606607,24926.02744791373,11895.986509970202,8406.681211731926,27386.055243206076,72614.75041282193
5381.612612612613,24926.02744791373,11889.854440007131,8402.347787403953,27373.280617718065,72591.51029304288
5388.618618618619,24926.02744791373,11883.73433283959,8398.022816969928,27360.53058533656,72568.3151830598
5395.624624624625,24926.02744791373,11877.626149621901,8393.706272978314,27347.805066826983,72545.16493734093
5402.6306306306315,24926.02744791373,11871.529851684783,8389.398128102212,27335.10398331255,72522.05941101328
5409.636636636637,24926.02744791373,11865.445400534258,8385.098355138622,27322.42725627215,72498.99845985876
5416.642642642643,24926.02744791373,11859.372757850695,8380.80692700774,27309.77480753832,72475.98194031048
5423.648648648649,24926.02744791373,11853.31188548775,8376.52381675223,27297.14655929519,72453.0097094489
5430.654654654654,24926.02744791373,11847.262745471378,8372.248997536508,27284.542434076455,72430.08162499807
5437.660660660661,24926.02744791373,11841.22529999884,8367.982442646058,27271.962354763335,72407.19754532196
5444.666666666667,24926.027447913762,11835.1995114377,8363.72412548671,27259.40624458264,72384.35732942082
5451.672672672673,24926.02744791373,11829.185342324843,8359.474019583944,27246.874027104575,72361.56083692709
5458.678678678679,24926.02744791373,11823.182755365495,8355.232098582213,27234.36562624112,72338.80792810256
5465.684684684685,24926.027447913762,11817.191713432254,8350.998336244245,27221.880966243756,72316.09846383402
5472.690690690691,24926.02744791373,11811.212179564125,8346.772706450369,27209.419971701533,72293.43230562976
5479.696696696697,24926.027447913762,11805.244116965563,8342.555183197823,27196.982567539413,72270.80931561656
5486.7027027027025,24926.02744791373,11799.287489005517,8338.3457406001,27184.56867901594,72248.22935653529
5493.708708708708,24926.02744791373,11793.342259216499,8334.144352886278,27172.17823172178,72225.69229173829
5500.714714714714,24926.02744791373,11787.408391293633,8329.950994400353,27159.811151577436,72203.19798518515
5507.72072072072,24926.02744791373,11781.48584909372,8325.765639600566,27147.467364831555,72180.74630143958
5514.726726726726,24926.027447913762,11775.574596634338,8321.588263058784,27135.146798059082,72158.33710566597
5521.732732732732,24926.02744791373,11769.674598092886,8317.418839459817,27122.849378159233,72135.97026362567
5528.738738738738,24926.02744791373,11763.785817805716,8313.257343600799,27110.575032353947,72113.6456416742
5535.744744744745,24926.027447913762,11757.908220267187,8309.10375039053,27098.323688185763,72091.36310675724
5542.750750750751,24926.027447913762,11752.041770128793,8304.95803484885,27086.095273516094,72069.1225264075
5549.756756756757,24926.02744791373,11746.18643219826,8300.820172106009,27073.889716523518,72046.92376874152
5556.762762762763,24926.02744791373,11740.342171438657,8296.69013740203,27061.706945701928,72024.76670245634
5563.7687687687685,24926.027447913762,11734.508952967522,8292.567906086106,27049.546889858706,72002.6511968261
5570.774774774775,24926.02744791373,11728.68674205599,8288.453453615964,27037.40947811295,71980.57712169863
5577.78078078078,24926.02744791373,11722.875504127904,8284.346755557253,27025.294639893855,71958.54434749275
5584.786786786786,24926.02744791373,11717.075204758976,8280.247787582945,27013.202304938794,71936.55274519444
5591.792792792792,24926.027447913762,11711.285809675928,8276.156525472721,27001.132403291722,71914.60218635412
5598.798798798798,24926.02744791373,11705.507284755626,8272.072945112377,26989.084865301305,71892.69254308305
5605.804804804805,24926.02744791373,11699.739596024248,8267.99702249322,26977.059621619443,71870.82368805064
5612.810810810811,24926.02744791373,11693.98270965645,8263.928733711478,26965.056603199355,71848.99549448102
5619.816816816817,24926.02744791373,11688.236591974503,8259.868054967708,26953.075741293982,71827.20783614993
5626.822822822823,24926.027447913762,11682.501209447511,8255.814962566223,26941.116967454367,71805.46058738187
5633.828828828829,24926.027447913762,11676.776528690554,8251.76943291449,26929.180213527827,71783.75362304664
5640.834834834835,24926.02744791373,11671.062516463882,8247.73144252258,26917.265411656503,71762.0868185567
5647.840840840841,24926.02744791373,11665.359139672113,8243.700968002571,26905.372494275634,71740.46004986405
5654.846846846846,24926.02744791373,11659.66636536341,8239.67798606799,26893.501394111896,71718.87319345702
5661.852852852852,24926.02744791373,11653.9841607287,8235.662473533257,26881.652044181817,71697.3261263575
5668.858858858858,24926.02744791373,11648.31249310087,8231.654407313097,26869.824377790184,71675.81872611788
5675.864864864865,24926.02744791373,11642.651329953978,8227.653764422017,26858.018328528415,71654.35087081813
5682.870870870871,24926.02744791373,11637.000638902477,8223.660521973721,26846.233830273013,71632.92243906294
5689.876876876877,24926.02744791373,11631.360387700424,8219.674657180582,26834.47081718397,71611.53330997871
5696.882882882883,24926.02744791373,11625.730544240716,8215.696147353083,26822.729223703187,71590.18336321072
5703.888888888889,24926.02744791373,11620.111076554325,8211.724969899282,26811.008984552976,71568.87247892031
5710.8948948948955,24926.027447913762,11614.501952809527,8207.761102324266,26799.310034734477,71547.60053778203
5717.900900900901,24926.02744791373,11608.903141311153,8203.804522229631,26787.63230952607,71526.36742098059
5724.906906906907,24926.02744791373,11603.314610499832,8199.855207312929,26775.975744482043,71505.17301020853
5731.912912912913,24926.02744791373,11597.736328951238,8195.913135367151,26764.340275430848,71484.01718766298
5738.918918918918,24926.02744791373,11592.168265375365,8191.978284280206,26752.72583847376,71462.89983604307
5745.924924924925,24926.02744791373,11586.610388615776,8188.050632034401,26741.132369983312,71441.82083854722
5752.930930930931,24926.02744791373,11581.062667648874,8184.13015670591,26729.55980660186,71420.78007887038
5759.936936936937,24926.02744791373,11575.525071583168,8180.216836464271,26718.00808524006,71399.77744120122
5766.942942942943,24926.02744791373,11569.997569658566,8176.310649571876,26706.477143075448,71378.81281021962
5773.948948948949,24926.027447913762,11564.480131245646,8172.411574383458,26694.96691755101,71357.88607109388
5780.954954954956,24926.02744791373,11558.97272584495,8168.519589345594,26683.477346373587,71336.99710947786
5787.9609609609615,24926.02744791373,11553.47532308626,8164.634672996196,26672.008367512713,71316.1458115089
5794.966966966967,24926.02744791373,11547.987892727917,8160.756803964024,26660.559919198957,71295.33206380463
5801.972972972973,24926.02744791373,11542.510404656112,8156.885960968183,26649.131939922612,71274.55575346065
5808.978978978979,24926.02744791373,11537.04282888419,8153.0221228176415,26637.724368432286,71253.81676804785
5815.984984984985,24926.02744791373,11531.585135551953,8149.165268410733,26626.33714373342,71233.11499560984
5822.990990990991,24926.02744791373,11526.137294925,8145.315376734686,26614.970205087095,71212.45032466052
5829.996996996997,24926.02744791373,11520.699277394022,8141.472426865127,26603.623492008443,71191.82264418132
5837.003003003003,24926.02744791373,11515.271053474127,8137.636397965616,26592.296944265396,71171.23184361887
5844.009009009009,24926.02744791373,11509.852593804195,8133.807269287169,26580.99050187733,71150.67781288242
5851.015015015016,24926.02744791373,11504.44386914618,8129.985020167782,26569.704105113666,71130.16044234135
5858.021021021022,24926.02744791373,11499.04485038446,8126.169630031966,26558.43769449255,71109.6796228227
5865.0270270270275,24926.02744791373,11493.655508525184,8122.361078390284,26547.191210779536,71089.23524560872
5872.0330330330335,24926.02744791373,11488.275814695606,8118.55934483888,26535.964594986253,71068.82720243448
5879.039039039039,24926.02744791373,11482.905740143447,8114.7644090590375,26524.757788369083,71048.4553854853
5886.045045045045,24926.02744791373,11477.545256236244,8110.976250816701,26513.57073242786,71028.11968739453
5893.051051051051,24926.02744791373,11472.194334460704,8107.194849962035,26502.403368904565,71007.82000124104
5900.057057057057,24926.02744791373,11466.852946422086,8103.420186428989,26491.255639782088,70987.55622054689
5907.063063063062,24926.027447913762,11461.521063843538,8099.652240234808,26480.12748728288,70967.328239275
5914.069069069069,24926.027447913762,11456.19865856549,8095.890991479636,26469.01885386764,70947.13595182654
5921.075075075075,24926.027447913762,11450.88570254503,8092.136420346042,26457.929682234222,70926.97925303906
5928.081081081081,24926.027447913762,11445.582167855273,8088.388507098595,26446.859915316218,70906.85803818385
5935.087087087087,24926.02744791373,11440.288026684746,8084.647232083428,26435.80949628175,70886.77220296365
5942.093093093093,24926.027447913762,11435.003251336786,8080.9125757278,26424.77836853235,70866.7216435107
5949.0990990990995,24926.02744791373,11429.727814228916,8077.184518539669,26413.76647570145,70846.70625638377
5956.105105105105,24926.02744791373,11424.461687892255,8073.463041107267,26402.773761653512,70826.72593856677
5963.11111111111,24926.02744791373,11419.20484497091,8069.748124098672,26391.800170482522,70806.78058746582
5970.117117117116,24926.027447913762,11413.95725822137,8066.0397482613835,26380.84564651096,70786.87010090747
5977.123123123122,24926.027447913762,11408.718900511936,8062.337894421912,26369.910134288453,70766.99437713606
5984.129129129129,24926.027447913762,11403.489744822113,8058.642543485358,26358.993578590733,70747.15331481196
5991.135135135135,24926.02744791373,11398.26976424202,8054.95367643499,26348.09592441831,70727.34681300906
5998.141141141141,24926.02744791373,11393.058931971838,8051.271274331849,26337.217116995496,70707.57477121291
6005.147147147147,24926.02744791373,11387.857221321196,8047.595318314333,26326.357101768983,70687.83708931824
6012.153153153153,24926.02744791373,11382.66460570863,8043.925789597792,26315.51582440688,70668.13366762703
6019.15915915916,24926.02744791373,11377.481058660973,8040.262669474115,26304.69323079741,70648.46440684622
6026.1651651651655,24926.02744791373,11372.306553812832,8036.605939311348,26293.889267047896,70628.82920808581
6033.171171171171,24926.02744791373,11367.141064905994,8032.955580553282,26283.103879483544,70609.22797285655
6040.177177177177,24926.027447913762,11361.984565788878,8029.311574719057,26272.337014646324,70589.66060306803
6047.183183183182,24926.02744791373,11356.837030415982,8025.673903402788,26261.588619293794,70570.1270010263
6054.189189189189,24926.02744791373,11351.69843284731,8022.042548273139,26250.85864039814,70550.62706943232
6061.195195195195,24926.027447913762,11346.568747247855,8018.417491072974,26240.1470251449,70531.16071137949
6068.201201201201,24926.02744791373,11341.447947887029,8014.798713618947,26229.453720931848,70511.72783035155
6075.207207207207,24926.02744791373,11336.33600913814,8011.186197801129,26218.778675368132,70492.32833022113
6082.213213213213,24926.02744791373,11331.232905477822,8007.579925582615,26208.12183627285,70472.96211524702
6089.21921921922,24926.02744791373,11326.138611485534,8003.979878999165,26197.483151674245,70453.62909007267
6096.225225225226,24926.02744791373,11321.053101843016,8000.386040158812,26186.86256980846,70434.32915972402
6103.2312312312315,24926.02744791373,11315.976351333751,7996.7983912414975,26176.26003911855,70415.06222960753
6110.237237237237,24926.02744791373,11310.908334842452,7993.216914498695,26165.67550825339,70395.82820550827
6117.243243243243,24926.02744791373,11305.84902735453,7989.641592253041,26155.108926066605,70376.62699358791
6124.249249249249,24926.02744791373,11300.79840395559,7986.072406897978,26144.560241615553,70357.45850038284
6131.255255255255,24926.02744791373,11295.756439830902,7982.509340897381,26134.02940416028,70338.32263280229
6138.261261261261,24926.02744791373,11290.723110264893,7978.952376785196,26123.51636316244,70319.21929812626
6145.267267267267,24926.02744791373,11285.698390640648,7975.401497165085,26113.021068284314,70300.14840400378
6152.273273273273,24926.02744791373,11280.682256439375,7971.8566847100565,26102.54346938775,70281.10985845092
6159.27927927928,24926.02744791373,11275.674683239935,7968.317922162134,26092.083516533145,70262.10356984894
6166.285285285286,24926.02744791373,11270.67564671834,7964.785192331982,26081.64115997852,70243.12944694258
6173.291291291292,24926.02744791373,11265.685122647239,7961.258478098565,26071.21635017837,70224.18739883791
6180.2972972972975,24926.02744791373,11260.703086895424,7957.737762408796,26060.809037782783,70205.27733500073
6187.303303303303,24926.02744791373,11255.729515427356,7954.22302827718,26050.419173636365,70186.39916525464
6194.309309309309,24926.02744791373,11250.764384302676,7950.7142587855,26040.046708777336,70167.55279977925
6201.315315315315,24926.02744791373,11245.807669675709,7947.211437082439,26029.691594436466,70148.73814910834
6208.321321321321,24926.027447913762,11240.859347794998,7943.7145463832685,26019.353782036225,70129.95512412826
6215.327327327327,24926.027447913762,11235.919395002804,7940.223569969485,26009.03322318958,70111.20363607563
6222.333333333333,24926.02744791373,11230.987787734657,7936.738491188501,25998.729869699306,70092.4835965362
6229.33933933934,24926.02744791373,11226.064502518866,7933.259293453291,25988.443673556903,70073.79491744279
6236.345345345346,24926.02744791373,11221.14951597606,7929.78596024207,25978.174586941605,70055.13751107347
6243.351351351352,24926.02744791373,11216.242804818714,7926.318475097958,25967.9225622195,70036.51129004991
6250.357357357358,24926.02744791373,11211.344345850692,7922.856821628665,25957.687551942574,70017.91616733567
6257.3633633633635,24926.02744791373,11206.454115966777,7919.400983506144,25947.469508847786,69999.35205623443
6264.36936936937,24926.02744791373,11201.572092152219,7915.950944466281,25937.26838585608,69980.8188703883
6271.375375375375,24926.02744791373,11196.698251482298,7912.506688308587,25927.084136071604,69962.31652377622
6278.381381381381,24926.02744791373,11191.832571121824,7909.068198895844,25916.91671278061,69943.844930712
6285.387387387387,24926.02744791373,11186.975028324752,7905.635460153822,25906.766069450725,69925.40400584303
6292.393393393393,24926.02744791373,11182.125600433672,7902.208456070939,25896.632159729877,69906.99366414822
6299.3993993994,24926.02744791373,11177.284264879418,7898.787170697967,25886.514937445554,69888.61382093666
6306.405405405406,24926.02744791373,11172.450999180584,7895.371588147699,25876.41435660377,69870.26439184578
6313.411411411412,24926.02744791373,11167.625780943123,7891.9616925946575,25866.330371388292,69851.94529283981
6320.417417417418,24926.02744791373,11162.80858785988,7888.557468274778,25856.262936159692,69833.65644020808
6327.423423423424,24926.02744791373,11157.99939771017,7885.158899485102,25846.212005454454,69815.39775056345
6334.4294294294305,24926.02744791373,11153.198188359369,7881.765970583481,25836.17753398417,69797.16914084075
6341.435435435436,24926.02744791373,11148.404937758443,7878.378665988259,25826.15947663461,69778.97052829505
6348.4414414414405,24926.027447913762,11143.619623943567,7874.996970177991,25816.15778846493,69760.80183050025
6355.447447447446,24926.02744791373,11138.842225035663,7871.6208676911265,25806.172424706656,69742.66296534718
6362.453453453453,24926.02744791373,11134.072719240015,7868.250343125727,25796.203340763106,69724.55385104258
6369.459459459459,24926.02744791373,11129.31108484582,7864.8853811391555,25786.250492208277,69706.47440610698
6376.465465465465,24926.027447913762,11124.557300225806,7861.525966447805,25776.313834786164,69688.42454937354
6383.471471471471,24926.02744791373,11119.81134383578,7858.17208382678,25766.39332440977,69670.40419998606
6390.477477477477,24926.02744791373,11115.073194214256,7854.823718109633,25756.488917160535,69652.41327739815
6397.483483483484,24926.02744791373,11110.342829982024,7851.480854188057,25746.60056928725,69634.45170137106
6404.48948948949,24926.02744791373,11105.620229841752,7848.143477011606,25736.728237205345,69616.51939197243
6411.495495495496,24926.02744791373,11100.905372577587,7844.811571587415,25726.871877496094,69598.61626957482
6418.5015015015015,24926.027447913762,11096.198237054741,7841.48512297991,25717.031446905778,69580.7422548542
6425.507507507507,24926.027447913762,11091.49880221911,7838.1641163105305,25707.20690234482,69562.89726878822
6432.513513513513,24926.027447913762,11086.807047096872,7834.848536757451,25697.39820088708,69545.08123265517
6439.519519519519,24926.02744791373,11082.122950794086,7831.5383695552955,25687.605299769024,69527.29406803213
6446.525525525525,24926.02744791373,11077.446492496312,7828.233599994874,25677.828156388932,69509.53569679384
6453.531531531531,24926.027447913762,11072.777651468223,7824.934213422898,25668.066728306105,69491.80604111099
6460.537537537537,24926.02744791373,11068.11640705321,7821.640195241714,25658.320973240003,69474.10502344866
6467.543543543544,24926.027447913762,11063.462738672997,7818.351530909018,25648.59084906968,69456.43256656545
6474.54954954955,24926.027447913762,11058.81662582728,7815.068205937612,25638.87631383275,69438.7885935114
6481.555555555556,24926.02744791373,11054.178048093316,7811.790205895111,25629.177325724788,69421.17302762694
6488.561561561562,24926.02744791373,11049.546985125573,7808.517516403689,25619.493843098586,69403.58579254158
6495.5675675675675,24926.02744791373,11044.923416655345,7805.250123139815,25609.825824463245,69386.02681217213
6502.573573573573,24926.027447913762,11040.307322490371,7801.988011833978,25600.173228483556,69368.49601072168
6509.579579579579,24926.027447913762,11035.698682514481,7798.7311682704385,25590.53601397913,69350.9933126778
6516.585585585585,24926.02744791373,11031.097476687224,7795.479578286968,25580.914139923767,69333.51864281169
6523.591591591591,24926.02744791373,11026.503685043484,7792.233227774576,25571.307565444702,69316.07192617649
6530.597597597597,24926.02744791373,11021.917287693137,7788.992102677267,25561.71624982176,69298.6530881059
6537.603603603604,24926.02744791373,11017.33826482068,7785.756188991783,25552.140152486718,69281.26205421292
6544.60960960961,24926.02744791373,11012.766596684887,7782.5254727673455,25542.5792330226,69263.89875038856
6551.615615615616,24926.02744791373,11008.202263618423,7779.299940105403,25533.03345116282,69246.56310280037
6558.621621621622,24926.02744791373,11003.645246027498,7776.079577159375,25523.5027667906,69229.2550378912
6565.627627627628,24926.02744791373,10999.09552439154,7772.864370134419,25513.98713993818,69211.97448237787
6572.6336336336335,24926.02744791373,10994.553079262809,7769.654305287169,25504.486530786144,69194.72136324985
6579.639639639639,24926.02744791373,10990.017891266069,7766.44936892549,25495.000899662675,69177.49560776797
6586.645645645645,24926.02744791373,10985.48994109823,7763.24954740823,25485.530207042884,69160.29714346307
6593.651651651651,24926.027447913762,10980.969209528002,7760.054827144983,25476.074413548075,69143.12589813482
6600.657657657657,24926.027447913762,10976.45567739557,7756.865194595848,25466.633479945078,69125.98179985027
6607.663663663664,24926.027447913762,10971.949325612235,7753.680636271185,25457.207367145562,69108.86477694275
6614.66966966967,24926.02744791373,10967.450135160068,7750.501138731359,25447.7960362053,69091.77475801046
6621.675675675676,24926.02744791373,10962.958087091605,7747.32668858654,25438.399448323602,69074.71167191547
6628.681681681682,24926.02744791373,10958.473162529477,7744.157272496426,25429.01756484247,69057.6754477821
6635.687687687688,24926.02744791373,10953.995342666096,7740.9928771700315,25419.65034724604,69040.66601499589
6642.6936936936945,24926.02744791373,10949.524608763319,7737.833489365444,25410.297757159864,69023.68330320236
6649.6996996997,24926.02744791373,10945.060942152115,7734.6790958895945,25400.95975635027,69006.7272423057
6656.705705705705,24926.02744791373,10940.60432423225,7731.52968359803,25391.63630672368,68989.7977624677
6663.711711711711,24926.02744791373,10936.154736471952,7728.3852393946745,25382.327370325955,68972.89479410631
6670.717717717717,24926.027447913762,10931.712160407571,7725.245750231602,25373.032909341713,68956.01826789464
6677.723723723724,24926.02744791373,10927.276577643293,7722.111203108815,25363.752886093687,68939.16811475952
6684.72972972973,24926.027447913762,10922.847969850809,7718.981585074027,25354.48726304221,68922.34426588082
6691.735735735736,24926.02744791373,10918.42631876896,7715.856883222401,25345.236002784244,68905.54665268934
6698.741741741742,24926.02744791373,10914.011606203469,7712.737084696369,25335.999068053115,68888.77520686669
6705.747747747748,24926.027447913762,10909.603814026617,7709.622176685393,25326.77642171768,68872.02986034346
6712.753753753755,24926.02744791373,10905.202924176896,7706.51214642573,25317.56802678158,68855.31054529794
6719.7597597597605,24926.027447913762,10900.808918658742,7703.406981200235,25308.37384638293,68838.61719415567
6726.765765765766,24926.027447913762,10896.421779542205,7700.306668338135,25299.193843793386,68821.9497395875
6733.771771771772,24926.027447913762,10892.041488962637,7697.211195214798,25290.02798241767,68805.30811450887
6740.777777777777,24926.02744791373,10887.668029120397,7694.120549251539,25280.87622579293,68788.6922520786
6747.783783783784,24926.02744791373,10883.301382280546,7691.034717915392,25271.738537588164,68772.10208569784
6754.78978978979,24926.02744791373,10878.941530772541,7687.953688718901,25262.614881603484,68755.53754900866
6761.795795795796,24926.027447913762,10874.588456989935,7684.877449219904,25253.505221769658,68738.99857589326
6768.801801801802,24926.027447913762,10870.242143390078,7681.80598702132,25244.40952214733,68722.48510047249
6775.807807807808,24926.027447913762,10865.902572493824,7678.739289770955,25235.32774692659,68705.99705710512
6782.813813813814,24926.027447913762,10861.569726885235,7675.677345161273,25226.259860426297,68689.53438038655
6789.81981981982,24926.02744791373,10857.24358921128,7672.620140929198,25217.20582709346,68673.09700514768
6796.825825825826,24926.02744791373,10852.924142181564,7669.567664855913,25208.16561150274,68656.68486645394
6803.831831831832,24926.02744791373,10848.611368567997,7666.519904766639,25199.139178355726,68640.29789960409
6810.8378378378375,24926.02744791373,10844.305251204554,7663.476848530452,25190.12649248043,68623.93604012916
6817.843843843843,24926.027447913762,10840.005772986953,7660.43848406006,25181.12751883073,68607.5992237915
6824.849849849849,24926.02744791373,10835.712916872391,7657.404799311619,25172.14222248569,68591.28738658343
6831.855855855855,24926.02744791373,10831.426665879246,7654.37578228452,25163.170568649137,68575.00046472663
6838.861861861861,24926.027447913762,10827.147003086791,7651.351421021188,25154.212522648948,68558.73839467068
6845.867867867868,24926.02744791373,10822.87391163494,7648.3317036069,25145.268049936494,68542.50111309206
6852.873873873874,24926.02744791373,10818.607374723937,7645.31661816957,25136.337116086208,68526.28855689344
6859.87987987988,24926.027447913762,10814.347375614107,7642.306152879567,25127.419686794896,68510.10066320233
6866.885885885886,24926.02744791373,10810.093897625546,7639.300295949501,25118.515727881113,68493.93736936989
6873.891891891892,24926.02744791373,10805.84692413788,7636.299035634053,25109.625205284843,68477.79861297051
6880.897897897898,24926.027447913762,10801.606438589986,7633.302360229771,25100.74808506676,68461.68433180028
6887.9039039039035,24926.02744791373,10797.372424479701,7630.31025807487,25091.884333407626,68445.59446387592
6894.909909909909,24926.02744791373,10793.144865363567,7627.322717549056,25083.03391660799,68429.52894743434
6901.915915915915,24926.02744791373,10788.923744856565,7624.339727073324,25074.196801087397,68413.487720931
6908.921921921921,24926.02744791373,10784.709046631844,7621.3612751097835,25065.372953383983,68397.47072303934
6915.927927927928,24926.02744791373,10780.500754420449,7618.3873501614535,25056.562340153843,68381.47789264948
6922.933933933934,24926.027447913762,10776.29885201108,7615.417940772093,25047.764928170665,68365.5091688676
6929.93993993994,24926.02744791373,10772.103323249792,7612.453035526008,25038.98068432491,68349.56449101443
6936.945945945946,24926.02744791373,10767.914152039775,7609.4926230478595,25030.20957562362,68333.64379862498
6943.951951951952,24926.02744791373,10763.73132234107,7606.536692002503,25021.451569189652,68317.74703144695
6950.957957957959,24926.02744791373,10759.554818170307,7603.585231094771,25012.706632261215,68301.87412944002
6957.9639639639645,24926.027447913762,10755.38462360047,7600.638229069329,25003.97473219141,68286.02503277498
6964.9699699699695,24926.02744791373,10751.22072276063,7597.695674710473,24995.25583644759,68270.19968183243
6971.975975975975,24926.02744791373,10747.063099835681,7594.7575568419525,24986.549912611023,68254.39801720239
6978.981981981981,24926.027447913762,10742.91173906611,7591.8238643268,24977.856928376237,68238.6199796829
6985.987987987988,24926.02744791373,10738.766624747726,7588.894586067141,24969.176851550452,68222.86551027905
6992.993993993994,24926.02744791373,10734.62774123143,7585.969711004039,24960.50965005335,68207.13455020255
7000.0,24926.027447913762,10730.495072922935,7583.049228117293,24951.855291916294,68191.42704087029
