WS,fuel,fcrew,ccrew,depr,total
1.0,NaN,NaN,NaN,NaN,NaN
8.006006006006006,NaN,NaN,NaN,NaN,NaN
15.012012012012013,NaN,NaN,NaN,NaN,NaN
22.01801801801802,NaN,NaN,NaN,NaN,NaN
29.024024024024026,NaN,NaN,NaN,NaN,NaN
36.030030030030034,NaN,NaN,NaN,NaN,NaN
43.03603603603604,NaN,NaN,NaN,NaN,NaN
50.04204204204204,NaN,NaN,NaN,NaN,NaN
57.04804804804805,NaN,NaN,NaN,NaN,NaN
64.05405405405405,NaN,NaN,NaN,NaN,NaN
71.06006006006007,NaN,NaN,NaN,NaN,NaN
78.06606606606607,NaN,NaN,NaN,NaN,NaN
85.07207207207207,NaN,NaN,NaN,NaN,NaN
92.07807807807808,NaN,NaN,NaN,NaN,NaN
99.08408408408408,NaN,NaN,NaN,NaN,NaN
106.0900900900901,NaN,NaN,NaN,NaN,NaN
113.0960960960961,NaN,NaN,NaN,NaN,NaN
120.10210210210212,NaN,NaN,NaN,NaN,NaN
127.10810810810811,NaN,NaN,NaN,NaN,NaN
134.11411411411413,NaN,NaN,NaN,NaN,NaN
141.12012012012013,NaN,NaN,NaN,NaN,NaN
148.12612612612614,NaN,NaN,NaN,NaN,NaN
155.13213213213214,NaN,NaN,NaN,NaN,NaN
162.13813813813815,NaN,NaN,NaN,NaN,NaN
169.14414414414415,NaN,NaN,NaN,NaN,NaN
176.15015015015015,NaN,NaN,NaN,NaN,NaN
183.15615615615616,NaN,NaN,NaN,NaN,NaN
190.16216216216216,NaN,NaN,NaN,NaN,NaN
197.16816816816817,NaN,NaN,NaN,NaN,NaN
204.17417417417417,NaN,NaN,NaN,NaN,NaN
211.1801801801802,NaN,NaN,NaN,NaN,NaN
218.1861861861862,NaN,NaN,NaN,NaN,NaN
225.1921921921922,NaN,NaN,NaN,NaN,NaN
232.19819819819818,NaN,NaN,NaN,NaN,NaN
239.20420420420425,NaN,NaN,NaN,NaN,NaN
246.21021021021022,NaN,NaN,NaN,NaN,NaN
253.21621621621622,NaN,NaN,NaN,NaN,NaN
260.22222222222223,NaN,NaN,NaN,NaN,NaN
267.22822822822826,NaN,NaN,NaN,NaN,NaN
274.23423423423424,NaN,NaN,NaN,NaN,NaN
281.24024024024027,NaN,NaN,NaN,NaN,NaN
288.2462462462462,NaN,NaN,NaN,NaN,NaN
295.2522522522523,NaN,NaN,NaN,NaN,NaN
302.25825825825825,NaN,NaN,NaN,NaN,NaN
309.2642642642643,NaN,NaN,NaN,NaN,NaN
316.2702702702702,NaN,NaN,NaN,NaN,NaN
323.2762762762763,NaN,NaN,NaN,NaN,NaN
330.28228228228227,NaN,NaN,NaN,NaN,NaN
337.2882882882883,NaN,NaN,NaN,NaN,NaN
344.2942942942943,NaN,NaN,NaN,NaN,NaN
351.3003003003003,NaN,NaN,NaN,NaN,NaN
358.30630630630634,NaN,NaN,NaN,NaN,NaN
365.3123123123123,NaN,NaN,NaN,NaN,NaN
372.3183183183183,NaN,NaN,NaN,NaN,NaN
379.3243243243243,NaN,NaN,NaN,NaN,NaN
386.33033033033036,NaN,NaN,NaN,NaN,NaN
393.33633633633633,NaN,NaN,NaN,NaN,NaN
400.3423423423423,NaN,NaN,NaN,NaN,NaN
407.34834834834834,NaN,NaN,NaN,NaN,NaN
414.35435435435437,NaN,NaN,NaN,NaN,NaN
421.3603603603604,NaN,NaN,NaN,NaN,NaN
428.3663663663663,NaN,NaN,NaN,NaN,NaN
435.3723723723724,NaN,NaN,NaN,NaN,NaN
442.37837837837833,NaN,NaN,NaN,NaN,NaN
449.3843843843844,NaN,NaN,NaN,NaN,NaN
456.3903903903904,NaN,NaN,NaN,NaN,NaN
463.39639639639637,NaN,NaN,NaN,NaN,NaN
470.4024024024024,NaN,NaN,NaN,NaN,NaN
477.4084084084085,NaN,NaN,NaN,NaN,NaN
484.41441441441435,NaN,NaN,NaN,NaN,NaN
491.42042042042044,NaN,NaN,NaN,NaN,NaN
498.4264264264264,NaN,NaN,NaN,NaN,NaN
505.43243243243245,NaN,NaN,NaN,NaN,NaN
512.4384384384385,NaN,NaN,NaN,NaN,NaN
519.4444444444445,NaN,NaN,NaN,NaN,NaN
526.4504504504504,NaN,NaN,NaN,NaN,NaN
533.4564564564565,NaN,NaN,NaN,NaN,NaN
540.4624624624624,NaN,NaN,NaN,NaN,NaN
547.4684684684685,NaN,NaN,NaN,NaN,NaN
554.4744744744744,NaN,NaN,NaN,NaN,NaN
561.4804804804805,NaN,NaN,NaN,NaN,NaN
568.4864864864866,NaN,NaN,NaN,NaN,NaN
575.4924924924924,NaN,NaN,NaN,NaN,NaN
582.4984984984985,NaN,NaN,NaN,NaN,NaN
589.5045045045046,NaN,NaN,NaN,NaN,NaN
596.5105105105105,NaN,NaN,NaN,NaN,NaN
603.5165165165165,NaN,NaN,NaN,NaN,NaN
610.5225225225225,NaN,NaN,NaN,NaN,NaN
617.5285285285286,NaN,NaN,NaN,NaN,NaN
624.5345345345346,NaN,NaN,NaN,NaN,NaN
631.5405405405404,NaN,NaN,NaN,NaN,NaN
638.5465465465466,NaN,NaN,NaN,NaN,NaN
645.5525525525526,NaN,NaN,NaN,NaN,NaN
652.5585585585585,NaN,NaN,NaN,NaN,NaN
659.5645645645645,NaN,NaN,NaN,NaN,NaN
666.5705705705706,NaN,NaN,NaN,NaN,NaN
673.5765765765766,NaN,NaN,NaN,NaN,NaN
680.5825825825826,NaN,NaN,NaN,NaN,NaN
687.5885885885886,NaN,NaN,NaN,NaN,NaN
694.5945945945946,NaN,NaN,NaN,NaN,NaN
701.6006006006006,NaN,NaN,NaN,NaN,NaN
708.6066066066065,NaN,NaN,NaN,NaN,NaN
715.6126126126127,NaN,NaN,NaN,NaN,NaN
722.6186186186186,NaN,NaN,NaN,NaN,NaN
729.6246246246246,NaN,NaN,NaN,NaN,NaN
736.6306306306307,NaN,NaN,NaN,NaN,NaN
743.6366366366366,NaN,NaN,NaN,NaN,NaN
750.6426426426426,NaN,NaN,NaN,NaN,NaN
757.6486486486486,NaN,NaN,NaN,NaN,NaN
764.6546546546547,NaN,NaN,NaN,NaN,NaN
771.6606606606607,NaN,NaN,NaN,NaN,NaN
778.6666666666666,NaN,NaN,NaN,NaN,NaN
785.6726726726727,NaN,NaN,NaN,NaN,NaN
792.6786786786788,NaN,NaN,NaN,NaN,NaN
799.6846846846846,NaN,NaN,NaN,NaN,NaN
806.6906906906906,NaN,NaN,NaN,NaN,NaN
813.6966966966967,NaN,NaN,NaN,NaN,NaN
820.7027027027027,NaN,NaN,NaN,NaN,NaN
827.7087087087087,NaN,NaN,NaN,NaN,NaN
834.7147147147147,NaN,NaN,NaN,NaN,NaN
841.7207207207208,NaN,NaN,NaN,NaN,NaN
848.7267267267267,NaN,NaN,NaN,NaN,NaN
855.7327327327326,NaN,NaN,NaN,NaN,NaN
862.7387387387387,NaN,NaN,NaN,NaN,NaN
869.7447447447448,NaN,NaN,NaN,NaN,NaN
876.7507507507509,NaN,NaN,NaN,NaN,NaN
883.7567567567567,NaN,NaN,NaN,NaN,NaN
890.7627627627628,NaN,NaN,NaN,NaN,NaN
897.7687687687688,NaN,NaN,NaN,NaN,NaN
904.7747747747748,NaN,NaN,NaN,NaN,NaN
911.7807807807808,NaN,NaN,NaN,NaN,NaN
918.7867867867867,131123.91758196068,21579.44352639348,13538.495468457662,105034.92082042054,271276.77739723236
925.7927927927927,128265.7482830513,21459.785630201368,13504.066996770569,103477.11147138027,266706.7123814035
932.7987987987988,125716.05791982535,21311.29942893282,13446.82954793081,101895.75765935067,262369.94455603964
939.8048048048048,123289.63257731467,21161.118384371628,13386.51260304484,100346.53538236194,258183.79894709308
946.810810810811,120933.15352641161,21019.63472163944,13330.412698802178,98857.38926503916,254140.59021189238
953.816816816817,118481.38135029898,20912.345636630875,13297.202931941552,97473.48387708061,250164.41379595202
960.8228228228227,116322.60567475346,20771.749482400224,13238.42625098407,96052.12586247723,246384.907270615
967.8288288288287,114221.17320572188,20639.23716929123,13183.729326759976,94684.35771565247,242728.49741742556
974.8348348348349,112217.5020263614,20504.622099632543,13126.098558040723,93341.70237981621,239189.92506385088
981.8408408408409,110073.8547650363,20412.51992970877,13097.502020366517,92118.06044155198,235701.93715666357
988.8468468468469,108211.90886076032,20283.003020282697,13040.741080540738,90845.21797831717,232380.87093990092
995.8528528528528,106415.04086707602,20156.124134964815,12984.549043284569,89606.9885824247,229162.7026277501
1002.8588588588589,104481.48741113272,20070.412583621885,12956.663675483713,88478.60480653076,225987.16847676906
1009.8648648648649,102806.78960495153,19948.04679381112,12901.308961483357,87302.50552534437,222958.65088559038
1016.8708708708708,101169.05439329165,19832.66438714057,12849.750913836337,86168.46788660668,220019.93758087524
1023.876876876877,99604.14496221697,19714.85758967382,12795.444023043818,85052.5232831833,217166.96985811793
1030.882882882883,97924.10007641984,19631.954653565826,12765.300919779362,84024.03418564238,214345.3898354074
1037.888888888889,96441.92895062831,19522.557598534004,12714.979390205268,82972.3204272194,211651.78636658698
1044.8948948948948,95024.96193127689,19410.674279513318,12661.98871244653,81936.62496401792,209034.24988725467
1051.9009009009008,93477.86536978552,19337.075330903386,12635.686225410727,80991.87747397702,206442.50440007664
1058.906906906907,92149.20094282203,19228.671028653273,12583.462263355877,80004.21663145509,203965.55086628627
1065.912912912913,90844.35409054418,19126.425404261874,12534.78000698311,79050.14743891261,201555.70694070176
1072.9189189189187,89446.98764656529,19052.771759571962,12506.065049639688,78161.44612017563,199167.2705759526
1079.9249249249249,88220.26237743875,18953.587938527933,12458.068524751556,77250.30182553889,196882.22066625714
1086.930930930931,87045.84695130875,18851.815046925167,12407.534778322479,76351.37799893,194656.57477548637
1093.936936936937,85764.65937069463,18782.103612792886,12379.513258932808,75522.47915184882,192448.75539426913
1100.942942942943,84642.65168901307,18687.327509134062,12332.6277131634,74671.49568685907,190334.1025981696
1107.9489489489488,83568.28481603827,18589.958797724183,12283.27551703524,73831.47201569712,188272.9911464948
1114.954954954955,82374.38117684916,18527.81196100353,12258.772687057462,73064.71714235707,186225.68296726723
1121.960960960961,81360.39367570324,18433.045687363334,12210.10949819318,72260.17675448838,184263.72561574812
1128.966966966967,80230.50473629737,18372.961570491567,12185.94753629862,71526.43074295361,182315.84458604117
1135.9729729729731,79272.2556244584,18280.651339321474,12137.958926533838,70755.20321103884,180446.06910135254
1142.978978978979,78325.67480929111,18193.562818326427,12093.166569871915,70008.4150170945,178620.81921458396
1149.9849849849847,77294.81583432968,18132.509461109792,12066.802664887384,69312.48639402929,176806.61435435613
1156.990990990991,76398.33624077294,18047.60863969493,12022.6155444649,68595.77134710553,175064.3317720383
1163.996996996997,75539.01784882267,17960.109179369374,11976.116934268233,67886.9481715528,173362.19213401305
1171.003003003003,74569.85270389284,17905.5487110294,11953.02604720199,67239.88708829165,171668.3145504159
1178.009009009009,73754.90959190697,17820.130887049756,11907.157503243694,66558.79460003757,170040.992582238
1185.0150150150148,72833.12619354702,17767.17028875219,11884.378423803248,65937.44320375822,168422.1181098607
1192.021021021021,72059.42050316349,17683.730936226948,11839.127142237141,65282.512351939775,166864.79093356736
1199.027027027027,71292.31290106445,17605.009076277755,11796.85679851837,64647.45662327969,165341.63539914027
1206.033033033033,70446.38047251527,17550.72234137417,11772.007080326457,64055.154574041895,163824.26446825778
1213.0390390390392,69716.68851597076,17473.77397056206,11730.29162603991,63443.85529500933,162364.60940758206
1220.045045045045,68910.15960545262,17420.9329395056,11705.77905262973,62873.9898979756,160910.86149556356
1227.051051051051,68215.36467490901,17345.675170429437,11664.607592882996,62285.15776755851,159510.80520577994
1234.0570570570571,67548.98789582904,17267.88429399546,11621.299102366429,61701.72548705981,158139.89677925073
1241.063063063063,66783.41081241255,17220.56001076374,11599.787207730858,61168.921333198516,156772.67936410566
1248.0690690690692,66148.27281431855,17144.40250178817,11557.044994575868,60606.39278360725,155456.11309428985
1255.0750750750751,65416.31349657574,17098.28735223254,11535.81344255455,60092.878449826574,154143.29274118942
1262.0810810810808,64810.40679076087,17023.693197345277,11493.626404510824,59550.17088924775,152877.89728186472
1269.087087087087,64109.93430392409,16978.726460724323,11472.669717248087,59054.921519136005,151616.2520010325
1276.093093093093,63531.4143398501,16905.630464240512,11431.027042448555,58531.02527866622,150399.0971252054
1283.099099099099,62954.831249970055,16836.656736839224,11392.081495983277,58022.05111384178,149205.62059663434
1290.1051051051052,62307.63769421716,16790.09725633237,11369.231042329464,57547.05800337142,148014.0239962504
1297.111111111111,61756.2014696438,16722.47616380803,11330.776255548064,57055.29406566939,146864.7479546693
1304.117117117117,61125.18050620111,16680.17636452695,11310.514950288301,56601.51807157384,145717.3898925902
1311.1231231231232,60607.900543322394,16610.66253437087,11270.249671580897,56121.0987523157,144609.91150158987
1318.129129129129,60002.203839429756,16569.33129459784,11250.244604589141,55682.52465448365,143504.30439310038
1325.1351351351352,59506.93928596841,16501.117749916855,11210.486916411752,55217.86624627826,142436.41019857526
1332.1411411411411,58925.08648571567,16460.711608084184,11190.733229426392,54793.74316598691,141370.27448921316
1339.147147147147,58450.55262616062,16393.750071391332,11151.47353899426,54344.098331200235,140339.87456774645
1346.1531531531532,57891.174404212834,16354.228519921435,11131.966496611161,53933.72398166931,139311.09340241476
1353.1591591591593,57436.184958360325,16288.47371021082,11093.195452932538,53498.39465606157,138316.24877756526
1360.1651651651653,56898.01251631314,16249.798925820165,11073.930438716745,53101.11108316442,137322.85296401446
1367.1711711711712,56451.95996394611,16188.18869401616,11037.784482284429,52683.7884348677,136361.7215751144
1374.177177177177,56024.18484828777,16124.25061730264,10999.786423583408,52269.08658798131,135417.3084771551
1381.183183183183,55514.85441396316,16086.81202399999,10980.904321263113,51890.18785852639,134472.75861775264
1388.1891891891892,55104.02140204673,16023.976980277614,10943.371568507031,51488.219931511936,133559.5898823433
1395.195195195195,54613.146708892964,15987.300691160082,10924.71996909688,51120.94801809795,132646.11538724788
1402.2012012012012,54218.33797135732,15925.53184830852,10887.643981023992,50731.15038839538,131762.66418908522
1409.2072072072071,53744.93441291558,15889.58773439661,10869.218666615783,50374.975995489,130878.71680941698
1416.213213213213,53356.45695729044,15831.682615864898,10834.633362331635,50000.72609599489,130023.49903148186
1423.2192192192192,52908.44927475813,15793.610110762027,10814.387966649605,49651.24611121167,129167.69346338144
1430.2252252252254,52534.484822482016,15736.660465651177,10780.21342621213,49287.99334670503,128339.35206105035
1437.2312312312313,52102.04157230928,15699.308284276414,10760.21572448203,48948.790919796294,127510.35650086403
1444.2372372372372,51741.84164624311,15643.283861859149,10726.444651166765,48596.06830715665,126707.63846642568
1451.2432432432433,51315.79606095766,15609.361546021091,10708.664401885979,48270.33828100793,125904.16028987267
1458.2492492492493,50977.037059836664,15551.498104168793,10673.315358159209,47924.06473903199,125125.91526119664
1465.2552552552554,50565.145979092275,15518.204751746907,10655.745722736867,47607.614081554464,124346.71053513052
1472.2612612612613,50238.67709080553,15461.251386866006,10620.814147469446,47271.14512772763,123591.88775286861
1479.2672672672672,49840.246474224885,15428.564766856083,10603.451386615914,46963.584082606896,122835.84671030377
1486.2732732732732,49449.03782286953,15396.132853547018,10586.156768373987,46660.40661033492,122091.73405512546
1493.279279279279,49139.83708928984,15340.39370630381,10551.770353276806,46337.47829774863,121369.47944661908
1500.2852852852852,48761.09712060869,15308.53790243328,10534.67776111806,46042.63833313779,120646.95111729781
1507.2912912912914,48462.73768008005,15253.64613344128,10500.691842754346,45728.5693071781,119945.64496345377
1514.2972972972973,48095.87636702497,15222.347057712183,10483.797739862684,45441.72705376676,119243.74821836659
1521.3033033033032,47800.2159739831,15170.834935298555,10452.053553687489,45139.326406537635,118562.43086950679
1528.3093093093094,47452.304741975175,15137.518151557419,10433.506259791611,44857.00228276357,117880.33143608777
1535.3153153153153,47166.578495725145,15086.770077200574,10402.123307257802,44562.66697234985,117218.13885253338
1542.3213213213214,46821.99048808842,15056.519631419214,10385.607535339655,44290.878071394094,116554.99572624138
1549.3273273273273,46553.125987079424,15004.006145931224,10352.765251882063,44001.24952939193,115911.14691428465
1556.3333333333333,46218.84804803602,14974.260303598216,10336.4380152681,43736.54318575356,115266.08955265589
1563.3393393393394,45897.3070493096,14942.260481793366,10318.391377108355,43472.38765529342,114630.34656350475
1570.3453453453453,45634.509999879985,14893.24881682318,10287.827633762816,43196.587573884644,114012.17402435062
1577.3513513513515,45315.414810093396,14864.193202166007,10271.746773068811,42942.050805011364,113393.40559033956
1584.3573573573576,45068.139347130666,14813.450354510058,10239.766862262662,42670.4686128865,112791.82517678989
1591.3633633633633,44758.233193752414,14784.861982254948,10223.867125036126,42422.35335904585,112189.31566008934
1598.3693693693692,44512.04613901293,14737.215151541968,10193.972470513125,42160.411510433674,111603.64527150171
1605.3753753753754,44217.83314010717,14706.696590404905,10176.524717893033,41915.73550642602,111016.78995483113
1612.3813813813813,43979.358695286915,14659.711201443839,10146.960220549388,41660.342646639125,110446.37276391927
1619.3873873873874,43686.78108985795,14632.00646587695,10131.406072369326,41424.36395986548,109874.5575879697
1626.3933933933934,43405.3767162279,14602.150348186473,10114.221633029045,41188.6748313842,109310.42352882761
1633.3993993993993,43177.88363919872,14556.048270357209,10085.08888263534,40942.394857023166,108761.41564921444
1640.4054054054054,42897.75872586517,14528.94505114548,10069.763837010098,40714.982683654474,108211.45029767521
1647.4114114114113,42683.71572454721,14481.166948857008,10039.282876002912,40472.138290867915,107676.30384027504
1654.4174174174175,42411.143178251856,14454.473882890792,10024.126336762398,40250.15172659842,107139.89512450347
1661.4234234234236,42142.69071527393,14427.946939249874,10009.025346306422,40030.84458652786,106610.50758735808
1668.4294294294293,41938.341575838036,14381.040853347682,9978.98878924916,39796.427451146104,106094.79866958098
1675.4354354354355,41676.97450047815,14354.907807139474,9964.052617021935,39582.26012123782,105578.19504587738
1682.4414414414416,41472.565637841406,14310.838599702725,9935.951663598298,39355.801500729416,105075.15740187185
1689.4474474474475,41224.2282685286,14282.870344426634,9919.56893833244,39144.21619777697,104570.88374906464
1696.4534534534534,40973.386154107226,14257.274798726936,9904.848341056866,38937.4584079959,104072.96770188693
1703.4594594594594,40777.857235433694,14213.990036621908,9877.147538056075,38718.646988424516,103587.64179853619
1710.4654654654653,40539.488201495624,14186.58333980225,9861.004364539116,38514.30104773717,103101.37695357416
1717.4714714714714,40349.57760377879,14143.854717380449,9833.598078065284,38300.53699547198,102627.5673946965
1724.4774774774774,40111.368757524244,14118.978392121131,9819.18552875474,38103.03342650872,102152.56610490884
1731.4834834834835,39882.381811551626,14092.11211895907,9803.276656071248,37905.560703432384,101683.33129001432
1738.4894894894896,39700.497937905464,14050.12511599759,9776.255790060064,37698.82839851144,101225.70724247456
1745.4954954954953,39471.44920583306,14025.738643715504,9762.047597664974,37507.88959845879,100767.12504567232
1752.5015015015017,39300.45897613226,13982.173159522863,9733.782165616893,37303.6732009463,100320.08750221832
1759.5075075075076,39076.98314694092,13958.12427672794,9719.724390069026,37116.91279661421,99871.74461035209
1766.5135135135133,38856.572549337216,13934.209523141466,9705.716220755805,36932.21466369818,99428.71295693266
1773.5195195195197,38692.734249402005,13891.382329788612,9677.847649891513,36734.55516512577,98996.51939420789
1780.5255255255256,38477.58201620079,13867.793303517787,9663.986727521933,36553.83287774849,98563.194924989
1787.5315315315318,38265.32695874853,13844.33322826434,9650.174369716915,36375.073217716454,98134.90777444624
1794.5375375375377,38102.74022291601,13804.248964840672,9624.166246087785,36185.65335484721,97716.80878869168
1801.5435435435434,37900.95066767577,13779.076578692126,9609.026134374359,36008.693202687435,97297.74658342969
1808.5495495495495,37742.7312321579,13739.478270170752,9583.285973648466,35823.372580862444,96888.86805683956
1815.5555555555554,37540.30380058296,13716.631975028902,9569.753732815856,35652.06471725969,96478.75422568741
1822.5615615615616,37345.8403128871,13691.92144560803,9554.826408167848,35480.65244844529,96073.24061510827
1829.5675675675675,37193.8746531782,13652.970434944422,9529.437122379068,35301.046870666105,95677.32908116779
1836.5735735735734,36998.62202682887,13630.542168170567,9516.090815752654,35135.045071732246,95280.30008248433
1843.5795795795796,36805.8750100233,13608.230426730168,9502.790391500654,34970.768167733986,94887.66399598811
1850.5855855855855,36665.04637074622,13567.955733281053,9476.326243188638,34794.778723778996,94504.10707099491
1857.5915915915916,36476.589823079885,13545.931446288369,9463.162049745952,34633.838781036735,94119.52210015093
1864.5975975975975,36290.509612234266,13524.01952717475,9450.042799884099,34474.54456035847,93739.11649965157
1871.603603603604,36155.19159376692,13484.387755412059,9423.938209799022,34303.84317904992,93367.36073802793
1878.6096096096096,35973.17846125344,13462.754154327085,9410.952412967577,34147.73573299383,92994.62076154194
1885.6156156156155,35793.42115466508,13441.228996611135,9398.010646473413,33993.19964091313,92625.86043866276
1892.621621621622,35658.34716777376,13404.104263227151,9373.626426005627,33829.27241791019,92265.35027491674
1899.6276276276276,35487.42913161499,13380.966903735865,9359.447292436378,33676.06793765725,91903.91126544448
1906.633633633634,35313.67397640938,13359.816127052822,9346.679418307349,33526.07879117715,91546.2483129467
1913.6396396396399,35183.64363908082,13323.269308169125,9322.61876717873,33366.934677736164,91196.46639216485
1920.6456456456453,35013.60930643632,13302.372869196211,9309.973700266253,33219.85645274581,90845.81232864459
1927.6516516516517,34850.39463525614,13279.740267362777,9296.034994006492,33072.56542911194,90498.73532573735
1934.6576576576574,34725.154751994545,13243.755863022701,9272.291500531199,32918.0037331556,90159.20584870405
1941.6636636636638,34560.63910431705,13223.21437823984,9259.814396403553,32775.14832099686,89818.8161999573
1948.6696696696697,34402.76685692521,13200.962682023583,9246.063630591616,32632.07826579901,89481.87143533942
1955.6756756756754,34282.07991108143,13165.525837386935,9222.631051788301,32481.908630411497,89152.14543066817
1962.6816816816818,34122.814866593835,13145.328514155475,9210.318573635706,32343.09589599855,88821.55785038357
1969.6876876876877,33965.39671267932,13125.225966918282,9198.046740997917,32205.59817279628,88494.26759339179
1976.6936936936938,33853.67198593243,13088.542935355425,9173.624206897559,32058.112860414643,88173.95198860005
1983.6996996996997,33699.40641509715,13068.679499236498,9161.473106083416,31923.172738537545,87852.73175895461
1990.7057057057057,33546.901495809245,13048.907843104134,9149.361852058775,31789.49248445811,87534.66367543026
1997.7117117117118,33434.70919390352,13014.517567548532,9126.528125207793,31647.580900762234,87223.33578742208
2004.7177177177177,33289.72738838625,12993.233103612096,9113.265213256298,31514.879074344175,86911.10477959883
2011.7237237237239,33141.905650739594,12973.78269831433,9101.31139535054,31384.858788237365,86601.85853264183
2018.7297297297298,33033.640786872704,12939.899194247606,9078.770923550874,31246.83056242549,86299.14146709668
2025.7357357357355,32888.72816166777,12920.668255689674,9066.928412536496,31119.1607222643,85995.48555215824
2032.7417417417416,32749.780112731067,12899.818257211851,9053.883006226955,30991.233840174064,85694.71521634393
2039.7477477477476,32608.0026900135,12880.765315802064,9042.121688690451,30865.866860668066,85396.75655517407
2046.753753753754,32504.681128482363,12847.503998118951,9019.939892895649,30732.683690515703,85104.80871001267
2053.75975975976,32365.634105711255,12828.6627224739,9008.287220441442,30609.542479328004,84812.12652795459
2060.765765765766,32228.093496185236,12809.90434650229,8996.671965694572,30487.497699685653,84522.16750806775
2067.771771771772,32132.546473703118,12775.448928189182,8973.55298819716,30356.4965771171,84238.04496720656
2074.777777777778,31997.571436265443,12756.902663175617,8962.048907786038,30236.59214993616,83953.11515716325
2081.7837837837837,31864.037055563535,12738.436874047537,8950.581529742369,30117.740888311797,83670.79634766524
2088.7897897897897,31731.92022619519,12720.050838704034,8939.150678096115,29999.92845579608,83391.05019879142
2095.7957957957956,31640.70770349099,12686.214973163838,8916.397855744455,29873.404274293178,83116.72480669245
2102.8018018018015,31511.003819842572,12668.033845678528,8905.075538700617,29757.62235252406,82841.73555674579
2109.8078078078074,31382.6568434562,12649.930192621185,8893.789055359475,29642.8390024137,82569.21509385057
2116.813813813814,31290.47575716108,12618.183263488743,8872.496306331046,29520.864416574146,82302.019743555
2123.8198198198197,31164.474344163213,12600.273395305278,8861.311982535048,29408.03159940534,82034.09132140888
2130.825825825826,31043.772262447714,12580.839559232778,8848.998066777876,29294.904598406407,81768.51448686476
2137.8318318318316,30920.312517216564,12563.085449629154,8837.888217154481,29183.982326117995,81505.2685101182
2144.8378378378375,30832.119015243275,12531.89553339957,8816.924852728815,29066.059070820178,81246.99847219183
2151.843843843844,30710.870117210703,12514.328826803736,8805.914787884827,28956.99010330226,80988.10383520153
2158.8498498498498,30594.762931244735,12495.264910481337,8793.79545577198,28847.627645815992,80731.45094331403
2165.855855855856,30475.91355461735,12477.848462014434,8782.858112157188,28740.37424919442,80476.99437798338
2172.861861861862,30391.479904438747,12447.199185063255,8762.216533839335,28626.30908758262,80227.20471092395
2179.8678678678675,30274.716095710017,12429.964078028743,8751.376673475123,28520.817429291044,79976.87427650492
2186.873873873874,30159.110741324603,12412.799047222394,8740.570378580569,28416.192740664737,79728.6729077923
2193.87987987988,30081.202778756277,12381.026212184286,8719.057861475783,28303.80416999384,79485.0910224102
2200.885885885886,29967.5642549178,12364.043544809963,8708.351329823097,28200.88023605394,79240.8393656048
2207.891891891892,29855.03786111303,12347.129093716452,8697.677744740093,28098.791650215706,78998.63634978527
2214.8978978978976,29743.607221167236,12330.282312201578,8687.036953891655,27997.527926391656,78758.45441365213
2221.903903903904,29665.288819842754,12300.558591652123,8666.952237944837,27889.84314468242,78522.64279412213
2228.90990990991,29559.45240001262,12282.38052510226,8655.309837475857,27789.087790582475,78286.23055317321
2235.9159159159162,29450.93362298423,12265.776355684346,8644.798718928247,27690.23923410953,78051.74793170636
2242.921921921922,29343.452371080162,12249.237579160308,8634.319646911877,27592.176140371936,77819.18573752428
2249.927927927928,29268.348541527128,12220.012821004972,8614.536753748223,27487.876193073902,77590.77430935422
2256.933933933934,29162.655957245253,12203.640209386995,8604.149127720817,27391.35462457584,77361.79991892891
2263.93993993994,29061.56538006248,12185.860647254067,8592.720901668416,27294.528358577074,77134.67528756204
2270.9459459459463,28957.82412578468,12169.620149522445,8582.399878229578,27199.51568134257,76909.35983487927
2277.951951951952,28855.052348127378,12153.442407121727,8572.110033883766,27105.242520543477,76685.84730967635
2284.957957957958,28783.71577927268,12124.801229304581,8552.680416536405,27004.906231306628,76466.1036564203
2291.963963963964,28682.61459087491,12108.783576484871,8542.47956651949,26912.08654823738,76245.96428211665
2298.9699699699695,28582.445944134543,12092.827138503051,8532.309354050145,26819.980760265607,76027.56319695334
2305.975975975976,28486.681771509775,12075.49671296213,8521.123575669115,26727.565549133138,75810.86760927417
2312.981981981982,28418.188942187353,12047.324747744595,8501.981163592096,26630.28616382205,75597.78101734609
2319.987987987988,28320.4972069578,12031.58939930139,8491.932127119822,26540.276285163178,75384.29501854218
2326.993993993994,28223.691034957654,12015.913322854653,8481.913045218898,26450.947816612952,75172.46521964416
2333.9999999999995,28127.758338288415,12000.296086743134,8471.923783744636,26362.292797073365,74962.27100584956
2341.006006006006,28061.981484728323,11972.57600203963,8453.0586986937,26267.936009038094,74755.55219449975
2348.012012012012,27970.932324801488,11955.709608289399,8442.13359243721,26179.636816535458,74548.41234206356
2355.018018018018,27877.319380402263,11940.305507250294,8432.262287183883,26092.961351477883,74342.84852631432
2362.024024024024,27784.536852832905,11924.958421660109,8422.420143552581,26006.929286893865,74138.84470493946
2369.0300300300296,27692.57364794141,11909.667947075432,8412.60703212478,25921.533257015122,73936.38188415676
2376.036036036036,27629.964653999366,11882.482633249883,8394.071004704852,25830.607120502937,73737.12541245704
2383.042042042042,27539.41072702034,11867.337873668524,8384.340800495216,25746.465028736213,73537.55442992029
2390.0480480480483,27452.92313377094,11850.88176756642,8373.6423468129,25662.011547852584,73339.45879600284
2397.054054054054,27363.915338976214,11835.851817106595,8363.972481780464,25579.095495270976,73142.83513313424
2404.06006006006,27303.7066478786,11809.097292835311,8345.70412580306,25490.82312600605,72949.33119252302
2411.066066066066,27216.039190161762,11794.208992561691,8336.115369407693,25409.107066498942,72755.47061863009
2418.072072072072,27129.123913974596,11779.374336282735,8326.55453117659,25327.979475722106,72563.03225715602
2425.0780780780783,27042.95109816657,11764.592958320063,8317.02148899972,25247.433824713386,72371.99937019974
2432.084084084084,26960.692268181458,11748.530150113033,8306.542674921819,25166.580546550886,72182.3456397672
2439.09009009009,26903.308585917843,11722.280258075298,8288.587928364692,25081.42536650744,71995.60213886527
2446.096096096096,26819.106209016387,11707.693181621244,8279.164863495454,25002.59486640884,71808.55912054192
2453.102102102102,26735.611625915753,11693.157821233985,8269.768994728343,24924.321584021196,71622.86002589928
2460.1081081081084,26652.815874030755,11678.67383277404,8260.40020415664,24846.59945521143,71438.48936617287
2467.1141141141143,26570.710142171465,11664.24087609454,8251.05837455642,24769.422506015922,71255.43189883835
2474.12012012012,26519.094021426037,11637.172712202195,8232.455132759058,24686.38280194278,71075.10466833007
2481.126126126126,26438.15245449821,11622.876530296566,8223.193489483709,24610.286768397982,70894.50924267646
2488.132132132132,26357.87774417784,11608.630244375707,8213.958345013738,24534.71889849462,70715.1852320619
2495.1381381381384,26278.261613737148,11594.433530064713,8204.74958546578,24459.67355198298,70537.11828125062
2502.1441441441443,26199.295923544727,11580.286066648394,8195.567097610194,24385.14517090382,70360.29425870713
2509.1501501501502,26147.08056382677,11554.995713216656,8178.2127054557195,24305.762355839484,70186.05133833863
2516.1561561561566,26069.23068222749,11540.976482843396,8169.105297378595,24232.25754880407,70011.57001125356
2523.1621621621616,25995.00387285095,11525.73650569162,8159.097621136812,24158.452770451826,69838.2907701312
2530.168168168168,25918.385059114156,11511.817481822718,8150.04481585187,24085.947553523853,69666.1949103126
2537.174174174174,25842.380099915004,11497.946024132321,8141.017616349155,24013.93302094295,69495.27676133942
2544.1801801801803,25766.98158612592,11484.121833088664,8132.015913845694,23942.404068755313,69325.52340181559
2551.186186186186,25717.565873693427,11459.368973530629,8114.999662178936,23866.185605629085,69158.12011503207
2558.192192192192,25643.20696644023,11445.668266276183,8106.070845152187,23795.619462940736,68990.56554080934
2565.198198198198,25569.434796270136,11432.013834211037,8097.167110512913,23725.524307213687,68824.14004820777
2572.204204204204,25496.24238855864,11418.405390882443,8088.288352427632,23655.895309252377,68658.83144112109
2579.2102102102103,25426.504557830776,11403.6106165885,8078.535121184389,23585.96969724519,68494.61999284885
2586.2162162162163,25379.28223246457,11379.3025980336,8061.800888081971,23512.275590217392,68332.66130879754
2593.222222222222,25307.62698016426,11365.863497009695,8053.020989743291,23444.026479262557,68170.5379461798
2600.228228228228,25236.52657578511,11352.46914160929,8044.265547653832,23376.225147150053,68009.48641219828
2607.234234234234,25165.97454710241,11339.119260609505,8035.534459496199,23308.8670836134,67849.49535082151
2614.2402402402404,25095.964091682912,11325.813576306438,8026.827623524683,23241.947287867537,67690.55257938156
2621.2462462462463,25026.48998724624,11312.55184568051,8018.144938561276,23175.462718270468,67532.64948975849
2628.252252252252,24981.74320334587,11288.744224144653,8001.728136176056,23104.611035145157,67376.82659881175
2635.258258258258,24915.969257325476,11274.401216393377,7992.240786371792,23038.27199829582,67220.88325838647
2642.264264264264,24847.915471546145,11261.301765360042,7983.653704876297,22973.075632780077,67065.94657456256
2649.2702702702704,24780.37477862296,11248.245091389163,7975.090276876481,22908.296692893608,66912.00683978222
2656.2762762762763,24713.341028073217,11235.230935664593,7966.550404518326,22843.93066246253,66759.05303071867
2663.2822822822823,24646.80938996314,11222.259068367837,7958.033990488401,22779.97466906682,66607.0771178862
2670.2882882882886,24604.364690440012,11198.939076304843,7941.928398224241,22711.810911387034,66457.04307635613
2677.294294294294,24538.691255139584,11186.078606435394,7933.4790798821805,22648.670054489696,66306.91899594685
2684.3003003003005,24473.504271382048,11173.259580582038,7925.0528486895255,22585.927126899453,66157.74382755306
2691.3063063063064,24411.486770422038,11159.318916592214,7915.800426666449,22522.9001522101,66009.5062658908
2698.3123123123123,24347.241736104166,11146.58569391492,7907.422748830757,22460.94411969486,65862.1942985447
2705.3183183183187,24283.467283698094,11133.893187767428,7899.067862956073,22399.374645134958,65715.80297955655
2712.3243243243246,24243.1774045197,11111.044944452136,7883.26470195972,22333.754377576344,65571.2414285079
2719.3303303303305,24180.207208640095,11098.460011229503,7874.975022049152,22272.955235552854,65426.5974774716
2726.3363363363364,24117.693569605493,11085.915004509607,7866.707776847239,22212.531891004794,65282.848241967135
2733.3423423423424,24055.63150236363,11073.409698886078,7858.462875169023,22152.480786771608,65139.98486319034
2740.3483483483483,23994.01609468221,11060.943871086778,7850.240226324463,22092.79841165082,64997.99860374427
2747.354354354354,23932.842505822988,11048.5172999429,7842.039740115064,22033.481299644194,64856.88084552514
2754.36036036036,23874.693341032867,11035.002871472961,7833.038217898746,21973.88813622397,64716.62256662854
2761.366366366366,23836.740496769115,11012.676176354169,7817.570362616282,21911.04392326676,64578.030959006326
2768.3723723723724,23776.736890834767,11000.39554344548,7809.4576346773865,21852.813320032095,64439.40338898973
2775.3783783783783,23717.15778124667,10988.153191564716,7801.366625638603,21794.934713213246,64301.61231166324
2782.3843843843842,23657.998646298052,10975.94891008256,7793.297248181613,21737.404847442864,64164.64965200509
2789.39039039039,23599.255516835776,10963.782500709889,7785.24941545686,21680.22114938133,64028.50858238385
2796.396396396396,23540.92303605044,10951.653736109838,7777.223041080382,21623.379181500855,63893.178994741524
2803.4024024024025,23482.99734635828,10939.562421476587,7769.218039130712,21566.876431621477,63758.654238587056
2810.4084084084084,23447.223436766853,10917.735105890992,7754.07246647475,21506.64055549706,63625.67156462965
2817.4144144144143,23389.991806179358,10905.743323520503,7746.128632872163,21450.81586732636,63492.67962989838
2824.4204204204207,23333.155433034728,10893.788294698494,7738.2058436921525,21395.32136068322,63360.4709321086
2831.426426426426,23279.184340248918,10880.783855207643,7729.510640517891,21339.55841307958,63229.03724905403
2838.4324324324325,23223.114023354756,10868.905028251791,7721.632094289458,21284.717733747046,63098.36887964305
2845.4384384384384,23167.426936428645,10857.06235375808,7713.774331729639,21230.19839391285,62968.46201582921
2852.4444444444443,23112.119137089136,10845.255639688787,7705.937270507252,21175.99751711888,62839.30956440406
2859.4504504504507,23057.186737263914,10833.484695686431,7698.120828726573,21122.11226202383,62710.90452370075
2866.4564564564566,23023.701954758286,10812.20243079048,7683.328586235536,21064.654982094045,62583.88795387835
2873.4624624624626,22969.409480845014,10800.526859146092,7675.5711754128515,21011.401735057414,62456.909250461365
2880.4684684684685,22915.48205164438,10788.886407348124,7667.834071275193,20958.455902598656,62330.658432866345
2887.4744744744744,22861.915973590592,10777.280891906274,7660.117193998253,20905.81477533057,62205.12883482569
2894.4804804804808,22808.70760317297,10765.710130901678,7652.420464176686,20853.475676424907,62080.31387467624
2901.4864864864867,22755.85334608915,10754.173943966429,7644.743802821362,20801.435961115156,61956.2070539921
2908.4924924924926,22703.349656415103,10742.672152263425,7637.0871313566295,20749.693016208537,61832.8019562437
2915.4984984984985,22653.550670297427,10730.160504322934,7628.687426661428,20697.691855693396,61710.09045697519
2922.5045045045044,22601.72675732083,10718.730073169363,7621.072768800688,20646.537031394262,61588.06663068514
2929.510510510511,22570.600886445838,10698.028901870844,7606.6587872112,20591.975896598455,61467.264472126335
2936.5165165165167,22519.362360108706,10686.689509189155,7599.100900847928,20541.406223445,61346.55899359079
2943.5225225225226,22468.458363834496,10675.383541430407,7591.562541454132,20491.12080221292,61226.52524893196
2950.5285285285286,22417.88561216523,10664.110828964796,7584.043633273824,20441.11719649734,61107.15727090119
2957.5345345345345,22367.640862877055,10652.871203560706,7576.544100943393,20391.39299835306,60988.449165734215
2964.5405405405404,22317.72091626955,10641.664498367194,7569.063869489082,20341.945827872172,60870.395111998
2971.5465465465463,22268.122614468753,10630.49054789676,7561.602864324439,20292.77333276894,60752.989359458894
2978.5525525525527,22218.84284074416,10619.34918800845,7554.161011247829,20243.873187972513,60636.22622797295
2985.558558558558,22169.8785188388,10608.240255891205,7546.738236439944,20195.24309522655,60520.1001063965
2992.5645645645645,22140.91829119825,10588.092377518384,7532.686011762865,20143.37104672309,60405.06772720258
2999.5705705705705,22092.49064603737,10577.070466766845,7525.317882034957,20095.283812127214,60290.16280696639
3006.5765765765764,22044.370255695674,10566.080421767061,7517.968548480199,20047.459964765698,60175.87919070864
3013.5825825825827,21996.554189091352,10555.12208520938,7510.637939099508,19999.89730751607,60062.21152091631
3020.5885885885887,21951.26709543694,10543.199510128254,7502.598144910118,19952.08793227382,59949.15268274913
3027.5945945945946,21904.041469043143,10532.307015549439,7495.306882644903,19905.043357866492,59836.69872510398
3034.6006006006005,21857.111686788314,10521.445752632677,7488.034121565696,19858.253528662524,59724.845089649214
3041.6066066066064,21810.474962733282,10510.615569043934,7480.779791185398,19811.716345091863,59613.58666805447
3048.612612612613,21764.128546107786,10499.816313639985,7473.54382137541,19765.429731147553,59502.91841227074
3055.6186186186187,21718.069720755564,10489.04783645436,7466.326142363358,19719.39163404977,59392.83533362305
3062.6246246246246,21691.295325971947,10469.485456042215,7452.658614858963,19670.279742884188,59283.71913975732
3069.6306306306305,21645.72523955464,10458.79984599784,7445.493343071126,19624.742249816867,59174.76067844047
3076.6366366366365,21600.435504901023,10448.144493690623,7438.346095334992,19579.4473078176,59066.37340174424
3083.642642642643,21555.423530110693,10437.519254053239,7431.2168035750665,19534.392951886926,58958.552539625925
3090.6486486486488,21510.686755411087,10426.92398312699,7424.105400059089,19489.57723869456,58851.29337729173
3097.6546546546547,21466.222652659286,10416.35853804904,7417.011817395893,19444.99824627558,58744.5912543798
3104.6606606606606,21422.028724853386,10405.822777039823,7409.935988533239,19400.654073731966,58638.44156415841
3111.6666666666665,21378.10250565228,10395.316559390649,7402.877846755686,19356.542840938735,58532.83975273736
3118.672672672673,21334.44155890521,10384.839745451545,7395.837325682467,19312.66268825571,58427.78131829494
3125.678678678679,21291.043478188974,10374.392196619248,7388.814359265401,19269.01177624351,58323.26181031714
3132.684684684685,21247.90588635417,10363.973775325387,7381.808881786795,19225.588285384503,58219.27682885085
3139.6906906906906,21223.314008440855,10345.017645525464,7368.541294368042,19179.264454462478,58116.13740279684
3146.6966966966966,21180.61856318052,10334.677903573618,7361.5859369722675,19136.30009175805,58013.182495484456
3153.702702702703,21140.25753237055,10323.426804377104,7353.960558354784,19093.1041066137,57910.74900171613
3160.708708708709,21098.05996463917,10313.146880563452,7347.041551226226,19050.584305455708,57808.83270188456
3167.7147147147152,21056.112103487234,10302.89532768646,7340.139645555442,19008.283151954507,57707.43022868364
3174.7207207207202,21014.41173009555,10292.672014517875,7333.254777881083,18966.198938945075,57606.537461439584
3181.7267267267266,20972.95665208742,10282.476810785167,7326.386885056148,18924.32997738987,57506.1503253186
3188.7327327327325,20931.74470313427,10272.309587161102,7319.535904246054,18882.67459613415,57406.264790675574
3195.7387387387384,20890.773742568366,10262.170215253454,7312.701772926694,18841.231141665303,57306.87687241381
3202.744744744745,20850.041655002296,10252.058567594891,7305.884428882509,18799.997977876137,57207.98262935583
3209.7507507507507,20809.546349955075,10241.974517632985,7299.083810204595,18758.973485831735,57109.57816362439
3216.7567567567567,20769.28576148521,10231.917939720408,7292.299855288802,18718.1560635405,57011.659620034916
3223.7627627627626,20729.25784783001,10221.88870910523,7285.532502833861,18677.54412572869,56914.22318549779
3230.7687687687685,20706.96829052271,10203.606710817747,7272.711881350345,18634.216874250218,56817.50375694102
3237.774774774775,20667.33477933894,10193.651623791013,7265.992127677437,18594.020865753955,56720.99939656135
3244.780780780781,20627.9284970452,10183.72344601475,7259.288741915139,18554.025711071998,56624.966396047086
3251.7867867867867,20588.747488832276,10173.822056519419,7252.60166420649,18514.229888412716,56529.4010979709
3258.7927927927926,20549.789822449904,10163.947335183426,7245.930834986705,18474.631891652672,56434.2998842727
3265.7987987987985,20511.053587880688,10154.099162724257,7239.276194981426,18435.230230131558,56339.65917571793
3272.804804804805,20472.53689701976,10144.277420689748,7232.637685204917,18396.023428450328,56245.47543136476
3279.810810810811,20434.237883359965,10134.481991449464,7226.015246958318,18357.010026272612,56151.74514804036
3286.8168168168168,20396.154701682346,10124.71275818623,7219.408821827904,18318.188578129193,56058.464859825675
3293.8228228228227,20358.285527752105,10114.96960488775,7212.818351683341,18279.5576532256,55965.631137548786
3300.8288288288286,20320.628558019573,10105.25241633838,7206.243778675975,18241.115835252716,55873.240588286644
3307.834834834835,20283.182009326512,10095.56107811098,7199.685045237112,18202.861722200338,55781.28985487494
3314.840840840841,20245.944118617263,10085.89547655892,7193.142094076328,18164.793926173763,55689.775615426275
3321.8468468468473,20208.913142654696,10076.255498808161,7186.614868179792,18126.911073212923,55598.694582855576
3328.8528528528527,20172.08735774124,10066.641032749485,7180.103310808589,18089.21180311472,55508.04350441403
3335.8588588588586,20135.465059444436,10057.051967030791,7173.607365497049,18051.694769257847,55417.81916123012
3342.864864864865,20099.04456232711,10047.488191049539,7167.126976051121,18014.358638430458,55328.01836785823
3349.870870870871,20079.391825598705,10030.01746431831,7154.84683060997,17974.52118919952,55238.77730972651
3356.8768768768773,20043.31284233636,10020.522549020225,7148.411055193751,17937.55248718725,55149.79893373759
3363.882882882883,20007.431161941902,10011.052532239051,7141.990620530943,17900.760779679928,55061.23509439183
3370.8888888888887,19971.745167377612,10001.607306569027,7135.585471723504,17864.144784556727,54973.08273022687
3377.894894894895,19936.253259387093,9992.186765316446,7129.195554135617,17827.703232301064,54885.33881114022
3384.900900900901,19900.95385624996,9982.790802492696,7122.8208133921235,17791.434865842948,54798.00033797773
3391.906906906907,19865.845393541047,9973.419312807377,7116.461195376974,17755.338440403946,54711.06434212934
3398.912912912913,19832.77498045409,9963.221422632625,7109.494345333471,17719.037009478572,54624.52775789876
3405.9189189189187,19798.037593259745,9953.900858546744,7103.16648247054,17683.2826157232,54538.38755000023
3412.9249249249247,19763.486602812656,9944.604446722376,7096.853574805474,17647.696495377895,54452.641119718406
3419.9309309309306,19729.12051098759,9935.332084641861,7090.555569279288,17612.27745129177,54367.285616200505
3426.936936936937,19694.937835815337,9926.083670452443,7084.27241308425,17577.024297865642,54282.318217217675
3433.942942942943,19660.937111264262,9916.859102959937,7078.004053662381,17541.935860910464,54197.73612879704
3440.948948948949,19627.11688702532,9907.658281622464,7071.75043870398,17507.01097750768,54113.53658485945
3447.9549549549547,19593.47572830073,9898.481106544277,7065.511516146156,17472.248495871765,54029.71684686294
3454.9609609609606,19560.012215596125,9889.327478469673,7059.287234171372,17437.64727521492,53946.274203452085
3461.966966966967,19526.72494451563,9880.197298776962,7053.077541205996,17403.206185613435,53863.20597011203
3468.972972972973,19493.61252556065,9871.090469472558,7046.882385918872,17368.92410787629,53780.509488828364
3475.9789789789793,19460.673583931646,9862.006893185073,7040.701717219878,17334.799933415583,53698.18212775218
3482.9849849849847,19427.906759333135,9852.946473159567,7034.5354842585175,17300.83256411888,53616.22128087009
3489.9909909909907,19395.310705781896,9843.909113251842,7028.383636422525,17267.020912223492,53534.62436767976
3496.996996996997,19362.884091417964,9834.894717922776,7022.246123336446,17233.363900192435,53453.38883286962
3504.0030030030034,19330.62559831886,9825.903192232772,7016.122894860266,17199.860460592303,53372.5121460042
3511.0090090090093,19298.533922316776,9816.93444183627,7010.013901088031,17166.509535972993,53291.99180121407
3518.0150150150153,19282.003364868197,9800.504157340027,6998.431641561279,17130.922448291247,53211.861612060755
3525.0210210210207,19250.193376970754,9791.597761694042,6992.363499440549,17097.88275025685,53132.037388362194
3532.0270270270266,19218.546722048166,9782.713804519664,6986.309400822163,17064.992451443806,53052.5623788338
3539.0330330330335,19187.06214554916,9773.852194036645,6980.269296918196,17032.250532618054,52973.434169122054
3546.0390390390394,19155.738405851844,9765.012839031222,6974.243139166926,16999.655983964054,52894.650368014045
3553.0450450450453,19124.574274096376,9756.195648851024,6968.230879231526,16967.20780497406,52816.208607152985
3560.051051051051,19093.568534020505,9747.400533400032,6962.2324689987545,16934.90500433906,52738.10654075835
3567.0570570570567,19062.71998179757,9738.627403133638,6956.247860577671,16902.746599841616,52660.3418453505
3574.0630630630635,19032.027425876928,9729.87616905371,6950.277006298345,16870.7316182496,52582.91221947858
3581.0690690690694,19001.489686826935,9721.146742703786,6944.31985871058,16838.859095212014,52505.815383453315
3588.0750750750753,18971.105597180318,9712.439036164234,6938.376370582639,16807.128075155935,52429.049079083125
3595.0810810810813,18940.87400128186,9703.752962047594,6932.446494900003,16775.537611185067,52352.61106941452
3602.0870870870867,18910.793755138468,9695.088433493851,6926.530184864107,16744.086764979653,52276.49913847608
3609.0930930930936,18880.863726271476,9686.445364165853,6920.627393891101,16712.774606697763,52200.71109102619
3616.099099099099,18849.4035106984,9678.607421812178,6915.311545994955,16681.922223404606,52125.24470191014
3623.105105105105,18819.775485131133,9670.004983904328,6909.434175885419,16650.883028609456,52050.09767353034
3630.111111111111,18790.294312698137,9661.423757100289,6903.570192072541,16619.97978817313,51975.2680500441
3637.117117117117,18760.958905905634,9652.863657070338,6897.719548789737,16589.21160520939,51900.7537169751
3644.123123123123,18731.768188063892,9644.32459998559,6891.882200479241,16558.577590835972,51826.552579364696
3651.129129129129,18702.721093152995,9635.80650251371,6886.058101790923,16528.076864084152,51752.66256154179
3658.135135135135,18673.816565689747,9627.309281814667,6880.247207581102,16497.708551809053,51679.08160689457
3665.141141141141,18645.05356059694,9618.832855536544,6874.449472911369,16467.47178860137,51605.807677646226
3672.147147147147,18616.43104307501,9610.377141811392,6868.664853047417,16437.36571670066,51532.838754634475
3679.153153153153,18587.947988474665,9601.942059251141,6862.893303457888,16407.389485909156,51460.17283709285
3686.159159159159,18559.60338217228,9593.527526943548,6857.134779813213,16377.542253507292,51387.80794243633
3693.165165165165,18531.39621944651,9585.133464448198,6851.389237984472,16347.8231841701,51315.74210604928
3700.171171171171,18503.325505357177,9576.759791792554,6845.656634042252,16318.23144988489,51243.97338107687
3707.177177177177,18475.390254625647,9568.40642946804,6839.936924255528,16288.76622986999,51172.4998382192
3714.1831831831832,18447.589491517007,9560.073298426194,6834.230065090537,16259.42671049449,51101.319565528225
3721.189189189189,18419.922249724164,9551.76032007483,6828.536013209658,16230.212085199259,51030.43066820791
3728.195195195195,18392.387572253367,9543.46741627428,6822.854725470317,16201.121554418849,50959.831268416805
3735.201201201201,18364.984511311413,9535.19450933365,6817.186158923883,16172.15432550447,50889.51950507342
3742.207207207208,18337.71212819494,9526.941522007128,6811.530270814575,16143.309612648212,50819.493533664856
3749.2132132132133,18310.56949318057,9518.708377490348,6805.8870185783835,16114.586636807886,50749.75152605719
3756.219219219219,18283.555685417385,9510.494999416773,6800.256359841988,16085.984625633293,50680.29167030944
3763.225225225225,18256.669792820412,9502.301311854135,6794.638252421697,16057.502813393088,50611.11217048933
3770.231231231231,18229.91091196589,9494.127239300899,6789.032654322382,16029.140440902873,50542.21124649205
3777.237237237238,18203.27814798802,9485.972706682773,6783.439523736407,16000.896755454136,50473.58713386134
3784.243243243244,18176.770614477264,9477.837639349289,6777.858819042618,15972.771010744225,50405.238083613396
3791.2492492492493,18150.38743337979,9469.721963070342,6772.290498805261,15944.76246680699,50337.16236206239
3798.255255255255,18124.127734898833,9461.625604032863,6766.7345217729735,15916.870389944717,50269.358250649384
3805.261261261261,18097.99065739682,9453.548488837456,6761.190846877756,15889.094052660519,50201.82404577255
3812.267267267268,18071.97534729979,9445.490544495113,6755.659433233941,15861.432733592144,50134.55805862098
3819.273273273274,18046.080959002044,9437.451698423936,6750.1402401371915,15833.88571744595,50067.55861500912
3826.2792792792798,18020.306654773096,9429.431878445923,6744.6332270634875,15806.452294932427,50000.82405521494
3833.2852852852848,17994.651604665574,9421.43101278377,6739.13835366813,15779.131762702189,49934.35273381966
3840.2912912912907,17969.11498642414,9413.449030057714,6733.655579784746,15751.923423282755,49868.14301954936
3847.2972972972975,17943.695985396273,9405.485859282398,6728.184865424303,15724.826585016383,49802.19329511935
3854.3033033033034,17918.39379444376,9397.5414298638,6722.726170774132,15697.840561998479,49736.501957080174
3861.3093093093094,17893.207613855695,9389.615671596159,6717.2794561969495,15670.964674016946,49671.067415665755
3868.315315315315,17868.136651262717,9381.708514658962,6711.844682229896,15644.198246492233,49605.88809464381
3875.3213213213207,17843.18012155227,9373.819889613938,6706.42180958357,15617.54061041817,49540.96243116794
3882.3273273273276,17816.83104434287,9366.663382869774,6701.533156188303,15591.26104038396,49476.288623784916
3889.3333333333335,17792.104845581565,9358.809848300587,6696.1326837051565,15564.817539299338,49411.86491688665
3896.3393393393394,17767.49074388883,9350.974646077251,6690.744000443824,15538.480861593976,49347.69025200388
3903.3453453453453,17742.987982575658,9343.1577082298,6685.367067776014,15512.25035996416,49283.76311854564
3910.351351351351,17718.5958118011,9335.358967156204,6680.001847242329,15486.125392394537,49220.08201859417
3917.3573573573576,17694.31348849454,9327.578355619547,6674.648300551341,15460.10532210345,49156.64546676888
3924.3633633633635,17670.140276278977,9319.815806745277,6669.306389578677,15434.189517488903,49093.45199009184
3931.3693693693695,17646.075445395083,9312.071254018425,6663.976076366105,15408.377352074922,49030.50012785454
3938.3753753753754,17622.118272626707,9304.344631280906,6658.657323120635,15382.668204459056,48967.78843148731
3945.3813813813813,17598.2680412269,9296.6358727288,6653.350092213602,15357.061458260016,48905.31546442932
3952.3873873873877,17574.52404084556,9288.94491290971,6648.054346179794,15331.556502066469,48843.079802001535
3959.3933933933936,17550.885567457462,9281.2716867201,6642.770047716546,15306.152729386158,48781.08003128027
3966.3993993993995,17527.35192329157,9273.616129402692,6637.497159682868,15280.849538595618,48719.31475097275
3973.4054054054054,17503.92241676135,9265.978176543884,6632.235645098558,15255.646332890841,48657.782571294636
3980.4114114114113,17480.596362395707,9258.35776407118,6626.985467143349,15230.54252023813,48596.48211384837
3987.4174174174177,17457.37308077117,9250.754828250661,6621.746589156018,15205.537513325888,48535.41201150373
3994.4234234234236,17434.25189844491,9243.169305684483,6616.518974633553,15180.630729516846,48474.57090827979
4001.4294294294295,17411.232147888448,9235.601133308379,6611.302587230276,15155.821590800924,48413.957459228026
4008.4354354354355,17388.313167422548,9228.050248389218,6606.097390757016,15131.109523748657,48353.57033031744
4015.4414414414414,17352.821656079614,9226.917295514597,6605.597462727413,15108.24600744119,48293.58242176281
4022.4474474474478,17330.132534352306,9219.387238032607,6600.404624610648,15083.718071539735,48233.64246853529
4029.4534534534537,17307.54205661767,9211.874324361399,6595.222901171317,15059.285535467336,48173.92481761772
4036.4594594594596,17283.630036191636,9205.056466990922,6590.548587355307,15035.192492629849,48114.42758316772
4043.4654654654655,17261.238226493162,9197.576019624834,6585.387795810847,15010.94773265586,48055.14977458471
4050.471471471471,17238.943146510945,9190.112538094294,6580.238016568632,14986.796725025559,47996.09042619943
4057.4774774774774,17216.744175407093,9182.665961718178,6575.099214360943,14962.738927175707,47937.248278661915
4064.4834834834833,17194.64069768238,9175.236230128652,6569.971354070769,14938.773800767758,47878.622082649556
4071.489489489489,17172.632103118944,9167.823283268937,6564.854400731002,14914.900811646443,47820.21059876532
4078.495495495495,17150.71778672309,9160.42706139106,6559.748319523632,14891.119429798475,47762.01259743626
4085.501501501501,17128.897148669104,9153.04750505365,6554.653075778956,14867.429129311768,47704.02685881348
4092.507507507508,17107.169594243867,9145.684555119764,6549.568634974788,14843.82938833541,47646.252172673834
4099.513513513514,17085.53453379211,9138.338152754699,6544.49496273567,14820.319689039921,47588.687338322394
4106.51951951952,17063.99138266226,9131.008239423856,6539.432024832093,14796.899517577876,47531.331164496085
4113.525525525526,17042.539561153142,9123.694756890614,6534.379787179723,14773.568364045275,47474.18246926876
4120.531531531532,17021.178494461357,9116.397647214228,6529.338215838634,14750.325722443167,47417.24007995739
4127.537537537538,16999.907612629115,9109.116852747728,6524.307277012529,14727.171090639715,47360.50283302909
4134.543543543544,16978.72635049309,9101.852316135877,6519.286937047999,14704.103970332859,47303.969574009825
4141.54954954955,16957.634147633613,9094.603980313113,6514.277162433753,14681.123867013308,47247.63915739379
4148.555555555556,16935.267541223908,9088.025903621448,6509.756832986891,14658.459348563081,47191.50962639533
4155.561561561562,16914.35476975268,9080.8082474543,6504.766960680153,14635.65051398522,47135.58049187236
4162.5675675675675,16893.529388298386,9073.606628086227,6499.787558018605,14612.927241036256,47079.85081543947
4169.573573573573,16872.79085505923,9066.420989564695,6494.818592033254,14590.289049994868,47024.31948665205
4176.579579579579,16852.138632731647,9059.251276217052,6489.860029893637,14567.735464753921,46968.985403596256
4183.585585585585,16831.572188463473,9052.097432648603,6484.911838907086,14545.266012786115,46913.847472805275
4190.591591591591,16811.09099380743,9044.959403740664,6479.973986518009,14522.880225109759,46858.904609175865
4197.597597597597,16790.694524675517,9037.837134648682,6475.046440307159,14500.57763625519,46804.15573588655
4204.603603603603,16758.52346041113,9036.792758531185,6474.575343085241,14479.930825653815,46749.82238768137
4211.609609609609,16738.320683205366,9029.689334417331,6469.659171697736,14457.785369017001,46695.454558337435
4218.615615615615,16718.200947045443,9022.601545573543,6464.753238201477,14435.721759427779,46641.27749024824
4225.621621621622,16698.16374596872,9015.529338079512,6459.857510599997,14413.739545149803,46587.29013979803
4232.627627627628,16678.208578139624,9008.472658280545,6454.971957030237,14391.838277794379,46533.491471244786
4239.6336336336335,16658.33494580706,9001.431452785788,6450.096545761871,14370.017512288945,46479.88045664366
4246.639639639639,16637.22687040724,8995.040105511851,6445.695794309005,14348.493001655712,46426.455771883804
4253.645645645645,16617.51756111859,8988.028206597324,6440.839494911895,14326.830675893092,46373.2159385209
4260.651651651652,16597.88830421262,8981.03162855016,6435.993247163045,14305.247541974759,46320.16072190058
4267.657657657657,16578.3386179795,8974.050318993344,6431.157019838789,14283.743167763096,46267.28912457473
4274.663663663663,16558.86802458892,8967.084225805067,6426.330781844861,14262.317124285053,46214.6001565239
4281.669669669669,16539.476050050824,8960.133297117009,6421.514502215736,14240.968985702852,46162.09283508642
4288.675675675675,16520.162224176605,8953.197481312664,6416.708150113956,14219.698329285033,46109.766184888256
4295.681681681682,16500.925736835226,8946.276720129132,6411.911694829475,14198.50421856968,46057.61837036352
4302.687687687688,16481.766814278944,8939.37097627437,6407.125105778989,14177.387272700229,46005.65016903253
4309.693693693694,16462.684652239142,8932.480191947774,6402.348352505298,14156.346559141815,45953.859755834026
4316.6996996996995,16443.67879535452,8925.604316523466,6397.581404676637,14135.38166730476,45902.24618385939
4323.705705705705,16424.748791878283,8918.74329961916,6392.824232086045,14114.49218956562,45850.80851314911
4330.711711711712,16394.527856222354,8917.752299927699,6392.371338389428,14095.147706815807,45799.79920135529
4337.717717717718,16374.497180798999,8911.526015559366,6388.076804650712,14074.60521188782,45748.7052128969
4344.723723723724,16355.817737011372,8904.696004774778,6383.339092411346,14053.930781138208,45697.783615335706
4351.729729729729,16337.212245718883,8897.88069400981,6378.611065531538,14033.330193384008,45647.034198644236
4358.735735735735,16318.680273736087,8891.080033912822,6373.892694297133,14012.803055387883,45596.456057333926
4365.741741741742,16300.221391271567,8884.293975367133,6369.183949115597,13992.348976719417,45546.048292473715
4372.747747747748,16281.835171894707,8877.52246948951,6364.484800515401,13971.967569729874,45495.81001162949
4379.753753753754,16263.521192502489,8870.765467628653,6359.795219145403,13951.658449527084,45445.74032880363
4386.75975975976,16245.279033286874,8864.022921363685,6355.115175774222,13931.421233950656,45395.838364375435
4393.7657657657655,16227.10827770271,8857.294782502688,6350.444641289639,13911.255543547608,45346.10324504264
4400.771771771772,16209.008512435692,8850.581003081208,6345.783586697984,13891.161001548018,45296.534103762904
4407.777777777778,16190.979327370931,8843.881535360804,6341.1319831235305,13871.13723384105,45247.13007969632
4414.783783783784,16171.778308807561,8837.799441064872,6336.931473295641,13851.380647944325,45197.8898711124
4421.78978978979,16142.865677218513,8836.842584850116,6336.4898018079,13832.902115710303,45149.100179586836
4428.795795795795,16114.110080448154,8835.888997823395,6336.0491297828585,13814.512059931145,45100.56026798555
4435.801801801802,16085.510339822575,8834.938661172691,6335.609453831809,13796.209896919207,45052.26835174629
4442.807807807808,16057.065288353886,8833.991556246385,6335.170770581352,13777.995048139597,45004.22266332122
4449.813813813814,16028.77377059692,8833.047664551446,6334.733076673294,13759.86694015322,44956.42145197488
4456.81981981982,16000.634642508026,8832.106967751643,6334.296368764577,13741.825004560777,44908.86298358502
4463.825825825826,15972.646771305795,8831.169447665767,6333.860643527188,13723.868677947181,44861.545540445935
4470.8318318318325,15944.809035333867,8830.235086265906,6333.425897648074,13705.997401826931,44814.467421074776
4477.837837837838,15917.120323925981,8829.303865675713,6332.992127829056,13688.210622590226,44767.62694002098
4484.843843843844,15889.57953727241,8828.375768168726,6332.559330786754,13670.507791449569,44721.02242767746
4491.84984984985,15862.185586288899,8827.450776166688,6332.127503252491,13652.888364387312,44674.652230095395
4498.855855855856,15834.93739248716,8826.528872237908,6331.696641972223,13635.35180210375,44628.51470880104
4505.861861861862,15807.8338878473,8825.610039095633,6331.266743706448,13617.897569965959,44582.60824061534
4512.867867867868,15780.874014692088,8824.69425959644,6330.837805230135,13600.525137957164,44536.93121747582
4519.873873873874,15754.056725563041,8823.781516738669,6330.409823332631,13583.233980627063,44491.4820462614
4526.87987987988,15727.380983098314,8822.871793660861,6329.9827948175935,13566.023577042459,44446.259148619225
4533.885885885886,15700.845759912065,8821.96507364021,6329.556716502899,13548.893410738678,44401.26096079385
4540.891891891893,15674.450038475905,8821.061340091062,6329.131585220571,13531.842969671661,44356.4859334592
4547.8978978978985,15648.192811001803,8820.1605765634,6328.707397816703,13514.871746170598,44311.932531552506
4554.903903903904,15622.073079326705,8819.262766741393,6328.284151151373,13497.979236891237,44267.59923411071
4561.90990990991,15596.089854798704,8818.367894441917,6327.861842098576,13481.164942769696,44223.484534108895
4568.915915915916,15570.242158164925,8817.475943613137,6327.440467546137,13464.428368976927,44179.58693830113
4575.921921921922,15544.529019460972,8816.586898333075,6327.0200243956415,13447.769024873834,44135.90496706352
4582.927927927928,15518.949477901739,8815.70074280822,6326.600509562358,13431.186423966721,44092.437154239036
4589.933933933934,15493.502581774068,8814.817461372148,6326.181919975159,13414.68008386369,44049.182046985065
4596.939939939939,15468.187388330589,8813.937038484164,6325.764252576452,13398.249526231171,44006.13820562238
4603.945945945946,15441.854684817079,8813.62821034213,6325.764252576452,13382.056917159656,43963.30406489532
4610.951951951952,15416.803087818238,8812.752193435434,6325.3475043221015,13365.775161504325,43920.6779470801
4617.957957957958,15391.880398894795,8811.878993386099,6324.931672181352,13349.567783545393,43878.25884800764
4624.963963963964,15367.085710309419,8811.008595124718,6324.5167531367615,13333.434320729883,43836.04537930078
4631.9699699699695,15342.418122780033,8810.140983701172,6324.102744184127,13317.374314355051,43794.036165020385
4638.975975975976,15317.876745382287,8809.276144283358,6323.689642332405,13301.387309528349,43752.2298415264
4645.981981981982,15293.4606954535,8808.414062155964,6323.2774446036465,13285.472855127804,43710.62505734091
4652.987987987988,15269.169098497725,8807.554722719231,6322.866148032921,13269.63050376295,43669.22047301283
4659.993993993993,15245.00108809228,8806.69811148776,6322.4557496682555,13253.85981173618,43628.01476098447
4666.999999999999,15220.955805795378,8805.844214089308,6322.0462465705505,13238.160339004597,43587.00660545983
4674.006006006006,15197.032401055129,8804.993016263601,6321.637635813514,13222.53164914234,43546.19470227459
4681.012012012012,15173.23003111991,8804.144503861195,6321.229914483596,13206.973309303525,43505.577758768224
4688.018018018018,15149.54786094953,8803.298662842308,6320.823079679918,13191.484890185282,43465.154493657035
4695.024024024024,15125.98506312808,8802.455479275697,6320.417128514202,13176.065965991653,43424.92363690963
4702.03003003003,15102.540817777613,8801.614939337536,6320.012058110698,13160.71611439765,43384.883929623495
4709.036036036036,15079.214312473207,8800.777029310315,6319.607865606127,13145.434916513908,43345.034123903555
4716.042042042042,15056.00474215902,8799.941735581744,6319.204548149608,13130.221956851745,43305.37298274212
4723.048048048048,15032.911309065454,8799.109044643688,6318.802102902587,13115.076823288484,43265.899279900215
4730.054054054054,15008.840000448425,8798.826799395192,6318.802102902587,13100.142280436874,43226.61118318308
4737.060060060059,14985.979121543141,8797.998077483353,6318.400527038775,13085.130323736772,43187.50804980204
4744.066066066066,14963.232013379107,8797.171922345156,6317.999817744081,13070.184982484927,43148.58873595327
4751.072072072072,14940.597906669267,8796.348320861778,6317.599972216546,13055.305857656382,43109.85205740397
4758.078078078078,14918.076039013862,8795.527260013467,6317.20098766628,13040.492553426018,43071.29684011963
4765.084084084084,14895.665654823793,8794.708726878514,6316.80286131539,13025.744677136301,43032.921920154
4772.09009009009,14873.366005245378,8793.892708632304,6316.405590397925,13011.06183926568,42994.72614354129
4779.0960960960965,14851.17634808598,8793.079192546304,6316.009172159805,12996.443653397166,42956.708366189254
4786.102102102102,14829.095947740649,8792.268165987143,6315.613603858761,12981.889736187448,42918.867453774
4793.108108108108,14807.124075119647,8791.45961641562,6315.21888276427,12967.39970733623,42881.202281635764
4800.114114114114,14785.260007577112,8790.653531385806,6314.825006157494,12952.973189556164,42843.71173467657
4807.12012012012,14763.50302884024,8789.849898544093,6314.431971331211,12938.609808542724,42806.39470725827
4814.126126126126,14741.852428940007,8789.048705628295,6314.039775589764,12924.309192944991,42769.250103103055
4821.132132132132,14719.251333063732,8788.7837414022,6314.039775589764,12910.201905529952,42732.27675558565
4828.138138138138,14697.813812447826,8787.986240866783,6313.648416248991,12896.024524195635,42695.472993759235
4835.144144144144,14676.480563691972,8787.191147709505,6313.257890636168,12881.908817233603,42658.83841927125
4842.15015015015,14655.250901485962,8786.39845000916,6312.868196089946,12867.854424790186,42622.37197237526
4849.156156156157,14634.124146487038,8785.608135931638,6312.47932996029,12853.860989822984,42586.07260220195
4856.1621621621625,14613.099625255543,8784.820193729067,6312.091289608417,12839.928158073322,42549.93926666635
4863.168168168168,14592.176670191373,8784.034611738984,6311.704072406747,12826.055578039208,42513.97093237631
4870.174174174174,14571.354619471329,8783.2513783835,6311.31767573883,12812.242900948413,42478.16657454207
4877.18018018018,14550.632816987032,8782.47048216849,6310.932096999294,12798.489780731961,42442.525176886775
4884.186186186186,14530.010612283972,8781.69191168277,6310.54733359379,12784.79587399803,42407.04573155856
4891.192192192192,14509.487360500967,8780.915655597306,6310.16338293892,12771.16084000583,42371.72723904302
4898.198198198198,14489.0624223107,8780.14170266443,6309.780242462198,12757.584340640204,42336.56870807753
4905.204204204204,14467.710884404372,8779.891427931165,6309.780242462198,12744.186422986353,42301.56897778409
4912.21021021021,14447.482923196967,8779.12093645896,6309.397909601978,12730.724844977622,42266.72661423553
4919.216216216217,14427.351377514568,8778.352718408565,6309.0163818074025,12717.320808083374,42232.04128581391
4926.222222222223,14407.315629690878,8777.586762835146,6308.635656538347,12703.973984413047,42197.51203347742
4933.2282282282285,14387.375067305496,8776.82305887149,6308.255731265359,12690.684048578158,42163.13790602051
4940.2342342342345,14367.529083128615,8776.061595727278,6307.876603469606,12677.450677668328,42128.91795999383
4947.24024024024,14347.777075066606,8775.302362688364,6307.498270642821,12664.273551227789,42094.85125962558
4954.246246246247,14328.118446108136,8774.545349116035,6307.120730287242,12651.152351231942,42060.936876743355
4961.252252252252,14308.552604271012,8773.79054444633,6306.743979915561,12638.086762064366,42027.17389069727
4968.258258258258,14289.078962549707,8773.037938189318,6306.368017050867,12625.076470493927,41993.56138828382
4975.264264264264,14269.69693886352,8772.287519928408,6305.992839226596,12612.121165652334,41960.09846367086
4982.27027027027,14249.409209051571,8772.049752056982,6305.992839226596,12599.331902497663,41926.78370283281
4989.276276276277,14230.210789626832,8771.302601863137,6305.618443986468,12586.484547084769,41893.6163825612
4996.282282282283,14211.10225955158,8770.557612236571,6305.244828884449,12573.69126486849,41860.59596554109
5003.288288288289,14192.083056032638,8769.814773033142,6304.871991484679,12560.951754184736,41827.721574735195
5010.294294294295,14173.152620950905,8769.074074178787,6304.499929361431,12548.26571562338,41794.992340114506
5017.3003003003005,14154.310400813263,8768.335505668856,6304.128640099059,12535.632852007186,41762.407398588366
5024.306306306307,14135.555846705047,8767.59905756749,6303.75812129194,12523.052868370956,41729.965893935434
5031.312312312313,14116.888414243065,8766.864720006974,6303.388370544423,12510.525471940913,41697.666976735374
5038.318318318318,14098.307563529292,8766.132483187124,6303.019385470779,12498.050372114414,41665.50980430161
5045.324324324323,14079.812759105043,8765.402337374668,6302.65116369515,12485.627280439721,41633.49354061458
5052.33033033033,14060.430528221706,8765.17521536917,6302.65116369515,12473.359646003977,41601.616553290005
5059.336336336336,14042.108195860512,8764.448175470166,6302.2837028515005,12461.03864972195,41569.87872390413
5066.342342342342,14023.870319113246,8763.723201038276,6301.917000583558,12448.768813878894,41538.27933461397
5073.348348348348,14005.716379915548,8763.000282588311,6301.551054544772,12436.549858404374,41506.81757545301
5080.354354354354,13987.64586442087,8762.279410699077,6301.185862398264,12424.381505281732,41475.492642799945
5087.360360360361,13969.658262957693,8761.56057601279,6300.821421816762,12412.263478529076,41444.303739316325
5094.3663663663665,13951.753069987612,8760.843769234516,6300.457730482578,12400.19550418085,41413.25007388556
5101.372372372372,13933.929784063806,8760.128981131611,6300.094786087534,12388.177310269271,41382.330861552226
5108.378378378378,13916.187907789908,8759.416202533144,6299.732586332925,12376.20862680616,41351.54532346214
5115.384384384384,13897.574587347695,8759.198120102912,6299.732586332925,12364.386568510978,41320.891862294506
5122.39039039039,13879.995915929288,8758.488311641415,6299.371128929475,12352.515070535435,41290.37042703561
5129.396396396396,13862.497176204492,8757.780488695531,6299.010411597273,12340.692289522483,41259.98036601978
5136.402402402402,13845.077886653924,8757.07464232279,6298.650432065739,12328.917963199216,41229.72092424167
5143.408408408408,13827.737569610013,8756.370763639829,6298.291188073574,12317.19183118439,41199.59135250781
5150.414414414414,13810.475751218624,8755.66884382185,6297.932677368706,12305.513634971185,41169.59090738036
5157.420420420421,13793.29196140145,8754.968874102111,6297.574897708252,12293.883117910429,41139.71885112224
5164.426426426427,13776.185733818662,8754.270845771422,6297.217846858464,12282.300025193914,41109.97445164246
5171.4324324324325,13758.22200618118,8754.060399221988,6297.217846858464,12270.856314015033,41080.35656627666
5178.438438438438,13741.271290793502,8753.36522784241,6296.861522594683,12259.366304895573,41050.86434612617
5185.444444444444,13724.396751692397,8752.67197513517,6296.505922701302,12247.922971229997,41021.49762075886
5192.45045045045,13707.597937196955,8751.980632603723,6296.1510449717025,12236.526065386268,40992.25568015865
5199.456456456456,13690.874399184011,8751.291191806664,6295.796887208232,12225.175341492599,40963.1378196915
5206.462462462462,13674.225693053408,8750.603644357248,6295.443447222136,12213.870555421763,40934.14334005455
5213.468468468468,13657.651377693683,8749.91798192292,6295.090722833527,12202.611464775659,40905.271547225784
5220.474474474474,13641.151015448082,8749.23419622484,6294.738711871338,12191.397828869995,40876.52175241425
5227.480480480481,13623.806534474277,8749.03102992886,6294.738711871338,12180.316561532942,40847.89283780742
5234.486486486487,13607.45446717093,8748.349994226935,6294.387412173269,12169.192136673706,40819.38401024484
5241.492492492493,13591.175052033092,8747.670813727638,6294.036821585757,12158.112459161703,40790.99514650819
5248.4984984984985,13574.967864954746,8746.993480350313,6293.686937963917,12147.077294994373,40762.72557826335
5255.504504504504,13558.832485120065,8746.317986065835,6293.337759171513,12136.086411808908,40734.57464216632
5262.510510510511,13542.76849497182,8745.644322896145,6292.9892830808985,12125.139578867891,40706.54167981676
5269.516516516516,13526.775480180073,8744.972482913838,6292.641507572991,12114.236567045094,40678.626037712
5276.522522522522,13510.853029611204,8744.30245824171,6292.294430537215,12103.377148811329,40650.827067201455
5283.528528528528,13494.099310302503,8744.106238284357,6292.294430537215,12092.643307805583,40623.14328692966
5290.534534534534,13478.318376870839,8743.438862440491,6291.948049871462,12081.869441561337,40595.57473074413
5297.540540540541,13462.606785331289,8742.773281474852,6291.602363482058,12071.138500166973,40568.120930455174
5304.546546546547,13446.964137091338,8742.109487695187,6291.257369283703,12060.45026232108,40540.7812563913
5311.552552552553,13431.390036604775,8741.447473457436,6290.91306519945,12049.804508251298,40513.555083512954
5318.558558558559,13414.993523354613,8741.255447617852,6290.91306519945,12039.281230524432,40486.44326669635
5325.5645645645645,13398.670779673786,8741.06427434573,6290.91306519945,12028.800857550012,40459.44897676898
5332.570570570571,13382.421371353063,8740.873948699313,6290.91306519945,12018.36316533841,40432.57155059023
5339.576576576577,13366.244867578793,8740.684465774995,6290.91306519945,12007.967931472289,40405.81033002553
5346.582582582583,13350.140840899772,8740.495820706958,6290.91306519945,11997.614935092706,40379.16466189889
5353.588588588588,13334.108867194862,8740.308008666803,6290.91306519945,11987.303956885497,40352.63389794661
5360.594594594594,13318.148525640712,8740.121024863198,6290.91306519945,11977.034779067608,40326.21739477097
5367.600600600601,13302.25939868024,8739.934864541523,6290.91306519945,11966.807185373984,40299.91451379519
5374.606606606607,13286.441071990845,8739.749522983524,6290.91306519945,11956.62096104396,40273.72462121778
5381.612612612613,13270.69313445376,8739.56499550696,6290.91306519945,11946.475892808503,40247.64708796867
5388.618618618619,13255.015178123103,8739.38127746527,6290.91306519945,11936.371768877065,40221.68128966489
5395.624624624625,13239.406798195501,8739.198364247233,6290.91306519945,11926.308378924652,40195.826606566836
5402.6306306306315,13223.867592980368,8739.016251276631,6290.91306519945,11916.28551407941,40170.08242353586
5409.636636636637,13208.397163869891,8738.834934011918,6290.91306519945,11906.30296690973,40144.44812999099
5416.642642642643,13192.995115310028,8738.654407945909,6290.91306519945,11896.36053141213,40118.92311986752
5423.648648648649,13177.661054771312,8738.474668605431,6290.91306519945,11886.458002998681,40093.50679157487
5430.654654654654,13162.394592720239,8738.295711551034,6290.91306519945,11876.59517848492,40068.198547955646
5437.660660660661,13147.195342591005,8738.117532376647,6290.91306519945,11866.771856077909,40042.997796245014
5444.666666666667,13132.062920757395,8737.94012670929,6290.91306519945,11856.98783536411,40017.903948030245
5451.672672672673,13116.996946505093,8737.763490208748,6290.91306519945,11847.242917297704,39992.916419211
5458.678678678679,13101.9970420044,8737.587618567277,6290.91306519945,11837.536904188886,39968.03462996001
5465.684684684685,13087.062832282994,8737.412507509298,6290.91306519945,11827.869599692272,39943.258004684016
5472.690690690691,13072.193945199182,8737.238152791098,6290.91306519945,11818.240808795414,39918.58597198514
5479.696696696697,13057.39001141555,8737.064550200543,6290.91306519945,11808.650337807607,39894.01796462315
5486.7027027027025,13042.650664372604,8736.89169555677,6290.91306519945,11799.09799434852,39869.55341947734
5493.708708708708,13027.975540262993,8736.719584709917,6290.91306519945,11789.583587337202,39845.191777509564
5500.714714714714,13013.36427800579,8736.548213540826,6290.91306519945,11780.106926980996,39820.93248372706
5507.72072072072,12998.816519221305,8736.377577960762,6290.91306519945,11770.667824764767,39796.77498714629
5514.726726726726,12984.331908205939,8736.207673911138,6290.91306519945,11761.266093440094,39772.71874075662
5521.732732732732,12969.910091907408,8736.038497363243,6290.91306519945,11751.901547014579,39748.763201484675
5528.738738738738,12955.550719900346,8735.870044317953,6290.91306519945,11742.574000741342,39724.90783015909
5535.744744744745,12941.25344436196,8735.702310805476,6290.91306519945,11733.283271108547,39701.15209147544
5542.750750750751,12927.017920048176,8735.53529288508,6290.91306519945,11724.029175829131,39677.495453961834
5549.756756756757,12912.843804269847,8735.36898664483,6290.91306519945,11714.811533830434,39653.93738994456
5556.762762762763,12898.730756869392,8735.203388201322,6290.91306519945,11705.630165244227,39630.47737551439
5563.7687687687685,12884.67844019757,8735.038493699432,6290.91306519945,11696.484891396582,39607.11489049304
5570.774774774775,12870.686519090617,8734.874299312056,6290.91306519945,11687.375534797988,39583.84941840011
5577.78078078078,12856.754660847442,8734.710801239853,6290.91306519945,11678.301919133472,39560.680446420214
5584.786786786786,12842.882535207336,8734.547995711006,6290.91306519945,11669.263869252944,39537.60746537073
5591.792792792792,12829.06981432769,8734.38587898096,6290.91306519945,11660.261211161469,39514.629969669564
5598.798798798798,12815.316172762094,8734.224447332195,6290.91306519945,11651.293772009822,39491.74745730356
5605.804804804805,12801.621287438604,8734.063697073965,6290.91306519945,11642.361380084965,39468.95942979698
5612.810810810811,12787.984837638263,8733.903624542072,6290.91306519945,11633.463864800762,39446.26539218055
5619.816816816817,12774.406504973895,8733.744226098623,6290.91306519945,11624.601056688656,39423.664852960625
5626.822822822823,12760.885973369,8733.585498131793,6290.91306519945,11615.772787388541,39401.15732408878
5633.828828828829,12747.422929037088,8733.427437055601,6290.91306519945,11606.978889639679,39378.742320931815
5640.834834834835,12734.01706046108,8733.270039309677,6290.91306519945,11598.219197271783,39356.41936224199
5647.840840840841,12720.668058372768,8733.113301359028,6290.91306519945,11589.49354519586,39334.18797012711
5654.846846846846,12707.375615733006,8732.957219693822,6290.91306519945,11580.801769395797,39312.047670022075
5661.852852852852,12694.139427711594,8732.801790829166,6290.91306519945,11572.14370691931,39289.99799065952
5668.858858858858,12680.959191667556,8732.647011304876,6290.91306519945,11563.519195869423,39268.03846404131
5675.864864864865,12667.83460712977,8732.492877685274,6290.91306519945,11554.928075395936,39246.16862541043
5682.870870870871,12654.765375777617,8732.339386558953,6290.91306519945,11546.370185686921,39224.38801322294
5689.876876876877,12641.75120142186,8732.186534538585,6290.91306519945,11537.845367960312,39202.6961691202
5696.882882882883,12628.79178998581,8732.034318260698,6290.91306519945,11529.353464455611,39181.09263790157
5703.888888888889,12615.886849486633,8731.882734385468,6290.91306519945,11520.894318425684,39159.57696749723
5710.8948948948955,12603.036090016923,8731.731779596515,6290.91306519945,11512.467774128614,39138.1487089415
5717.900900900901,12590.239223726294,8731.581450600701,6290.91306519945,11504.073676819564,39116.80741634601
5724.906906906907,12577.495964803393,8731.431744127916,6290.91306519945,11495.71187274289,39095.55264687365
5731.912912912913,12564.806029457868,8731.282656930895,6290.91306519945,11487.38220912408,39074.38396071229
5738.918918918918,12552.16913590281,8731.134185785006,6290.91306519945,11479.084534162092,39053.30092104936
5745.924924924925,12539.58500433712,8730.986327488063,6290.91306519945,11470.818697021463,39032.30309404609
5752.930930930931,12527.053356928109,8730.839078860125,6290.91306519945,11462.584547824652,39011.39004881233
5759.936936936937,12514.57391779444,8730.692436743308,6290.91306519945,11454.38193764443,38990.56135738163
5766.942942942943,12502.146412989066,8730.546398001596,6290.91306519945,11446.21071849634,38969.816594686454
5773.948948948949,12489.770570482438,8730.400959520644,6290.91306519945,11438.070743331253,38949.15533853379
5780.954954954956,12477.446120145814,8730.256118207612,6290.91306519945,11429.961866027867,38928.57716958074
5787.9609609609615,12465.172793734888,8730.111870990953,6290.91306519945,11421.883941385511,38908.0816713108
5794.966966966967,12452.950324873378,8729.968214820257,6290.91306519945,11413.836825116801,38887.668430009886
5801.972972972973,12440.778449036961,8729.825146666053,6290.91306519945,11405.820373840439,38867.33703474291
5808.978978978979,12428.65690353728,8729.682663519638,6290.91306519945,11397.834445074153,38847.08707733052
5815.984984984985,12416.585427506185,8729.540762392897,6290.91306519945,11389.878897227605,38826.918152326136
5822.990990990991,12404.56376188003,8729.399440318128,6290.91306519945,11381.953589595401,38806.82985699301
5829.996996996997,12392.591649384214,8729.258694347875,6290.91306519945,11374.058382350146,38786.82179128168
5837.003003003003,12380.668834517914,8729.118521554747,6290.91306519945,11366.193136535641,38766.89355780775
5844.009009009009,12368.795063538832,8728.978919031255,6290.91306519945,11358.357714060021,38747.04476182956
5851.015015015016,12356.970084448263,8728.839883889643,6290.91306519945,11350.551977689118,38727.27501122647
5858.021021021022,12345.193646976142,8728.701413261715,6290.91306519945,11342.775791039649,38707.58391647696
5865.0270270270275,12333.465502566462,8728.563504298683,6290.91306519945,11335.029018572775,38687.971090637366
5872.0330330330335,12321.78540436266,8728.426154170993,6290.91306519945,11327.311525587456,38668.43614932056
5879.039039039039,12310.153107193106,8728.289360068164,6290.91306519945,11319.623178213957,38648.97871067467
5886.045045045045,12298.56836755701,8728.153119198636,6290.91306519945,11311.963843407499,38629.5983953626
5893.051051051051,12287.030943610249,8728.017428789608,6290.91306519945,11304.33338894185,38610.294826541154
5900.057057057057,12275.540595151262,8727.88228608688,6290.91306519945,11296.731683403012,38591.0676298406
5907.063063063062,12264.097083607401,8727.747688354695,6290.91306519945,11289.158596183004,38571.91643334455
5914.069069069069,12252.70017202107,8727.613632875591,6290.91306519945,11281.613997473645,38552.84086756976
5921.075075075075,12241.34962503631,8727.480116950252,6290.91306519945,11274.09775826045,38533.84056544646
5928.081081081081,12230.045208885284,8727.347137897346,6290.91306519945,11266.609750316582,38514.91516229866
5935.087087087087,12218.786691374959,8727.214693053387,6290.91306519945,11259.149846196715,38496.06429582451
5942.093093093093,12207.573841874,8727.082779772583,6290.91306519945,11251.71791923118,38477.28760607721
5949.0990990990995,12196.406431299818,8726.951395426688,6290.91306519945,11244.313843520102,38458.58473544606
5956.105105105105,12185.284232105452,8726.82053740486,6290.91306519945,11236.93749392735,38439.95532863711
5963.11111111111,12174.207018267041,8726.69020311352,6290.91306519945,11229.588746074936,38421.39903265495
5970.117117117116,12163.174565271034,8726.560389976208,6290.91306519945,11222.26747633719,38402.915496783884
5977.123123123122,12152.186650101692,8726.431095433436,6290.91306519945,11214.973561835013,38384.50437256959
5984.129129129129,12141.243051228765,8726.302316942563,6290.91306519945,11207.706880430324,38366.1653138011
5991.135135135135,12130.34354859512,8726.174051977647,6290.91306519945,11200.467310720405,38347.89797649262
5998.141141141141,12119.487923604642,8726.046298029309,6290.91306519945,11193.254732032363,38329.70201886576
6005.147147147147,12108.675959110233,8725.919052604602,6290.91306519945,11186.0690244177,38311.57710133199
6012.153153153153,12097.907439401824,8725.792313226877,6290.91306519945,11178.910068646801,38293.52288647495
6019.15915915916,12087.18215019464,8725.66607743565,6290.91306519945,11171.77774620355,38275.53903903329
6026.1651651651655,12076.499878617502,8725.540342786466,6290.91306519945,11164.671939280035,38257.62522588345
6033.171171171171,12065.860413201222,8725.415106850774,6290.91306519945,11157.592530771168,38239.78111602261
6040.177177177177,12055.2635438672,8725.290367215803,6290.91306519945,11150.539404269537,38222.00638055199
6047.183183183182,12044.709061916054,8725.166121484426,6290.91306519945,11143.512444060094,38204.30069266002
6054.189189189189,12034.196760016444,8725.042367275037,6290.91306519945,11136.511535115145,38186.66372760608
6061.195195195195,12023.72643219379,8724.919102221427,6290.91306519945,11129.536563089057,38169.09516270373
6068.201201201201,12013.2978738195,8724.796323972663,6290.91306519945,11122.587414313362,38151.59467730497
6075.207207207207,12002.91088159982,8724.674030192957,6290.91306519945,11115.663975791638,38134.16195278386
6082.213213213213,11992.565253565172,8724.55221856155,6290.91306519945,11108.766135194572,38116.796672520744
6089.21921921922,11982.260789059466,8724.430886772601,6290.91306519945,11101.89378085502,38099.49852188654
6096.225225225226,11971.99728872939,8724.310032535048,6290.91306519945,11095.046801763137,38082.26718822702
6103.2312312312315,11961.774554514031,8724.18965357251,6290.91306519945,11088.22508756152,38065.10236084751
6110.237237237237,11951.592389634428,8724.06974762315,6290.91306519945,11081.4285285404,38048.00373099743
6117.243243243243,11941.450598583258,8723.950312439585,6290.91306519945,11074.657015632942,38030.97099185523
6124.249249249249,11931.348987114687,8723.831345788743,6290.91306519945,11067.9104404104,38014.00383851328
6131.255255255255,11921.287362234303,8723.712845451777,6290.91306519945,11061.188695077635,37997.101967963164
6138.261261261261,11911.265532188983,8723.594809223927,6290.91306519945,11054.4916724683,37980.26507908066
6145.267267267267,11901.283306457133,8723.47723491443,6290.91306519945,11047.819266040362,37963.49287261137
6152.273273273273,11891.340495738788,8723.360120346395,6290.91306519945,11041.171369871481,37946.78505115611
6159.27927927928,11881.436911945879,8723.243463356699,6290.91306519945,11034.54787865455,37930.14131915658
6166.285285285286,11871.572368192787,8723.12726179589,6290.91306519945,11027.948687693257,37913.56138288138
6173.291291291292,11861.746678786509,8723.011513528052,6290.91306519945,11021.373692897516,37897.044950411524
6180.2972972972975,11851.959659217446,8722.896216430729,6290.91306519945,11014.822790779162,37880.59173162679
6187.303303303303,11842.211126149978,8722.781368394799,6290.91306519945,11008.295878447663,37864.20143819189
6194.309309309309,11832.500897413209,8722.666967324383,6290.91306519945,11001.792853605659,37847.8737835427
6201.315315315315,11822.828791991711,8722.553011136733,6290.91306519945,10995.313614544773,37831.60848287267
6208.321321321321,11813.19463001659,8722.43949776213,6290.91306519945,10988.858060141374,37815.40525311955
6215.327327327327,11803.59823275623,8722.326425143794,6290.91306519945,10982.426089852243,37799.263812951714
6222.333333333333,11794.039422607695,8722.213791237768,6290.91306519945,10976.017603710641,37783.183882755555
6229.33933933934,11784.518023087592,8722.101594012825,6290.91306519945,10969.632502321945,37767.165184621816
6236.345345345346,11775.033858823439,8721.989831450375,6290.91306519945,10963.270686859634,37751.2074423329
6243.351351351352,11765.58675554507,8721.878501544361,6290.91306519945,10956.932059061268,37735.31038135015
6250.357357357358,11756.176540075832,8721.767602301163,6290.91306519945,10950.616521224383,37719.47372880083
6257.3633633633635,11746.803040324301,8721.657131739501,6290.91306519945,10944.323976202586,37703.697213465835
6264.36936936937,11737.466085275686,8721.547087890343,6290.91306519945,10938.054327401507,37687.980565766986
6271.375375375375,11728.16550498346,8721.437468796816,6290.91306519945,10931.80747877487,37672.323517754594
6278.381381381381,11718.901130561277,8721.328272514094,6290.91306519945,10925.58333482073,37656.725803095556
6285.387387387387,11709.672794174503,8721.219497109334,6290.91306519945,10919.38180057746,37641.18715706075
6292.393393393393,11700.480329032309,8721.111140661553,6290.91306519945,10913.202781620035,37625.70731651335
6299.3993993994,11691.323569379463,8721.003201261567,6290.91306519945,10907.04618405613,37610.28601989661
6306.405405405406,11682.202350488451,8720.895677011878,6290.91306519945,10900.911914522498,37594.92300722228
6313.411411411412,11673.116508651525,8720.788566026598,6290.91306519945,10894.799880181083,37579.61802005865
6320.417417417418,11664.065881172826,8720.681866431356,6290.91306519945,10888.70998871544,37564.37080151907
6327.423423423424,11655.050306360747,8720.575576363213,6290.91306519945,10882.642148327042,37549.18109625045
6334.4294294294305,11646.069623520143,8720.46969397057,6290.91306519945,10876.596267731622,37534.048650421784
6341.435435435436,11637.123672944743,8720.364217413093,6290.91306519945,10870.572256155567,37518.97321171285
6348.4414414414405,11628.212295909589,8720.259144861615,6290.91306519945,10864.57002333238,37503.95452930303
6355.447447447446,11619.33533466354,8720.154474498058,6290.91306519945,10858.589479499062,37488.99235386011
6362.453453453453,11610.492632421885,8720.050204515353,6290.91306519945,10852.630535392675,37474.08643752936
6369.459459459459,11601.684033359015,8719.94633311735,6290.91306519945,10846.69310224684,37459.23653392265
6376.465465465465,11592.909382601101,8719.842858518743,6290.91306519945,10840.777091788243,37444.44239810754
6383.471471471471,11584.168526218875,8719.739778944982,6290.91306519945,10834.882416233238,37429.70378659655
6390.477477477477,11575.461311220568,8719.637092632196,6290.91306519945,10829.008988284446,37415.020457336665
6397.483483483484,11566.787585544664,8719.534797827111,6290.91306519945,10823.15672112737,37400.3921696986
6404.48948948949,11558.14719805305,8719.432892786976,6290.91306519945,10817.325528427067,37385.81868446655
6411.495495495496,11549.539998523982,8719.331375779475,6290.91306519945,10811.515324324842,37371.299763827745
6418.5015015015015,11540.965837645135,8719.230245082668,6290.91306519945,10805.726023434918,37356.83517136217
6425.507507507507,11532.424567006874,8719.129498984885,6290.91306519945,10799.957540841218,37342.42467203243
6432.513513513513,11523.91603909546,8719.029135784676,6290.91306519945,10794.209792094158,37328.068032173745
6439.519519519519,11515.440107286275,8718.929153790725,6290.91306519945,10788.482693207363,37313.76501948381
6446.525525525525,11506.996625837215,8718.82955132177,6290.91306519945,10782.77616065452,37299.515403012956
6453.531531531531,11498.585449882114,8718.730326706536,6290.91306519945,10777.090111366237,37285.31895315433
6460.537537537537,11490.206435424183,8718.631478283663,6290.91306519945,10771.424462726947,37271.175441634245
6467.543543543544,11481.859439329564,8718.533004401623,6290.91306519945,10765.779132571744,37257.084641502384
6474.54954954955,11473.544319320883,8718.434903418656,6290.91306519945,10760.154039183328,37243.04632712231
6481.555555555556,11465.260933970896,8718.3371737027,6290.91306519945,10754.549101288965,37229.06027416201
6488.561561561562,11457.009142696179,8718.239813631304,6290.91306519945,10748.964238057442,37215.12625958438
6495.5675675675675,11448.788805750966,8718.142821591584,6290.91306519945,10743.399369096123,37201.24406163812
6502.573573573573,11440.599784220769,8718.04619598013,6290.91306519945,10737.854414447847,37187.4134598482
6509.579579579579,11432.441940016457,8717.949935202945,6290.91306519945,10732.329294588148,37173.634235007
6516.585585585585,11424.315135868019,8717.854037675379,6290.91306519945,10726.823930422193,37159.90616916504
6523.591591591591,11416.219235318575,8717.758501822054,6290.91306519945,10721.338243281896,37146.22904562198
6530.597597597597,11408.154102718436,8717.663326076807,6290.91306519945,10715.872154923087,37132.602648917775
6537.603603603604,11400.119603219156,8717.568508882612,6290.91306519945,10710.42558752264,37119.026764823866
6544.60960960961,11392.115602767617,8717.47404869152,6290.91306519945,10704.998463675605,37105.50118033419
6551.615615615616,11384.141968100254,8717.379943964592,6290.91306519945,10699.590706392404,37092.0256836567
6558.621621621622,11376.198566737303,8717.286193171833,6290.91306519945,10694.20223909609,37078.60006420468
6565.627627627628,11368.285266977013,8717.192794792129,6290.91306519945,10688.832985619523,37065.22411258811
6572.6336336336335,11360.401937890058,8717.099747313181,6290.91306519945,10683.482870202675,37051.89762060536
6579.639639639639,11352.548449313825,8717.007049231444,6290.91306519945,10678.151817489865,37038.620381234585
6586.645645645645,11344.724671846863,8716.914699052057,6290.91306519945,10672.839752527014,37025.39218862538
6593.651651651651,11336.930476843527,8716.822695288796,6290.91306519945,10667.546600759193,37012.21283809097
6600.657657657657,11329.165736408157,8716.73103646399,6290.91306519945,10662.272288027603,36999.0821260992
6607.663663663664,11321.430323389975,8716.639721108484,6290.91306519945,10657.016740567258,36985.99985026517
6614.66966966967,11313.72411137759,8716.548747761557,6290.91306519945,10651.779885004262,36972.96580934286
6621.675675675676,11306.046974693569,8716.458114970876,6290.91306519945,10646.561648353118,36959.979803217015
6628.681681681682,11298.3987883893,8716.367821292426,6290.91306519945,10641.361958014324,36947.0416328955
6635.687687687688,11290.779428239628,8716.277865290458,6290.91306519945,10636.180741771675,36934.151100501214
6642.6936936936945,11283.188770737708,8716.18824553743,6290.91306519945,10631.017927789817,36921.30800926441
6649.6996996997,11275.626693089884,8716.098960613948,6290.91306519945,10625.87344461172,36908.512163515
6656.705705705705,11268.093073210492,8716.010009108697,6290.91306519945,10620.747221156138,36895.76336867478
6663.711711711711,11260.587789716903,8715.921389618403,6290.91306519945,10615.639186715245,36883.06143125
6670.717717717717,11253.110721924331,8715.833100747763,6290.91306519945,10610.549270951991,36870.406158823534
6677.723723723724,11245.66174984112,8715.745141109393,6290.91306519945,10605.477403897938,36857.7973600479
6684.72972972973,11238.240754163462,8715.657509323773,6290.91306519945,10600.423515950557,36845.23484463724
6691.735735735736,11230.84761627085,8715.570204019186,6290.91306519945,10595.387537871062,36832.71842336055
6698.741741741742,11223.48221822095,8715.48322383167,6290.91306519945,10590.369400781894,36820.24790803396
6705.747747747748,11216.14444274492,8715.396567404961,6290.91306519945,10585.369036164424,36807.82311151375
6712.753753753755,11208.834173242645,8715.31023339044,6290.91306519945,10580.386375856608,36795.443847689145
6719.7597597597605,11201.551293777913,8715.224220447075,6290.91306519945,10575.421352050627,36783.10993147506
6726.765765765766,11194.29568907387,8715.13852724137,6290.91306519945,10570.473897290682,36770.821178805374
6733.771771771772,11187.067244508187,8715.053152447319,6290.91306519945,10565.54394447055,36758.5774066255
6740.777777777777,11179.86584610858,8714.96809474634,6290.91306519945,10560.631426831464,36746.37843288583
6747.783783783784,11172.691380548204,8714.883352827243,6290.91306519945,10555.736277959822,36734.22407653472
6754.78978978979,11165.543735141095,8714.798925386156,6290.91306519945,10550.858431784882,36722.11415751158
6761.795795795796,11158.422797837684,8714.714811126496,6290.91306519945,10545.997822576664,36710.048496740295
6768.801801801802,11151.328457220297,8714.631008758892,6290.91306519945,10541.154384943638,36698.02691612228
6775.807807807808,11144.260602498842,8714.547517001165,6290.91306519945,10536.328053830624,36686.04923853008
6782.813813813814,11137.219123506333,8714.46433457826,6290.91306519945,10531.518764516659,36674.1152878007
6789.81981981982,11130.203910694518,8714.3814602222,6290.91306519945,10526.726452612702,36662.22488872887
6796.825825825826,11123.214855129645,8714.298892672035,6290.91306519945,10521.951054059646,36650.37786706077
6803.831831831832,11116.25184848809,8714.216630673798,6290.91306519945,10517.19250512612,36638.57404948746
6810.8378378378375,11109.314783052285,8714.13467298046,6290.91306519945,10512.450742406483,36626.81326363867
6817.843843843843,11102.403551706266,8714.053018351873,6290.91306519945,10507.725702818638,36615.09533807623
6824.849849849849,11095.518047931708,8713.971665554727,6290.91306519945,10503.017323602011,36603.4201022879
6831.855855855855,11088.658165803705,8713.890613362506,6290.91306519945,10498.325542315539,36591.7873866812
6838.861861861861,11081.823799986663,8713.809860555439,6290.91306519945,10493.650296835574,36580.19702257712
6845.867867867868,11075.014845730218,8713.72940592045,6290.91306519945,10488.991525353867,36568.648842203984
6852.873873873874,11068.231198865275,8713.649248251124,6290.91306519945,10484.349166375658,36557.1426786915
6859.87987987988,11061.47275579995,8713.569386347644,6290.91306519945,10479.723158717583,36545.678366064625
6866.885885885886,11054.73941351551,8713.489819016766,6290.91306519945,10475.113441505659,36534.255739237386
6873.891891891892,11048.031069562636,8713.410545071756,6290.91306519945,10470.519954173522,36522.87463400736
6880.897897897898,11041.347622057405,8713.33156333236,6290.91306519945,10465.94263646034,36511.53488704956
6887.9039039039035,11034.688969677361,8713.252872624751,6290.91306519945,10461.381428408866,36500.23633591043
6894.909909909909,11028.0550116578,8713.174471781489,6290.91306519945,10456.836270363598,36488.97881900234
6901.915915915915,11021.445647787863,8713.096359641479,6290.91306519945,10452.307102968853,36477.76217559764
6908.921921921921,11014.86077840679,8713.018535049921,6290.91306519945,10447.79386716686,36466.586245823026
6915.927927927928,11008.300304400216,8712.940996858284,6290.91306519945,10443.296504195974,36455.45087065393
6922.933933933934,11001.764127196378,8712.863743924243,6290.91306519945,10438.814955588683,36444.35589190876
6929.93993993994,10995.252148762433,8712.786775111646,6290.91306519945,10434.349163169847,36433.30115224337
6936.945945945946,10988.764271600916,8712.710089290487,6290.91306519945,10429.899069054929,36422.28649514579
6943.951951951952,10982.30039874593,8712.633685336838,6290.91306519945,10425.464615648034,36411.31176493025
6950.957957957959,10975.860433759728,8712.557562132826,6290.91306519945,10421.045745640247,36400.37680673225
6957.9639639639645,10969.444280729005,8712.481718566587,6290.91306519945,10416.642402007768,36389.48146650281
6964.9699699699695,10963.051844261416,8712.406153532233,6290.91306519945,10412.254528010115,36378.62559100321
6971.975975975975,10956.683029482072,8712.330865929796,6290.91306519945,10407.882067188453,36367.80902779977
6978.981981981981,10950.337742030059,8712.255854665209,6290.91306519945,10403.524963363778,36357.031625258496
6985.987987987988,10944.015888054964,8712.181118650251,6290.91306519945,10399.18316063523,36346.293232539894
6992.993993993994,10937.717374213418,8712.106656802513,6290.91306519945,10394.8566033783,36335.59369959368
7000.0,10931.442107665769,8712.032468045361,6290.91306519945,10390.54523624318,36324.93287715376
