WS,fuel,fcrew,ccrew,depr,total
1.0,37804.25573454556,519532.33658236294,360796.2532729771,1.2748777559408643e6,2.19301060153075e6
8.006006006006006,33961.59499168823,191620.74806719096,133760.48803459265,453621.3658153348,812964.1969088066
15.012012012012013,32647.160121952784,142676.79312891592,99772.97679693314,333210.7693970255,608307.6994448274
22.01801801801802,32841.1613457018,117980.42071919258,82481.86159910998,278444.36005906254,511747.8037230669
29.024024024024026,32366.065455876695,103664.09416897995,72519.42431834951,243790.45541674798,452340.0393599542
36.030030030030034,31958.589980410674,93769.70882589079,65633.58464608972,219776.65807812897,411138.54153052013
43.03603603603604,32150.484804289725,85805.37309888702,60042.63341995545,202631.4633644444,380629.9546875766
50.04204204204204,31346.419147432112,80590.41183791094,56455.7279492568,187930.18863238377,356322.7475669836
57.04804804804805,31488.39798804515,75491.69559615578,52873.111836096476,177067.84035001002,336921.0457703074
64.05405405405405,31290.42454866266,71574.88648294896,50143.57003561137,167644.45935025843,320653.3404174814
71.06006006006007,31233.789256242857,68133.66405217872,47736.23032685108,159787.55522571367,306891.2388609863
78.06606606606607,30783.055310107255,65533.45179504481,45942.64026216544,152631.62174819084,294890.7691155083
85.07207207207207,30502.536705232815,63143.18756692134,44283.90769742022,146514.42593768178,284444.0579072562
92.07807807807808,30772.04194369782,60548.69958457729,42448.40139793104,141549.51178136867,275318.6547075748
99.08408408408408,30689.219649280905,58528.8994594527,41037.15224636745,136830.2239589913,267085.4953140924
106.0900900900901,30194.656908228568,57070.36094023497,40041.41728141154,132288.98294623863,259595.41807611368
113.0960960960961,30220.574308088362,55330.389816685485,38819.13912848014,128530.29756689392,252900.40082014792
120.10210210210212,30343.551856743587,53665.38607329797,37644.84351751881,125157.77566614632,246811.55711370666
127.10810810810811,30068.62312569356,52458.28534929917,36811.88678740138,121815.51201656817,241154.30727896228
134.11411411411413,29856.363539889804,51310.33574141587,36016.7666053293,118777.3922712854,235960.85815792036
141.12012012012013,30013.277921547473,49955.86023093539,35058.245597644374,116186.45143844186,231213.8351885691
148.12612612612614,29881.173992543918,48923.12649563795,34339.714299683044,113606.18503145743,226750.19981932233
155.13213213213214,29786.479164283952,47936.49693190546,33651.57809005652,111221.32623470355,222595.88042094948
162.13813813813815,29723.5721181771,46992.75141019692,32991.94510390702,109007.47098437318,218715.73961665423
169.14414414414415,29652.126559335473,46115.390852774595,32379.016781885213,106932.67221185549,215079.20640585077
176.15015015015015,29640.879691437396,45247.85106166443,31770.434841550137,105003.98433255474,211663.1499272067
183.15615615615616,29616.449299543598,44439.93768798581,31204.105674700335,103185.68546663516,208446.1781288649
190.16216216216216,29349.436031815476,43859.98413206096,30808.22937450263,101349.9878233713,205367.63736175036
197.16816816816817,29366.257557375262,43105.11391019234,30277.212661790298,99741.69077914592,202490.27490850384
204.17417417417417,29398.53670715095,42378.3474243088,29765.341811549268,98223.53748644548,199765.7634294545
211.1801801801802,29200.592125147046,41856.621126558806,29406.961433992456,96679.7679034551,197143.94258915342
218.1861861861862,29261.127972632665,41174.83308360165,28925.50479124662,95317.34985552747,194678.81570300838
225.1921921921922,29071.426732609674,40705.963880979434,28603.52347157769,93922.99733382592,192303.91141899273
232.19819819819818,29155.069939583216,40064.42129119311,28149.448805221666,92691.9693172927,190060.90935329068
239.20420420420425,29024.760883254316,39604.02316806701,27831.03776810562,91433.7016891515,187893.52350857845
246.21021021021022,29126.867225067006,38999.63053595786,27402.43994676097,90314.12872869935,185843.06643648518
253.21621621621622,28993.666011360445,38584.02953461469,27115.35887887996,89159.43593585164,183852.49036070675
260.22222222222223,29111.787595263962,38013.15309710285,26709.816321438957,88137.05544636115,181971.81246016693
267.22822822822826,28999.937739255427,37620.456352087196,26437.93320513135,87076.3113124394,180134.63860891337
274.23423423423424,28900.619445897268,37236.86249112073,26171.918499173455,86061.24454694286,178370.6449831343
281.24024024024027,28812.61902436158,36862.020135956576,25911.58392972902,85088.28924445294,176674.5123345001
288.2462462462462,28734.877644005905,36495.60026663993,25656.74920541641,84154.28714191927,175041.5142579815
295.2522522522523,28881.586526767882,35989.921663631096,25296.14860523798,83317.20990056322,173484.86669620016
302.25825825825825,28793.363668978833,35657.770398808316,25065.634145067037,82445.22365451632,171961.9918673705
309.2642642642643,28737.44852139809,35317.300968059484,24828.210935121377,81608.57755289934,170491.5379774783
316.2702702702702,28689.005517231337,34984.05921903914,24595.58206637056,80801.77949043218,169070.42629307322
323.2762762762763,28647.448194536802,34657.801149357445,24367.603528054206,80022.96406890257,167695.81694085101
330.28228228228227,28612.255634692556,34338.295421461364,24144.137030330443,79270.44465571184,166365.1327421962
337.2882882882883,28582.964006258568,34025.32236124979,23925.049722431304,78542.69163235882,165076.0277222985
344.2942942942943,28537.473369597144,33732.331871056675,23720.445516058266,77835.81306604344,163826.06382275553
351.3003003003003,28518.951949624698,33431.50939550011,23509.518826662264,77153.39520864771,162613.3753804348
358.30630630630634,28505.19686971333,33136.63117994521,23302.609830352107,76491.91217722921,161436.35005723988
365.3123123123123,28495.911524904273,32847.51587976247,23099.60463440643,75850.30142175277,160293.33346082596
372.3183183183183,28470.20339025064,32576.66964449652,22909.886395633584,75225.47225744634,159182.2316878271
379.3243243243243,28469.17365478947,32298.299175476648,22714.167597223244,74620.54221753938,158102.18264502875
386.33033033033036,28451.901949718944,32037.50434932913,22531.242236716378,74031.21657174152,157051.865107506
393.33633633633633,28458.196274929047,31769.270410205372,22342.423789522858,73459.59216875331,156029.48264341056
400.3423423423423,28293.60608474349,31616.978690282274,22240.376155877424,72869.52155074435,155020.48248164752
407.34834834834834,28288.46742878291,31368.295424163563,22065.55333152802,72327.16764104916,154049.48382552364
414.35435435435437,28305.46379448801,31112.433445399212,21885.078953395154,71800.20686797406,153103.18306125642
421.3603603603604,28325.255134461055,30861.202947819416,21707.78775791708,71286.9615548328,152181.20739503036
428.3663663663663,28328.992374350073,30625.603296088626,21541.913786842066,70785.55918749707,151282.0686447778
435.3723723723724,28189.865871420774,30485.703516339112,21447.63732433177,70269.59083470379,150392.79754679545
442.37837837837833,28199.843447052575,30256.454135668748,21286.022124151328,69792.37893128749,149534.69863816013
449.3843843843844,28230.2779774741,30020.38185108704,21119.07802507913,69327.70408366654,148697.4419373068
456.3903903903904,28245.09219330121,29798.915417377124,20962.814963483615,68873.4321753322,147880.25474949414
463.39639639639637,28122.536609114064,29667.556201894415,20873.952006643307,68405.78415965951,147069.8289773113
470.4024024024024,28142.296909517132,29451.850095225254,20721.585259062245,67971.82278552972,146287.55504933436
477.4084084084085,28181.378537199675,29229.56496866109,20564.10813914875,67548.5582934457,145523.60993845522
484.41441441441435,28053.067910385424,29113.935879842167,20486.34743404474,67112.39217082837,144765.7433951007
491.42042042042044,28095.95139422504,28897.312781026692,20332.74152070884,66707.03681000648,144033.04250596705
498.4264264264264,28123.81319535263,28693.95487983644,20188.851469853682,66310.30552934251,143316.92507438525
505.43243243243245,28022.19077949916,28573.593170899963,20107.004681744864,65902.74525240641,142605.5338845504
512.4384384384385,28053.635780655695,28375.277379394785,19966.56000102691,65522.0639455214,141917.5371065988
519.4444444444445,27942.79037387937,28267.382688425503,19893.65099195478,65132.35920798674,141236.18326224637
526.4504504504504,27993.55928290497,28064.585236040377,19749.572599416937,64766.92898311426,140574.64610147654
533.4564564564565,28029.910599676536,27874.131158916167,19614.54055453937,64409.19862401822,139927.7809371503
540.4624624624624,27942.607586311067,27761.55983269782,19537.701365779678,64042.41207106089,139284.28085584944
547.4684684684685,27981.7694897263,27575.66220701861,19405.80325974596,63698.16493666178,138661.39989315264
554.4744744744744,27884.517423930432,27474.67521694402,19337.30565090551,63346.13652421954,138042.6348159995
561.4804804804805,27941.65875478018,27284.393854206242,19201.895075421013,63014.70034818637,137442.6480325938
568.4864864864866,27849.57299551685,27185.876732536715,19134.969916198446,62676.39872151562,136846.81836576766
575.4924924924924,27893.834073931474,27008.53227758587,19008.96626615179,62356.90219259193,136268.23481026106
582.4984984984985,27821.509146958808,26903.90787093092,18937.24374811282,62031.36086629173,135694.0216322943
589.5045045045046,27867.9254265545,26730.64711189761,18814.0666970249,61723.05087319221,135135.69010866922
596.5105105105105,27785.148635726306,26636.71571538317,18750.07622808231,61409.49952720687,134581.44010639866
603.5165165165165,27833.72666177785,26467.332592657553,18629.58050995372,61111.964217825225,134042.60398221435
610.5225225225225,27769.353755892662,26367.460854527173,18560.95673192036,60809.18360719592,133506.9549495361
617.5285285285286,27819.789746211747,26201.886181847236,18443.105360961425,60521.6620065082,132986.44329552862
624.5345345345346,27744.83750642871,26112.199322921737,18381.86066078628,60229.569454895296,132468.46694503204
631.5405405405404,27811.125241218437,25942.435729114182,18260.711736990845,59951.31697555683,131965.5896828803
638.5465465465466,27739.510194090097,25854.78494849133,18200.79775319712,59668.842571868954,131463.9354676475
645.5525525525526,27670.73729441609,25767.867050477278,18141.317699581024,59392.10027647857,130972.02232095296
652.5585585585585,27725.161755877616,25610.643500867038,18029.261976578287,59126.7454945786,130491.81272790155
659.5645645645645,27672.979938971264,25518.103010386305,17965.434411195118,58858.315706332825,130014.8330668855
666.5705705705706,27728.900667133985,25364.282269787527,17855.751481301555,58601.39291919237,129550.32733741544
673.5765765765766,27665.94528293118,25281.111444756152,17798.73496183246,58341.632976931054,129087.42466645084
680.5825825825826,27605.379443167207,25198.608945794156,17742.121340655547,58086.7488574836,128632.8585871005
687.5885885885886,27663.14558361505,25049.108991888912,17635.444010241954,57840.96373081416,128188.66231656008
694.5945945945946,27618.08147648457,24961.177926686698,17574.655541900825,57592.97101668484,127746.88596175693
701.6006006006006,27562.041042187924,24881.0902044108,17519.61148481885,57349.95758883266,127312.70032025024
708.6066066066065,27621.368173675994,24735.780101952856,17415.858840580357,57114.4359908978,126887.44310710701
715.6126126126127,27567.59399230496,24657.339656398224,17361.909320755334,56878.314795791164,126465.15776524969
722.6186186186186,27528.37546176739,24572.61987261252,17303.217564491304,56645.630982633986,126049.8438815052
729.6246246246246,27589.12756344521,24431.323484505898,17202.2708554773,56419.72499742465,125642.44690085306
736.6306306306307,27539.155823437886,24355.110144846854,17149.782179670947,56193.89057872575,125237.93872668144
743.6366366366366,27490.95793977178,24279.471241784853,17097.649428893987,55971.77335593221,124839.85196638282
750.6426426426426,27553.097436178945,24141.9745544461,16999.358801248487,55754.99546669795,124449.42625857148
757.6486486486486,27506.699693432314,24067.840395919266,16948.235308558676,55538.70073157071,124061.47612948096
764.6546546546547,27461.91775711881,23994.25431212853,16897.453992077484,55325.82452495461,123679.45058627942
771.6606606606607,27537.394850591158,23853.9227350615,16796.904215631446,55116.87998351923,123305.10178480334
778.6666666666666,27494.08980823082,23781.823851290323,16747.129033245456,54909.3204821253,122932.3631748919
785.6726726726727,27452.266331920313,23710.248127705392,16697.682580716773,54704.91921589906,122565.11625624154
792.6786786786788,27411.86846279507,23639.18864019044,16648.56160709936,54503.58008407506,122203.19879415994
799.6846846846846,27476.47561777593,23509.751698921555,16555.91989509375,54305.399122602976,121847.54633439421
806.6906906906906,27437.46654935656,23440.05654962225,16507.722410799182,54108.914765211295,121494.16027498929
813.6966966966967,27399.766924541396,23370.855342151783,16459.83819235863,53915.26828728302,121145.72874633483
820.7027027027027,27465.497257100742,23244.750212856557,16369.533489752774,53724.676692564906,120804.45765227498
827.7087087087087,27429.053034756016,23176.85820937059,16322.538157929403,53535.551256913066,120464.00065896907
834.7147147147147,27405.15843578147,23103.411456981146,16271.373581927599,53348.18726832852,120128.13074301874
841.7207207207208,27370.979753672847,23036.501782299576,16225.010735460219,53164.22543763612,119796.71770906876
848.7267267267267,27337.92782133542,22970.0532682648,16178.943439738843,52982.75966199286,119469.68419133194
855.7327327327326,27404.645124884122,22848.76660332287,16092.028914068369,52802.63067548253,119148.07131775789
862.7387387387387,27372.642915666656,22783.54752875225,16046.800760583787,52625.18600991094,118828.17721491362
869.7447447447448,27341.6845333488,22718.770871343066,16001.8574096579,52450.0723728321,118512.38518718188
876.7507507507509,27311.734904373152,22654.431409193992,15957.196175338664,52277.22849790849,118200.59098681429
883.7567567567567,27379.423837452836,22536.91412372166,15872.933178282237,52105.30667977593,117894.57781923265
890.7627627627628,27350.3945900443,22473.744394435755,15829.07306059138,51936.149662329444,117589.36170740088
897.7687687687688,27322.30356600987,22410.994571183808,15785.484954726586,51769.11959654334,117287.9026884636
904.7747747747748,27295.12042863486,22348.659858519168,15742.16633393418,51604.16314178993,116990.10976287813
911.7807807807808,27268.81609056537,22286.735556849915,15699.114702715087,51441.22895017725,116695.89530030763
918.7867867867867,27243.362653893404,22225.217059224327,15656.32759634219,51280.26757477,116405.17488422993
925.7927927927927,27311.845447003972,22112.69741734368,15575.588755832674,51118.80215853331,116118.93377871363
932.7987987987988,27287.14389847035,22052.27072527474,15533.553063768944,50961.094132941296,115834.06182045533
939.8048048048048,27263.238246555513,21992.2343891706,15491.772618564395,50805.2436897649,115552.48894405541
946.810810810811,27240.10417648362,21932.584155334305,15450.245098583438,50651.20742737643,115274.14085777779
953.816816816817,27217.718333014098,21873.31584912201,15408.968210312023,50498.94348130367,114998.9458737518
960.8228228228227,27196.05827649073,21814.42537249937,15367.939687932314,50348.41145666118,114726.83479358359
967.8288288288287,27265.275619015098,21706.591007354316,15290.508446462632,50196.550713461125,114458.92578629317
974.8348348348349,27244.239979656362,21648.721936265854,15250.185664122719,50048.919568853205,114192.06714889815
981.8408408408409,27223.88681143456,21591.21680040806,15210.102713617616,49902.926169096034,113928.13249455627
988.8468468468469,27204.19642054571,21534.071798627374,15170.257458030828,49758.534791787024,113667.06046899094
995.8528528528528,27185.14985961932,21477.283195892796,15130.647785803774,49615.710915330936,113408.79175664682
1002.8588588588589,27166.72889497381,21420.84732140358,15091.271610359989,49474.421168468405,113153.26899520578
1009.8648648648649,27148.915975526128,21364.760566776215,15052.126869736061,49334.63328227794,112900.43669431633
1016.8708708708708,27131.694203260544,21309.01938430644,15013.211526219035,49196.31604451335,112650.24115829937
1023.876876876877,27201.468773988687,21206.796124749235,14939.749467693628,49055.54974900174,112403.56411543328
1030.882882882883,27184.741460893634,21151.994641955946,14901.486283040513,48919.753040239535,112157.97542612963
1037.888888888889,27168.573710837212,21097.526540449282,14863.444814444654,48785.35409169405,111914.89915742518
1044.8948948948948,27152.950569159584,21043.3885125393,14825.623137191418,48652.32504760422,111674.28726649453
1051.9009009009008,27137.857620334336,20989.577303604412,14788.019348820237,48520.63892660882,111436.09319936781
1058.906906906907,27123.280965557507,20936.08971071519,14750.631568803221,48390.26958704092,111200.27183211684
1065.912912912913,27109.20720140514,20882.922581310788,14713.457938229407,48261.191693831024,110966.77941477636
1072.9189189189187,27095.6233995024,20830.072811925496,14676.496619494419,48133.38068693579,110735.57351785811
1079.9249249249249,27082.517087147666,20777.53734696273,14639.745795995492,48006.812751209,110506.61298131489
1086.930930930931,27069.87573989094,20725.313157570803,14603.2036718317,47881.46373592487,110279.85630521832
1093.936936936937,27057.68872274095,20673.397320449007,14566.868471509324,47757.31334269698,110055.26785739625
1100.942942942943,27045.9443304923,20621.786896575428,14530.738439652323,47634.33876314234,109832.80842986239
1107.9489489489488,27116.02261673066,20526.933889382366,14462.501728473706,47507.53609735298,109612.99433193971
1114.954954954955,27104.641918754158,20476.160368444416,14426.955445245101,47386.65424676409,109394.41197920777
1121.960960960961,27093.684060961357,20425.68205604879,14391.607705472872,47266.89713936312,109177.87096184614
1128.966966966967,27083.139010272986,20375.496214098202,14356.456847688934,47148.245126818096,108963.33719887822
1135.9729729729731,27063.978773699473,20330.131965705237,14324.852334679537,47031.8143701229,108750.77744420715
1142.978978978979,27054.261452228657,20280.494695119378,14290.069504184352,46915.30111221093,108540.12676374332
1149.9849849849847,27044.927858659627,20231.14216184829,14255.478874901484,46799.83682441667,108331.38571982607
1156.990990990991,27035.969260068323,20182.071777902842,14221.078855518943,46685.40398850723,108124.52388199733
1163.996996996997,27027.377211821553,20133.28099143061,14186.867872274948,46571.985566531446,107919.51164205855
1171.003003003003,27019.1435466861,20084.767285934082,14152.844368716167,46459.56498371177,107716.32018504811
1178.009009009009,27011.260364404818,20036.528179513945,14119.006805459958,46348.1261120514,107514.92146143012
1185.0150150150148,27003.720021719444,19988.561224136247,14085.35365996051,46237.65325462532,107315.28816044153
1192.021021021021,26996.51512281674,19940.86400492254,14051.883426278837,46128.13113052112,107117.39368453925
1199.027027027027,26989.638510178585,19893.43413946201,14018.594614856558,46019.54486040014,106921.2121248973
1206.033033033033,26983.08325581609,19846.269277144584,13985.485752293323,45911.879952649164,106726.71823790316
1213.0390390390392,26976.842652869786,19799.367098514336,13952.555381127928,45805.12229009531,106533.88742260737
1220.045045045045,26962.360388269364,19756.96354943219,13922.934340324064,45700.39695017965,106342.65522820526
1227.051051051051,26956.74970297576,19710.554118776527,13890.337819461241,45595.39221608821,106153.03385730174
1234.0570570570571,26951.43410075696,19664.40081491975,13857.915680270455,45491.25426536461,105965.00486131178
1241.063063063063,26946.40769885237,19618.50143454956,13825.666524907072,45387.970368277776,105778.54602658677
1248.0690690690692,26941.66479806301,19572.85380257859,13793.588970453127,45285.52811026959,105593.63568136432
1255.0750750750751,26937.19987623206,19527.455771602854,13761.681648718235,45183.915381563806,105410.25267811696
1262.0810810810808,26933.007581986985,19482.305221375354,13729.943206043667,45083.120367181196,105228.3763765872
1269.087087087087,26929.082728732363,19437.400058294395,13698.372303109569,44983.13153734296,105047.98662747929
1276.093093093093,26917.15999182704,19396.804770126506,13669.97161855201,44885.097930599375,104869.03431110494
1283.099099099099,26913.76895762291,19352.35987309108,13638.714153466826,44786.6641885772,104691.50717275802
1290.1051051051052,26910.63017249569,19308.15444275597,13607.620449940061,44689.003535216805,104515.40860040853
1297.111111111111,26907.739066742386,19264.18648505059,13576.689222318892,44592.10550158438,104340.72027569625
1304.117117117117,26905.091208407655,19220.454030219447,13545.919198396905,44495.959860900315,104167.42429792433
1311.1231231231232,26902.682298570933,19176.955132387295,13515.309119238438,44400.55662095107,103995.50317114773
1318.129129129129,26900.50816681549,19133.687869135647,13484.857739005638,44305.88601678535,103824.93979174213
1325.1351351351352,26890.533844107547,19094.57788408488,13457.464046468462,44213.11291569612,103655.688690357
1332.1411411411411,26888.826582273578,19051.745042648472,13427.309604999042,44119.853166578374,103487.73439649947
1339.147147147147,26887.341845284922,19009.138398393454,13397.310346928418,44027.29799835479,103321.08858896157
1346.1531531531532,26886.075945576176,18966.756116640572,13367.465075465574,43935.43849393589,103155.73563161821
1353.1591591591593,26885.025303602484,18924.596384231132,13337.772606116212,43844.26593058879,102991.66022453862
1360.1651651651653,26884.186444255927,18882.657409163054,13308.231766524892,43753.771774111825,102828.8473940557
1367.1711711711712,26875.71380717022,18844.754719626442,13281.659186734121,43665.14101897903,102667.26873250981
1374.177177177177,26875.294347539777,18803.22970337792,13252.4020732512,43575.951162271536,102506.87728644043
1381.183183183183,26875.07643619705,18761.92037557697,13223.29328073208,43487.41518321805,102347.70527572415
1388.1891891891892,26806.516273057725,18756.187045445953,13220.507481581019,43406.55508140688,102189.76588149156
1395.195195195195,26806.872775264423,18715.12769466975,13191.561674855546,43319.25278763688,102032.81493242658
1402.2012012012012,26807.41701069686,18674.280174215062,13162.761812837443,43232.57822674801,101877.03722449738
1409.2072072072071,26800.50202028728,18637.354146313544,13136.845617016015,43147.71644110662,101722.41822472346
1416.213213213213,26801.416298665517,18596.903911905552,13108.318952871876,43062.246843758265,101568.88600720122
1423.2192192192192,26802.510006214547,18556.660741149448,13079.935087915417,42977.383669776355,101416.48950505577
1430.2252252252254,26803.78064461416,18516.623021613417,13051.692950878543,42893.120087755226,101265.21670486135
1437.2312312312313,26805.22578583038,18476.789158677217,13023.591481200543,42809.44940019122,101115.05582589936
1444.2372372372372,26806.843069886032,18437.157575256613,12995.629628894461,42726.36503976558,100965.99531380268
1451.2432432432433,26801.128754715417,18401.3360779868,12970.469485910791,42645.04229206872,100817.97661068174
1458.2492492492493,26803.083538920262,18362.083819785243,12942.768998386644,42563.08155513919,100671.01791223134
1465.2552552552554,26805.20348271481,18323.029378506635,12915.205162804303,42481.68826283738,100525.12628686312
1472.2612612612613,26807.4864839657,18284.171242830653,12887.776968824837,42400.856336602126,100380.29103222332
1479.2672672672672,26809.930498413716,18245.507917703002,12860.483416062432,42320.57981115134,100236.5016433305
1486.2732732732732,26740.08893949242,18243.76403521202,12860.483416062432,42249.437439508954,100093.77383027582
1493.279279279279,26742.961665623745,18205.304501143022,12833.3235139619,42170.12790127603,99951.7175820047
1500.2852852852852,26745.985719413507,18167.036645266762,12806.296281677978,42091.3546903487,99810.67333670695
1507.2912912912914,26749.159343005187,18128.959024200543,12779.400747956412,42013.11233140092,99670.63144656306
1514.2972972972973,26752.480826417846,18091.070209770867,12752.635951016793,41935.39544640308,99531.5824336086
1521.3033033033032,26748.71617597309,18056.824198510534,12728.549329610189,41859.38540925086,99393.47511334467
1528.3093093093094,26752.324419226377,18019.289430600915,12702.0293389732,41782.67248592614,99256.31567472662
1535.3153153153153,26756.075446362287,17981.93942739478,12675.637367576996,41706.46958187242,99120.12182320649
1542.3213213213214,26759.967729494456,17944.772817813646,12649.372489189536,41630.77168529702,98984.88472179466
1549.3273273273273,26701.07172488997,17939.751164821915,12646.86522063609,41563.30692108426,98850.99503143223
1556.3333333333333,26698.218283344544,17906.175945678417,12623.233786508208,41489.6608707841,98717.28888631528
1563.3393393393394,26702.595832961244,17869.380513055792,12597.220351052314,41415.29661958292,98584.49331665227
1570.3453453453453,26707.10576671526,17832.76429733298,12571.33128305703,41341.417019942295,98452.61836704756
1577.3513513513515,26711.74680619368,17796.32598616373,12545.565691368945,41268.01751544252,98321.65599916888
1584.3573573573576,26709.51157570974,17763.393053276228,12522.376662241593,41196.287516859564,98191.56880808712
1591.3633633633633,26714.4040048716,17727.288321511278,12496.842324287456,41123.80264868626,98062.33729935659
1598.3693693693692,26719.423737155234,17691.357779834532,12471.428943797255,41051.78479584688,97933.9952566339
1605.3753753753754,26724.56962758572,17655.600166617383,12446.135661947425,40980.22968813754,97806.53514428806
1612.3813813813813,26668.731851096192,17650.8072859649,12443.720560294825,40916.945505667274,97680.20520302319
1619.3873873873874,26667.27781764117,17618.505296798186,12420.96162804002,40847.33727188238,97554.08201436176
1626.3933933933934,26672.83343548773,17583.096774160633,12395.905999406643,40776.975133531974,97428.81134258698
1633.3993993993993,26678.508296927233,17547.85735204198,12370.967941313764,40707.05865907019,97304.39224935317
1640.4054054054054,26684.301444435696,17512.785820802073,12346.146626869331,40637.58393583263,97180.81782793973
1647.4114114114113,26683.39543940155,17481.08946956988,12323.805935726083,40569.72617286946,97058.01701756698
1654.4174174174175,26689.41268400867,17446.3327262092,12299.203304637535,40501.09072421001,96936.03943906541
1661.4234234234236,26635.901447165754,17441.70103992807,12296.850960014299,40440.87129112722,96815.32473823536
1668.4294294294293,26642.176388056232,17407.132119055626,12272.374992205247,40372.94371688345,96694.62721620055
1675.4354354354355,26641.847354162554,17375.885412996013,12250.34046203382,40306.618488050604,96574.691717243
1682.4414414414416,26648.33383240564,17341.624446859383,12226.078663051161,40239.49976143574,96455.53670375192
1689.4474474474475,26654.930209138187,17307.524391510357,12201.928899562125,40172.796838769966,96337.18033898063
1696.4534534534534,26661.635747772667,17273.58411814074,12177.89039609393,40106.50627014525,96219.61653215258
1703.4594594594594,26661.8032293236,17242.913347294107,12156.254386650528,40041.804369423386,96102.77533269161
1710.4654654654653,26610.3566483261,17238.431449295655,12153.962384326518,39984.32918380496,95987.07966575323
1717.4714714714714,26617.38257139722,17204.812591293165,12130.144103010127,39919.06295688798,95871.40222258848
1724.4774774774774,26624.51289395916,17171.350108395225,12106.434797884021,39854.195657305805,95756.49345754422
1731.4834834834835,26625.188839777133,17141.10647893512,12085.090626403946,39790.89722600019,95642.28317111639
1738.4894894894896,26632.513473357394,17107.937197798965,12061.585518258877,39726.78499870779,95528.82118812302
1745.4954954954953,26639.94063197681,17074.92119179367,12038.187252640613,39663.062438410016,95416.11151482111
1752.5015015015017,26590.224056550247,17070.57439873889,12035.953300198875,39607.873074042545,95304.62482953056
1759.5075075075076,26591.372796747703,17040.74847853458,12014.89510155999,39545.91662898402,95192.93300582629
1766.5135135135133,26599.083141549596,17008.04030406197,11991.708343638142,39483.14393458709,95081.9757238368
1773.5195195195197,26606.89210281747,16975.48219684037,11968.626264031498,39420.74899148411,94971.74955517345
1780.5255255255256,26608.390641702303,16946.060822457912,11947.84832922859,39359.91636973019,94862.216163119
1787.5315315315318,26616.381182570396,16913.78405202371,11924.962398401747,39298.23473165822,94753.36236465408
1794.5375375375377,26568.245529827545,16909.548907642824,11922.7733126232,39245.10076213788,94645.66851223145
1801.5435435435434,26576.41069329016,16877.43881659749,11900.001043150098,39183.981096188196,94537.83164922593
1808.5495495495495,26578.33461932986,16848.417674357417,11879.497814134857,39124.397647417085,94430.64775523922
1815.5555555555554,26586.673996341047,16816.583124127275,11856.91778633872,39063.96957558835,94324.1444823954
1822.5615615615616,26595.107310760908,16784.89268781917,11834.438362103732,39003.90024194303,94218.33860262684
1829.5675675675675,26542.084059497323,16783.67394233086,11834.438362103732,38953.69944778083,94113.89581171275
1836.5735735735734,26550.65862417991,16752.130100322232,11812.058869509408,38894.12650193972,94008.97409595127
1843.5795795795796,26559.32463571719,16720.728388000516,11789.778642615975,38834.904877578585,93904.73654391227
1850.5855855855855,26568.0817667962,16689.46785476795,11767.597021397887,38776.0320366759,93801.17867963793
1857.5915915915916,26570.717934064003,16661.21876017729,11747.627109051211,38718.67702413606,93698.24082742856
1864.5975975975975,26579.640162864085,16630.222901358517,11725.630299431945,38660.46065350039,93595.95401715493
1871.603603603604,26534.191641243502,16626.190044519204,11723.52698506367,38610.81733748753,93494.72600831391
1878.6096096096096,26537.11714148531,16598.193984269103,11703.730227444352,38554.28122045036,93393.32257364911
1885.6156156156155,26546.250059451162,16567.477111295855,11681.926255313007,38496.865027479835,93292.51845353986
1892.621621621622,26555.471074536614,16536.896852556547,11660.217750866434,38439.78375711467,93192.36943507426
1899.6276276276276,26564.779933103317,16506.452307435466,11638.604087475574,38383.035073012994,93092.87140102734
1906.633633633634,26514.412389690664,16505.313723456802,11638.604087475574,38336.05218034415,92994.38238096719
1913.6396396396399,26523.829040303168,16475.00660899471,11617.08464399306,38279.74045970722,92895.66075299817
1920.6456456456453,26533.33172303455,16444.83338994468,11595.65880469329,38223.75511250358,92797.5790301761
1927.6516516516517,26536.88822300504,16417.568297965903,11576.368210502334,38169.26458697278,92700.08931844606
1934.6576576576574,26493.654325589127,16413.685704273143,11574.325959213294,38122.35929473962,92604.0252838152
1941.6636636636638,26503.338983522466,16383.779971994127,11553.085502494363,38067.11493322882,92507.31939123978
1948.6696696696697,26507.14255187723,16356.75423022723,11533.959321638189,38013.36610902934,92411.22221277199
1955.6756756756754,26516.97728811741,16327.096184618125,11512.892073426221,37958.72261465484,92315.68816081659
1962.6816816816818,26526.895903968296,16297.567795898678,11491.915500744475,37904.393419149485,92220.77261976094
1969.6876876876877,26484.673123535016,16293.77081884411,11489.912492676387,37858.81243991323,92127.16887496875
1976.6936936936938,26488.774149533478,16267.095959987902,11471.029018502688,37806.05996876729,92032.95909679135
1983.6996996996997,26498.859171520584,16237.826348393812,11450.232046642373,37752.43419633947,91939.35176289623
1990.7057057057057,26509.026572597188,16208.683868661108,11429.524010082778,37699.115291678136,91846.34974301921
1997.7117117117118,26513.396943683707,16182.351127726844,11410.878651897518,37647.25594670884,91753.88267001692
2004.7177177177177,26472.11538996975,16178.622640983964,11408.904338667466,37602.8788162544,91662.52118587558
2011.7237237237239,26482.43831828563,16149.733714211823,11388.372467111652,37550.23903086973,91570.78353047883
2018.7297297297298,26487.02163696967,16123.627713259764,11369.88335949631,37499.055897510894,91479.58860723664
2025.7357357357355,26497.487193616107,16094.974028003591,11349.51611710831,37446.98044668241,91388.95778541043
2032.7417417417416,26457.076845606443,16091.309764520305,11347.569886486093,37403.6704699232,91299.62696653605
2039.7477477477476,26461.86190742687,16065.427398497446,11329.235073537478,37353.14448644347,91209.66886590526
2046.753753753754,26472.471753656784,16037.020781862298,11309.039681846687,37301.72066907705,91120.25288644282
2053.75975975976,26483.16147911709,16008.735771200965,11288.929399724291,37250.588383060756,91031.41503310311
2060.765765765766,26437.865023989372,16007.742455446596,11288.929399724291,37209.44934554143,90943.98622470169
2067.771771771772,26448.611218227583,15979.579578120776,11268.903689435245,37158.66053201156,90855.75501779516
2074.777777777778,26459.436414438704,15951.536754827515,11248.962017772843,37108.158761056184,90768.09394809525
2081.7837837837837,26464.662450215274,15926.197888505018,11231.004596103448,37059.1003944619,90680.96532928564
2088.7897897897897,26475.625019797633,15898.380122426244,11211.220513386575,37009.13409729196,90594.35975290241
2095.7957957957956,26436.80975011839,15894.839082312594,11209.328679857425,36967.84516946929,90508.82268175771
2102.8018018018015,26442.212850269592,15869.7137594109,11191.51895882838,36919.394758368675,90422.84032687754
2109.8078078078074,26453.30185466793,15842.13211221835,11171.899416282286,36870.03499352202,90337.36837669059
2116.813813813814,26464.46896032908,15814.666875975086,11152.361373904472,36820.953020805035,90252.45023101367
2123.8198198198197,26420.80686654448,15813.720922223149,11152.361373904472,36781.72547427992,90168.61463695203
2130.825825825826,26432.01578531461,15786.37228208036,11132.904324109035,36732.95775240392,90084.25014390792
2137.8318318318316,26443.30217095381,15759.138594001293,11113.527763523727,36684.46383051934,90000.43235899817
2144.8378378378375,26449.11250999225,15734.533008980643,11096.079418944923,36637.391454159246,89917.11639207706
2151.843843843844,26411.724301774382,15731.093703742907,11094.231192946232,36597.84289229091,89834.89209075444
2158.8498498498498,26423.12400675409,15704.08854121615,11075.014117301003,36549.92338098082,89752.15004625206
2165.855855855856,26429.09096233193,15679.687061788123,11057.707249788675,36503.41595660873,89669.90123051745
2172.861861861862,26440.62291488686,15652.894711903593,11038.639272219152,36455.99864188751,89588.15554089712
2179.8678678678675,26403.894651105693,15649.51000971258,11036.816490883639,36417.275590351215,89507.49674205313
2186.873873873874,26410.010889011744,15625.309990528454,11019.649386671737,36371.31938357651,89426.28964978845
2193.87987987988,26421.649500584495,15598.740583459497,11000.737113625888,36324.45633795122,89345.58353562109
2200.885885885886,26385.576378469716,15595.39644391059,10998.931004595444,36286.46693977523,89266.37076675097
2207.891891891892,26391.835039567486,15571.395292738369,10981.901977485913,36241.04885543406,89186.18116522583
2214.8978978978976,26403.575343371627,15545.045970654586,10963.143506540828,36194.72795344856,89106.4927740156
2221.903903903904,26410.00773771005,15521.240792839222,10946.250897351507,36149.82213179029,89027.32155969107
2228.90990990991,26374.528099642022,15517.936610962031,10944.461232924688,36112.55387095077,88949.4798144795
2235.9159159159162,26386.365495635036,15491.804571191284,10925.85469257743,36066.76353193335,88870.7882913371
2242.921921921922,26392.93184810753,15468.193340018697,10909.096868603154,36022.37590082302,88792.59795755241
2249.927927927928,26404.89831263951,15442.263999022285,10890.63238970484,35977.061529480954,88714.8562308476
2256.933933933934,26369.98680742642,15439.01022090151,10888.866974246932,35940.51532873337,88638.37933130823
2263.93993993994,26376.6812833835,15415.590487055899,10872.242328733479,35896.634234326535,88561.14833349941
2270.9459459459463,26388.739895596857,15389.873233698958,10853.926235980069,35851.83312503179,88484.37249030767
2277.951951951952,26400.874027577356,15364.260951430288,10835.68366535816,35807.28117128194,88408.09981564774
2284.957957957958,26361.224963837503,15363.426250154702,10835.68366535816,35772.55199176299,88332.88687111335
2291.963963963964,26373.371896181998,15337.918429157226,10817.514174367407,35728.253779324376,88257.05827903101
2298.9699699699695,26385.594144244893,15312.514318085807,10799.417324057531,35684.201676435274,88181.7274628235
2305.975975975976,26346.533381701156,15311.694772756096,10799.417324057531,35650.08597627293,88107.73145478772
2312.981981981982,26358.765094826987,15286.393778153777,10781.3926789927,35606.28073537417,88032.83228734763
2319.987987987988,26365.865358713752,15263.53436865546,10765.158180215172,35563.857916658286,87958.41582424266
2326.993993993994,26378.224300179005,15238.426619796226,10747.268995886281,35520.50541037818,87884.4253262397
2333.9999999999995,26344.891735207144,15235.293594973306,10745.558280216617,35485.87304859512,87811.61665899219
2341.006006006006,26352.103368838332,15212.616427242068,10729.450782301692,35443.918475188526,87738.08905357061
2348.012012012012,26364.54346398429,15187.710659824583,10711.703117282808,35401.04392417699,87665.00116526868
2355.018018018018,26331.725441826973,15184.612311404184,10710.007563515917,35366.99148934995,87593.33680609702
2362.024024024024,26339.04409819662,15162.115152986462,10694.02558199882,35325.495606747194,87520.6804399291
2369.0300300300296,26351.56241024608,15137.408893672447,10676.417760933527,35283.09006896937,87448.47913382143
2376.036036036036,26359.043103118296,15115.089790420685,10660.559834394802,35242.05429569982,87376.7470236336
2383.042042042042,26326.66275688282,15112.025132186158,10658.879241852566,35208.55210041478,87306.11923133631
2390.0480480480483,26339.256576460102,15087.515951989773,10641.409615770985,35166.6069917443,87234.78913596517
2397.054054054054,26346.839070073165,15065.372587814274,10625.674305391003,35126.0149632001,87163.90092647854
2404.06006006006,26314.935768864063,15062.341060016404,10624.008476921235,35093.05226109849,87094.3375669002
2411.066066066066,26327.602599025766,15038.026573103967,10606.675422721566,35051.559335271944,87023.86393012325
2418.072072072072,26335.283189830196,15016.056830373738,10591.061311845373,35011.402446209315,86953.80377825862
2425.0780780780783,26303.840705345316,15013.057737109695,10589.410053744705,34978.96183045965,86885.27032665937
2432.084084084084,26311.564814725694,14991.17442359254,10573.856018184733,34939.03596100334,86815.6312175063
2439.09009009009,26324.35347300228,14967.137398483972,10556.71766739916,34898.18314801194,86746.39168689735
2446.096096096096,26337.217196177877,14943.195405701006,10539.645868930698,34857.55671377006,86677.61518457964
2453.102102102102,26301.17176621314,14942.457226528191,10539.645868930698,34826.74320573652,86610.01806740856
2460.1081081081084,26314.028987136608,14918.609272592987,10522.64023525894,34786.324798166745,86541.60329315529
2467.1141141141143,26322.001927982037,14897.065393636281,10507.323066922248,34747.25525887792,86473.64564741848
2474.12012012012,26291.36592713831,14894.128660408567,10505.700381871486,34715.78766147019,86406.98263088855
2481.126126126126,26304.289799850467,14870.467530186015,10488.825927234762,34675.796384969886,86339.37964224113
2488.132132132132,26312.35032901626,14849.090170899137,10473.625168605166,34637.135240888616,86272.20090940918
2495.1381381381384,26282.12815235803,14846.183858403907,10472.016492765179,34606.139245705555,86206.46774923266
2502.1441441441443,26295.116925404072,14822.70734289465,10455.27170280062,34566.56809191919,86139.66406301853
2509.1501501501502,26303.26226187657,14801.494546252674,10440.186031841153,34528.30808076855,86073.25092073894
2516.1561561561566,26316.377262149486,14778.191120785203,10423.562567930989,34489.14343001055,86007.27438087622
2523.1621621621616,26281.616785902228,14777.487049235402,10423.562567930989,34459.717028095154,85942.38343116378
2530.168168168168,26294.719821665643,14754.27381623885,10407.002682793629,34420.74536801753,85876.74168871564
2537.174174174174,26307.898258634606,14731.150871999045,10390.506011798028,34381.98984982051,85811.5449922522
2544.1801801801803,26273.541002243725,14730.457197887506,10390.506011798028,34352.98653078399,85747.49074271324
2551.186186186186,26286.70594152984,14707.42336527875,10374.072193100948,34314.41975703635,85682.62125694589
2558.192192192192,26295.116363106095,14686.614527201578,10359.268587362614,34277.17022124441,85618.16969891469
2565.198198198198,26265.97881980991,14683.795180531335,10357.700867620304,34247.47304247517,85554.94791043672
2572.204204204204,26279.20434891275,14660.938663174524,10341.391679008848,34209.30491493364,85490.83960602977
2579.2102102102103,26287.691677196046,14640.287810376714,10326.698688426211,34172.43370455709,85427.11188055605
2586.2162162162163,26258.914599356936,14637.496515460767,10325.144273628113,34143.150982272695,85364.70637071852
2593.222222222222,26267.42568707483,14616.924116465805,10310.506126274628,34106.4726519418,85301.32858175706
2600.228228228228,26280.76168450197,14594.320581365622,10294.374689907636,34068.87639039884,85238.33334617407
2607.234234234234,26252.33342377639,14591.556802484913,10292.833411394762,34039.995697206636,85176.71933486269
2614.2402402402404,26260.917285503718,14571.139650919007,10278.304033306942,34003.68531098263,85114.0462807123
2621.2462462462463,26274.311721565726,14548.708503625527,10262.293813065553,33966.47404219767,85051.78808045448
2628.252252252252,26241.50008948444,14548.054166898743,10262.293813065553,33939.07303053688,84990.92109998562
2635.258258258258,26254.87588286207,14525.7080488347,10246.343688363138,33902.035155739075,84928.96277579898
2642.264264264264,26268.32779418822,14503.447318377564,10230.453320941675,33865.20328578972,84867.43171929718
2649.2702702702704,26235.85578119207,14502.801787838813,10230.453320941675,33838.16140677276,84807.27229674532
2656.2762762762763,26249.288023909656,14480.625095273492,10214.622375081372,33801.49945505556,84746.03494932008
2663.2822822822823,26258.11225449288,14460.589347775083,10200.359674776997,33766.12407763708,84685.18535468203
2670.2882882882886,26230.652954763413,14457.895839168386,10198.850517576846,33738.34758292281,84625.74689443146
2677.294294294294,26239.49298336791,14437.934934346893,10184.640271233995,33703.14887518534,84565.21706413414
2684.3003003003005,26253.032324079057,14416.000095860958,10168.979336498343,33667.02966832068,84505.04142475904
2691.3063063063064,26225.879258383768,14413.332222109784,10167.482747244781,33639.610211913714,84446.30443965204
2698.3123123123123,26234.784908185975,14393.519649207927,10153.376544439854,33604.75670373842,84386.43780557218
2705.3183183183187,26248.379391855404,14371.749613224496,10137.831571353581,33569.00138342213,84326.96195985562
2712.3243243243246,26216.920672727472,14371.129832762497,10137.831571353581,33543.010331063124,84268.89240790668
2719.3303303303305,26230.492828820967,14349.441012066129,10122.344095937258,33507.41529064961,84209.69322747397
2726.3363363363364,26244.141844885125,14327.83392893326,10106.913799269014,33472.018926457524,84150.90849954492
2733.3423423423424,26212.979605027842,14327.221886555828,10106.913799269014,33446.3439453042,84093.4592361569
2740.3483483483483,26226.605575703532,14305.695091062371,10091.540364785333,33411.10487272231,84034.94590427354
2747.354354354354,26235.736781181004,14286.247148023542,10077.689326015341,33377.13402008573,83976.80727530562
2754.36036036036,26209.433162333862,14283.644597098013,10076.223478259237,33350.69412475146,83919.99536244257
2761.366366366366,26218.5738934395,14264.268126212888,10062.422640977853,33316.886027059736,83862.15068768998
2768.3723723723724,26232.305189416813,14242.972732868604,10047.211919555424,33282.16384190446,83804.6536837453
2775.3783783783783,26206.271078154696,14240.394136929275,10045.758103725551,33256.04225407098,83748.4655728805
2782.3843843843842,26215.472067309685,14221.15951495748,10032.056854097404,33222.559429751585,83691.24786611614
2789.39039039039,26229.256506073587,14200.02180213922,10016.957139207992,33188.18249575225,83634.41794317304
2796.396396396396,26198.984250463254,14199.432483999684,10016.957139207992,33163.43625317924,83578.81012685018
2803.4024024024025,26212.74381991721,14178.372415506905,10001.912471725567,33129.208305174594,83522.23701232427
2810.4084084084084,26222.10108294757,14159.348664780413,9988.358594517342,33096.247267479645,83466.05560972498
2817.4144144144143,26196.56795283544,14156.808148036787,9986.92255070229,33070.70502579263,83411.00367736715
2824.4204204204207,26210.379845243682,14135.903151567123,9971.987077383856,33036.81535219056,83355.08542638522
2831.426426426426,26219.79517359822,14117.017412028796,9958.530131425592,33004.16881978204,83299.51153683465
2838.4324324324325,26194.507264220567,14114.499730272068,9957.10575518954,32978.919393881355,83245.03214356353
2845.4384384384384,26203.927200442937,14095.682309736829,9943.696885390125,32946.42358641933,83189.72998198922
2852.4444444444443,26178.95600042202,14093.17978848241,9942.278289692395,32921.47647423652,83135.89055283334
2859.4504504504507,26188.37940931723,14074.430290886094,9928.91723887658,32889.1293196778,83080.8562587577
2866.4564564564566,26202.26985643384,14053.821988630194,9914.190901423279,32855.87487175789,83026.1576182452
2873.4624624624626,26177.529648672687,14051.341653460502,9912.78376173378,32831.20583548582,82972.86089935279
2880.4684684684685,26187.00844928483,14032.727168316753,9899.517584667192,32799.16374940515,82918.41695167392
2887.4744744744744,26200.950690131125,14012.26901880273,9884.897002324973,32766.235607705334,82864.35231896417
2894.4804804804808,26172.052761297742,14011.71385342252,9884.897002324973,32742.88685368749,82811.55047073273
2901.4864864864867,26185.967986366555,13991.329576498892,9870.328870174193,32710.096246129327,82757.72267916896
2908.4924924924926,26195.596999257312,13972.915924307295,9857.203120167518,32678.547621344907,82704.26366507704
2915.4984984984985,26171.283865140336,13970.470660293218,9855.812906034818,32654.38229268843,82651.9497241568
2922.5045045045044,26180.91347106862,13952.122714361674,9842.733469848332,32622.974468177574,82598.7441234562
2929.510510510511,26156.89186139831,13949.691719701641,9841.34882975085,32599.086749514878,82547.01916036569
2936.5165165165167,26170.830836757024,13929.527812839515,9826.936363172157,32566.75016876402,82494.04518153271
2943.5225225225226,26180.51364638274,13911.310583558598,9813.948822265615,32535.635617708966,82441.40866991591
2950.5285285285286,26156.696561627505,13908.90054843386,9812.575230136574,32511.99849177713,82390.17083197506
2957.5345345345345,26166.378347912458,13890.747945451236,9799.633274116119,32481.020651428018,82337.78021890782
2964.5405405405404,26180.42234556004,13870.794083689836,9785.368545741008,32449.15153204349,82285.73650703437
2971.5465465465463,26152.521525021388,13870.263435842193,9785.368545741008,32426.807442172674,82234.96094877727
2978.5525525525527,26166.5374867772,13850.3807006023,9771.154366576759,32395.068067872184,82183.14062182844
2985.558558558558,26176.365802269658,13832.421575646564,9758.34773444331,32364.56371511815,82131.6988274777
2992.5645645645645,26152.92486198266,13830.044528250377,9756.990467980444,32341.37854148954,82081.33839970302
2999.5705705705705,26166.992241593747,13810.304144982956,9742.876583212676,32309.946872378096,82030.11984216748
3006.5765765765764,26139.57873703978,13809.785053475121,9742.876583212676,32288.076719896664,81980.31709362424
3013.5825825825827,26153.617669968455,13790.114640441398,9728.812447420749,32256.771492694654,81929.31625052525
3020.5885885885887,26163.494383956404,13772.344686910466,9716.139027753614,32226.67953462582,81878.6576332463
3027.5945945945946,26140.50373493056,13770.00094148727,9714.797797621952,32203.976418010865,81829.27889205064
3034.6006006006005,26150.37661352924,13752.293203925332,9702.168320491108,32174.012922683618,81778.8510606293
3041.6066066066064,26164.52154845367,13732.82528771855,9688.246609945178,32143.158805735005,81728.7522518524
3048.612612612613,26137.513373503996,13732.316686224758,9688.246609945178,32121.719214949724,81679.79588462366
3055.6186186186187,26151.629770886866,13712.917294344625,9674.373638400411,32090.987953544223,81629.90865717613
3062.6246246246246,26129.068899242004,13710.605963455897,9673.048162061878,32068.74633628046,81581.46936104023
3069.6306306306305,26138.98704790639,13693.083404311372,9660.549149948809,32039.18304508532,81531.80264725188
3076.6366366366365,26153.15530594542,13673.821265869088,9646.772890473925,32008.748065974378,81482.49752826281
3083.642642642643,26126.588276565246,13673.323138056161,9646.772890473925,31987.738508552513,81434.42281364785
3090.6486486486488,26140.727800846624,13654.12842763553,9633.044607635196,31957.423456237568,81385.32429235491
3097.6546546546547,26114.428479728973,13653.636021591677,9633.044607635196,31936.6488980724,81337.75800702824
3104.6606606606606,26128.53909671833,13634.508374650779,9619.364050852424,31906.452619888794,81288.86414211032
3111.6666666666665,26138.594118813926,13617.22935948684,9607.035870698062,31877.45846559896,81240.31781459779
3118.672672672673,26116.584359694796,13614.960641476646,9605.730971290415,31855.830264439814,81193.10623690167
3125.678678678679,26126.632823560005,13597.741235449816,9593.444951887957,31826.95594064871,81144.77495154648
3132.684684684685,26140.85112522353,13578.807898839626,9579.901047286105,31797.193645979874,81096.75371732913
3139.6906906906906,26118.992687079888,13576.557522312989,9578.606257121983,31775.76089764535,81049.91736416021
3146.6966966966966,26129.08980259842,13559.457014789241,9566.403912973628,31747.14879288879,81002.09952325009
3153.702702702703,26107.462766867713,13557.218701445565,9565.114133434286,31725.93510773307,80955.73070948063
3160.708708708709,26117.55252361156,13540.176866191736,9552.953306719042,31697.43989018481,80908.12258670715
3167.7147147147152,26131.794830854917,13521.44094897426,9539.54898796366,31668.077509740207,80860.86227753304
3174.7207207207202,26106.234842422313,13520.967008878897,9539.54898796366,31648.06204982315,80814.81288908803
3181.7267267267266,26120.448406296324,13502.295760695832,9526.190717807138,31618.812762892507,80767.74764769181
3188.7327327327325,26095.132420072234,13501.827003611346,9526.190717807138,31599.01049075534,80722.16063224606
3195.7387387387384,26109.31716612474,13483.22008170158,9512.878258993187,31569.873305844103,80675.28881266361
3202.744744744745,26119.539667839283,13466.41191884734,9500.881401001012,31541.92110730277,80628.7540949904
3209.7507507507507,26098.39689211003,13464.213480387867,9499.611375895449,31521.254487251532,80583.47623564488
3216.7567567567567,26108.610883544094,13447.462474943504,9487.654991913898,31493.414606839346,80537.14295724084
3223.7627627627626,26087.68346648664,13445.27552985787,9486.389834503469,31472.951756355684,80492.30058720366
3230.7687687687685,26097.888554648984,13428.581380198895,9474.473720055641,31445.223089336876,80446.16674424039
3237.774774774775,26112.154646816423,13410.22407442997,9461.337354392903,31416.613608612508,80400.3296842518
3244.780780780781,26091.35351949879,13408.054227042081,9460.081848791533,31396.320563847054,80355.81015917945
3251.7867867867867,26101.606263108013,13391.473620232973,9448.24566546915,31368.841086556822,80310.16663536696
3258.7927927927926,26081.013084417114,13389.314978619297,9446.994944406266,31348.74467788426,80266.06768532694
3265.7987987987985,26091.256421536556,13372.79035254287,9435.198425391203,31321.37390652154,80220.61910599217
3272.804804804805,26105.54826553816,13354.621601817384,9422.195407815923,31293.14491235184,80175.51018752331
3279.810810810811,26081.101323889616,13354.173863119673,9422.195407815923,31274.207851896997,80131.6784467222
3286.8168168168168,26095.364856502376,13336.066857064297,9409.236387937017,31246.085104309277,80086.75320581297
3293.8228228228227,26071.137260783817,13335.623748026472,9409.236387937017,31227.33879507649,80043.3361918238
3300.8288288288286,26085.372498322868,13317.578166352097,9396.321142472001,31199.321456651945,79998.59326379892
3307.834834834835,26095.745410919524,13301.2767596734,9384.68130347235,31172.467212599648,79954.17068666492
3314.840840840841,26075.567580948664,13299.155132489603,9383.449449649295,31152.84994905155,79911.02211213911
3321.8468468468473,26085.930355215063,13282.908289687344,9371.848292915336,31126.100477282816,79866.78741510055
3328.8528528528527,26065.946578004117,13280.797362404674,9370.62108919541,31106.666645028035,79824.03167463224
3335.8588588588586,26076.298943214508,13264.604802009899,9359.058422219918,31080.021008714884,79779.9831761592
3342.864864864865,26090.61910072815,13246.797802850453,9346.31147387334,31052.509045392213,79736.23742284416
3349.870870870871,26066.847747124888,13246.365909867902,9346.31147387334,31034.224974465324,79693.75010533145
3356.8768768768773,26081.140151074032,13228.618821234902,9333.607231825248,31006.81524849513,79650.18145262932
3363.882882882883,26057.57341791431,13228.191230434537,9333.607231825248,30988.70862107886,79608.08050125296
3370.8888888888887,26071.838132208537,13210.50374575211,9320.945481475375,30961.40038055416,79564.68773999019
3377.894894894895,26082.31859174187,13194.52779150369,9309.534873809213,30935.25502490388,79521.63628195865
3384.900900900901,26062.709782558104,13192.45219980951,9308.326009661394,30916.260782942238,79479.74877497125
3391.906906906907,26077.030925621057,13174.884442218372,9295.748604646857,30889.212450046816,79436.87642253311
3398.912912912913,26053.751914840428,13174.463810597661,9295.748604646857,30871.392871534335,79395.35720161928
3405.9189189189187,26068.045723136693,13156.954757231411,9283.213056109276,30844.44415872725,79352.65769520463
3412.9249249249247,26078.562726176915,13141.137588976873,9271.914533047577,30818.630754687365,79310.24560288872
3419.9309309309306,26059.227981461714,13139.087562249939,9270.71915512831,30799.943345024036,79268.978043864
3426.936936936937,26069.733888047493,13123.322529525947,9259.457626804242,30774.228199285735,79226.74224366342
3433.942942942943,26050.5746656371,13121.282494091742,9258.266694174094,30755.7065844267,79185.83043832963
3440.948948948949,26061.06930059693,13105.569333648444,9247.041979186908,30730.088896302877,79143.76950973517
3447.9549549549547,26042.082809034677,13103.539193143613,9245.855467095646,30711.730521014288,79103.20799028823
3454.9609609609606,26052.566010792983,13087.87764376072,9234.667385228644,30686.20950806317,79061.32054784552
3461.966966966967,26066.92232839296,13070.654085513714,9222.333641320314,30659.842878725496,79019.75293395249
3468.972972972973,26044.22113173492,13070.24710576362,9222.333641320314,30642.58676326275,78979.38864208161
3475.9789789789793,26058.550940128214,13053.08054291405,9210.040545199332,30616.316332361515,78937.9883606031
3482.9849849849847,26036.03184098199,13052.677368985753,9210.040545199332,30599.21745534548,78897.96721051255
3489.9909909909907,26050.335267472437,13035.56751623576,9197.787895938516,30573.042592581256,78856.73327222797
3496.996996996997,26060.94558862617,13020.112149869341,9186.744567730526,30547.99752685053,78815.79983307657
3504.0030030030034,26042.272558659733,13018.114660292009,9185.575493935086,30530.01853005365,78775.98124294048
3511.0090090090093,26052.87124684701,13002.709641404412,9174.567915190139,30505.067069202756,78735.21587264432
3518.0150150150153,26034.360122856615,13000.721633189587,9173.40314089974,30487.24107666106,78695.725973607
3525.0210210210207,26044.947067075827,12985.366711650237,9162.431138306107,30462.382513163226,78655.1274301954
3532.0270270270266,26026.59532864132,12983.388096276554,9161.270639845836,30444.707224021044,78615.96128878475
3539.0330330330335,26037.170429152935,12968.083023830086,9150.33404121026,30419.940865870863,78575.52836006414
3546.0390390390394,26051.541110311355,12951.249121804485,9138.276429317393,30394.330033817085,78535.39669525031
3553.0450450450453,26029.538770468633,12950.858244334617,9138.276429317393,30377.73919232076,78496.41263644141
3560.051051051051,26043.884031215177,12934.079423927986,9126.258109314751,30352.220845125736,78456.44240958364
3567.0570570570567,26022.049584541273,12933.692042672468,9126.258109314751,30335.774613982026,78417.77435051052
3574.0630630630635,26036.36958575024,12916.968032191406,9114.278889151628,30310.348191678888,78377.96469877216
3581.0690690690694,26014.70041963439,12916.584091421964,9114.278889151628,30294.04430745258,78339.60770766056
3588.0750750750753,26028.99532839064,12899.914621136262,9102.338578029072,30268.709261980697,78299.95778953667
3595.0810810810813,26039.68551584386,12884.85748691193,9091.576454805623,30244.49265543531,78260.61211299672
3602.0870870870867,26021.758866741515,12882.91886830449,9090.436986389663,30227.301298003866,78222.41601943954
3609.0930930930936,26032.437121280564,12867.91014150171,9079.709256954162,30203.173495142128,78183.23001487856
3616.099099099099,26014.657860241983,12865.980454192753,9078.57392590744,30186.1215939285,78145.33383427067
3623.105105105105,26025.32413268286,12851.019898599623,9067.880425648482,30162.081979668234,78106.3064365992
3630.111111111111,26007.69001890441,12849.099062207764,9066.749209477875,30145.16749491587,78068.70578550591
3637.117117117117,26018.344269065794,12834.18644332978,9056.08977483285,30121.21546704731,78029.83595427574
3644.123123123123,26032.712399971704,12817.782531122155,9044.337119654714,30096.425508361906,77991.25755911048
3651.129129129129,26011.495298480328,12817.409463662772,9044.337119654714,30080.571364740037,77953.81324653786
3658.135135135135,26025.839416286282,12801.05854901202,9032.622276455013,30055.870032641044,77915.39027439436
3665.141141141141,26004.775036831004,12800.688650373386,9032.622276455013,30040.147128483917,77878.23309214332
3672.147147147147,26019.095332909867,12784.390476109005,9020.945062758496,30015.53393259881,77839.96480437618
3679.153153153153,25998.18134672639,12784.02369699917,9020.945062758496,29999.940261174223,77803.09036765828
3686.159159159159,26012.478017103218,12767.77800776015,9009.305297264222,29975.4147209511,77764.97604307868
3693.165165165165,25991.712136360013,12767.414299800044,9009.305297264222,29959.948311774446,77728.38004519872
3700.171171171171,26005.985381496106,12751.220842015318,8997.702799836075,29935.50995619536,77690.41897954285
3707.177177177177,26016.743258274593,12736.593395815671,8987.244381750812,29912.171510921715,77652.7525467628
3714.1831831831832,25999.615383006774,12734.718679587972,8986.13739149345,29895.817241559642,77616.28869564785
3721.189189189189,26010.361357141697,12720.137581783827,8975.711922759167,29872.56281610939,77578.77367779409
3728.195195195195,25993.36602179064,12718.271223816762,8974.608894401932,29856.334223979156,77542.58036398848
3735.201201201201,26004.10009995031,12703.73625258728,8964.21621955264,29833.163290660556,77505.21586275079
3742.207207207208,25987.2353402166,12701.878180627946,8963.117131864165,29817.05859309951,77469.28924580822
3749.2132132132133,25997.957535997622,12687.38911571346,8952.757096410389,29793.97063464384,77432.0743827653
3756.219219219219,26012.311222543834,12671.450146298635,8941.334378731863,29770.05797267699,77395.15372025133
3763.225225225225,25991.931755553913,12671.095881183475,8941.334378731863,29754.982589581694,77359.34460505094
3770.231231231231,26006.263185426706,12655.207690034698,8929.947893027866,29731.15467381108,77322.57344230035
3777.237237237238,25986.020888901196,12654.856261516388,8929.947893027866,29716.1969375144,77287.02198095985
3784.243243243244,26000.33027854609,12639.018606575515,8918.597466911742,29692.453343046604,77250.39969507995
3791.2492492492493,25980.223105397225,12638.669971694311,8918.597466911742,29677.611500088104,77215.10204409139
3798.255255255255,25994.510674502664,12622.882612558844,8907.282929090565,29653.95180992769,77178.62802607976
3805.261261261261,25974.536612564443,12622.536729128155,8907.282929090565,29639.224137666748,77143.58040844991
3812.267267267268,25988.802583894536,12606.799427034264,8896.004109356512,29615.647942489704,77107.25406277503
3819.273273273274,25999.630209798164,12592.583654362816,8885.83671972631,29593.148173917245,77071.19875780454
3826.2792792792798,25983.204254435834,12590.768771429912,8884.760838578222,29577.539646400914,77036.27351084488
3833.2852852852848,25994.020344963214,12576.597409806709,8874.625033625647,29555.11971263971,77000.36250103527
3840.2912912912907,25977.713970098674,12574.790369519975,8873.55294869233,29539.62486412674,76965.68215243772
3847.2972972972975,25988.518574066744,12560.663210274075,8863.448581470402,29517.28430830947,76929.9146741207
3854.3033033033034,25972.3300502771,12558.863947392778,8862.380272694994,29501.901574114872,76895.47584447975
3861.3093093093094,25983.123221804857,12544.780783278551,8852.307197166881,29479.63994785495,76859.85115010524
3868.315315315315,25967.050848973133,12542.989233419577,8851.242644633558,29464.367790001637,76825.6505170279
3875.3213213213207,25977.832647287883,12528.94985860177,8841.200715665542,29442.184653164328,76790.16787471953
3882.3273273273276,25958.420308004173,12528.616169547517,8841.200715665542,29427.96304756055,76756.20024077778
3889.3333333333335,25972.64524325371,12513.170168262996,8830.128972952794,29404.916480318912,76720.86086478841
3896.3393393393394,25983.505426955067,12499.219198358765,8820.148905281461,29382.949774034492,76685.82330462978
3903.3453453453453,25967.55943530092,12497.441446489369,8819.09180604285,29367.833518845517,76651.92620667865
3910.351351351351,25978.408388707587,12483.533656521944,8809.142454879722,29345.944038112993,76617.02853822225
3917.3573573573576,25962.573681142087,12481.763429686762,8808.089052969683,29330.933890988195,76583.36005478672
3924.3633633633635,25973.41147755409,12467.898619201125,8798.170276724417,29309.121221363457,76548.60159484309
3931.3693693693695,25957.686469875945,12466.135856411196,8797.120552779053,29294.215750998013,76515.15863006421
3938.3753753753754,25968.51318695107,12452.3138262951,8787.2322107302,29272.47948538578,76480.53870936214
3945.3813813813813,25952.89632127806,12450.558467340823,8786.186145520598,29257.677284440557,76447.31821858004
3952.3873873873877,25963.712040868104,12436.779019811143,8776.328097808946,29236.01702289893,76412.83618138713
3959.3933933933936,25948.201785110006,12435.03100524842,8775.285672239997,29221.316707521193,76379.83517011962
3966.3993993993995,25959.006593101116,12421.293943837794,8765.457779861981,29199.732057071316,76345.4903738722
3973.4054054054054,25973.28677608652,12406.1799024788,8754.6210997724,29177.340853710528,76311.42863204825
3980.4114114114113,25954.39542660414,12405.8583445181,8754.6210997724,29163.622840868193,76278.49771176283
3987.4174174174177,25968.657050292037,12390.79123209569,8743.817901397431,29141.31020195711,76244.57638574226
3994.4234234234236,25949.877152837307,12390.471970023416,8743.817901397431,29127.68765641534,76211.8546806735
4001.4294294294295,25964.120460655286,12375.451569846067,8733.04802956088,29105.453251502662,76178.07331156489
4008.4354354354355,25945.450411131304,12375.134570527665,8733.04802956088,29091.9248143778,76145.55782559764
4015.4414414414414,25959.67564784076,12360.160667315107,8722.31133004566,29069.76831821629,76111.91596341782
4022.4474474474478,25941.113868068223,12359.845898182133,8722.31133004566,29056.332653355093,76079.60374965111
4029.4534534534537,25951.965517168635,12346.319291523678,8712.63215877597,29035.180731948018,76046.09769941629
4036.4594594594596,25936.866216877144,12344.605707090686,8711.607649586374,29020.909539290176,76013.98911284439
4043.4654654654655,25947.707446115233,12331.120333558127,8701.957817235783,28999.830975572837,75980.61657248199
4050.471471471471,25932.706176845393,12329.413753285493,8700.936835861967,28985.653864893466,75948.71063088631
4057.4774774774774,25943.537092834857,12315.969425175246,8691.316209236797,28964.648305786122,75915.47103303303
4064.4834834834833,25957.77440812806,12301.175562908702,8680.707184200053,28942.83691157755,75882.49406681437
4071.489489489489,25939.453205124173,12300.866325530153,8680.707184200053,28929.63114724135,75850.65786209573
4078.495495495495,25953.673583164385,12286.117929322812,8670.130592470365,28907.896150819677,75817.81825577724
4085.501501501501,25935.454555580105,12285.810795647267,8670.130592470365,28894.777950099367,75786.1738937971
4092.507507507508,25949.658244722537,12271.107658162375,8659.58628530926,28873.119050712707,75753.47123890687
4099.513513513514,25931.53994105727,12270.802598397575,8659.58628530926,28860.087189497543,75722.01601426165
4106.51951951952,25945.727190431153,12256.144513623878,8649.074114887937,28838.504090772934,75689.44990971591
4113.525525525526,25927.708182138933,12255.84149847621,8649.074114887937,28825.557365031997,75658.18116053508
4120.531531531532,25941.87924156571,12241.22826171581,8638.59393428032,28804.049774855168,75625.75121241702
4127.537537537538,25923.95812262021,12240.927262380503,8638.59393428032,28791.187000251757,75594.66631953279
4134.543543543544,25938.113242535434,12226.35867023689,8628.14559745617,28769.75463065091,75562.3721408794
4141.54954954955,25920.28862900467,12226.059658388387,8628.14559745617,28756.974642165416,75531.46852701464
4148.555555555556,25931.149439826975,12212.89890177192,8618.725748349249,28736.530367208412,75499.30445715656
4155.561561561562,25916.698590012762,12211.238456537194,8617.728959274229,28722.918860759615,75468.5848665838
4162.5675675675675,25927.549914903797,12198.117284898899,8608.337278820696,28702.54490059932,75436.5493792227
4169.573573573573,25941.7395171885,12183.677757833455,8597.98023751274,28681.37299170288,75404.77050423757
4176.579579579579,25924.028882090613,12183.38166472903,8597.98023751274,28668.714293565867,75374.10507789825
4183.585585585585,25938.203430454738,12168.986004615137,8587.654481794192,28647.616511157517,75342.46042802159
4190.591591591591,25920.585275236954,12168.691815877513,8587.654481794192,28635.03716527416,75311.96873818283
4197.597597597597,25934.745020213442,12154.339825426212,8577.359869897125,28614.013237297622,75280.4579528344
4204.603603603603,25917.218048908802,12154.047514647244,8577.359869897125,28601.512156372584,75250.13758982575
4211.609609609609,25931.363241291903,12139.738997805698,8567.096260910377,28580.56181436781,75218.76031437579
4218.615615615615,25913.926177946163,12139.448539009274,8567.096260910377,28568.137928557808,75188.60890642361
4225.621621621622,25928.057068728012,12125.183300949784,8556.863514773058,28547.260907563887,75157.36479201475
4232.627627627628,25910.708657030482,12124.894668583514,8556.863514773058,28534.913164150683,75127.38000453773
4239.6336336336335,25921.603660262954,12112.008714834019,8547.638222960566,28515.013724136425,75096.26432219397
4246.639639639639,25907.5645002626,12110.385684619814,8546.661492268122,28501.836565681973,75066.4482428325
4253.645645645645,25918.45080897351,12097.53809645849,8537.463501574723,28482.005290171342,75035.45769717806
4260.651651651652,25904.492740750637,12095.921369979382,8536.490055016038,28468.90685548803,75005.81102123408
4267.657657657657,25915.370492725036,12083.111977772032,8527.319244429329,28449.14346229069,74974.94517721709
4274.663663663663,25901.492430208193,12081.50150911649,8526.349065468477,28436.122775316042,74945.4657801092
4281.669669669669,25912.361764811216,12068.730144282483,8517.205314690173,28416.42698617908,74914.72420996295
4288.675675675675,25898.56263856088,12067.12588806047,8516.238386902054,28403.483085937678,74885.40999946109
4295.681681681682,25909.423696658992,12054.39238306335,8507.12157634275,28383.854626446595,74854.79228251168
4302.687687687688,25895.70245356318,12052.794294398078,8506.15788341216,28370.986566772506,74825.64119814592
4309.693693693694,25906.555377447563,12040.098482736259,8497.067894186099,28351.42516625458,74795.14692062451
4316.6996996996995,25917.497231723275,12027.441572349488,8488.004608106023,28331.988837704645,74764.93224988342
4323.705705705705,25903.755913736164,12025.848233453711,8487.044133826746,28319.137406950267,74735.78568796688
4330.711711711712,25914.689773380094,12013.228684141131,8478.007433398749,28299.767519499834,74705.6934104198
4337.717717717718,25901.02442910035,12011.641426882103,8477.050161672643,28286.99016770935,74676.70618536446
4344.723723723724,25911.950438398675,11999.059075144674,8468.03993009112,28267.68645916188,74646.73590279635
4351.729729729729,25898.360063777192,11997.477856185038,8467.085844927211,28254.982285187172,74617.90605007662
4358.735735735735,25909.278368217743,11984.932539524236,8458.101966069802,28235.744496795047,74588.05737060682
4365.741741741742,25895.76197431814,11983.357316006926,8457.151051583412,28223.112613177625,74559.3829550861
4372.747747747748,25906.672720523526,11970.848872916007,8448.193410006026,28203.940489556615,74529.65549300217
4379.753753753754,25893.229333250292,11969.279602456802,8447.24565041787,28191.38002227977,74501.13460840474
4386.75975975976,25904.132668912727,11956.807872412219,8438.314131349747,28172.273311325745,74471.52798400044
4393.7657657657655,25890.761328745495,11955.244513092484,8437.369510985076,28159.783399572276,74443.15875239533
4400.771771771772,25901.65740256362,11942.80933654536,8428.464000323873,28140.741852380008,74413.67259181285
4407.777777777778,25885.23482352843,11942.5401744128,8428.464000323873,28129.20626530072,74385.44526356582
4414.783783783784,25899.246125914608,11928.853065272648,8418.64288791852,28109.345019079345,74356.08709818512
4421.78978978979,25882.897406251832,11928.585430495701,8418.64288791852,28097.87322027661,74327.99894494266
4428.795795795795,25896.898058350023,11914.93885996078,8408.850665885388,28078.081733557014,74298.7693177532
4435.801801801802,25880.622185854558,11914.6727322254,8408.850665885388,28066.672882930834,74270.81846689619
4442.807807807808,25894.6124338931,11901.066523370862,8399.087206732085,28046.950933417276,74241.71709741332
4449.813813813814,25878.40841124795,11900.801882680182,8399.087206732085,28035.604203769213,74213.90170442943
4456.81981981982,25892.38850090638,11887.23585964367,8389.352383716598,28015.951571440535,74184.92831570719
4463.825825825826,25876.25534542243,11886.972686312207,8389.352383716598,28004.66614824326,74157.2465636945
4470.8318318318325,25887.13841344146,11874.71829174733,8380.575226611723,27985.963023750133,74128.39495555064
4477.837837837838,25874.162265159877,11873.184948933036,8379.646070841738,27973.857696466148,74100.8509814008
4484.843843843844,25885.038872295587,11860.966168372817,8370.894251297374,27955.2182122737,74072.11750423948
4491.84984984985,25872.128460752097,11859.438477699427,8369.968142849693,27943.17784293497,74044.71292423618
4498.855855855856,25882.998761970233,11847.255158208533,8361.241551308718,27924.601771251022,74016.0972427385
4505.861861861862,25870.15323572625,11845.733081099335,8360.318475216582,27912.62559625947,73988.83038830163
4512.867867867868,25881.017386549087,11833.585070652687,8351.617002752593,27894.11271190651,73960.33217186088
4519.873873873874,25868.235906575886,11832.06856893814,8350.696944147086,27882.199978896344,73933.20139855746
4526.87987987988,25879.09406303475,11819.955716413331,8342.020482459859,27863.75005924841,73904.82032115635
4533.885885885886,25863.3275387721,11819.699950942171,8342.020482459859,27852.77432990817,73877.82230208229
4540.891891891893,25877.228121087595,11806.366907494881,8332.451867980113,27833.512851810898,73849.55974837349
4547.8978978978985,25861.526732904673,11806.11249541532,8332.451867980113,27822.59370997422,73822.68480627432
4554.903903903904,25875.418902770198,11792.818457184841,8322.911037576445,27803.400141401547,73794.54853893303
4561.90990990991,25859.781764697655,11792.565380858583,8322.911037576445,27792.536855945822,73767.79503907851
4568.915915915916,25873.66576229802,11779.310180040758,8313.397870220233,27773.41099285499,73739.784805414
4575.921921921922,25858.09200108237,11779.058422098517,8313.397870220233,27762.60284363955,73713.15113704067
4582.927927927928,25871.96806579465,11765.841891877302,8303.912245586003,27743.544483791007,73685.26668704896
4589.933933933934,25856.456820682917,11765.591435214032,8303.912245586003,27732.790761466356,73658.75126294931
4596.939939939939,25867.307486641672,11753.65249157714,8295.359234883032,27714.667833593245,73630.98704669508
4603.945945945946,25854.875613581567,11752.164237523828,8294.454044046312,27703.09971019917,73604.59360535088
4610.951951951952,25865.721127481036,11740.259561580851,8285.925407219534,27685.03837556101,73576.94447184243
4617.957957957958,25853.34778108953,11738.776647573985,8285.023146666672,27673.528802745695,73550.67637807589
4624.963963963964,25864.18830206661,11726.906094334341,8276.518779675445,27655.52885567597,73523.14203175236
4631.9699699699695,25851.872735522793,11725.428485125736,8275.619435200557,27644.077163926027,73496.9978197751
4638.975975975976,25862.70842288491,11713.591910443909,8267.139234595512,27626.13840085319,73469.57796877752
4645.981981981982,25850.449899982763,11712.119571143441,8266.242792084398,27614.743930255077,73443.55619346569
4652.987987987988,25861.280913172166,11700.316831712176,8257.78665500328,27596.86614965307,73416.2505495407
4659.993993993993,25846.09517601421,11700.07297138017,8257.78665500328,27586.388494236584,73390.34329663424
4666.999999999999,25859.90520670148,11687.080681126316,8248.460924596158,27567.711252070065,73363.15806449401
4674.006006006006,25844.776953917954,11686.8380228201,8248.460924596158,27557.283904845557,73337.35980617977
4681.012012012012,25858.580747573684,11673.88328284642,8239.161927740592,27538.67286932545,73310.29882748616
4688.018018018018,25843.509201261633,11673.641811202146,8239.161927740592,27528.295192129423,73284.60813233379
4695.024024024024,25857.30699001369,11660.724462194059,8229.889549467227,27509.750173664892,73257.67117533987
4702.03003003003,25842.291383178188,11660.484162077006,8229.889549467227,27499.421537718947,73232.08663244138
4709.036036036036,25853.124661204183,11648.815686344242,8221.528649456319,27481.800465457392,73205.26946246214
4716.042042042042,25841.12297454437,11647.364902141602,8220.643675466154,27470.6621339114,73179.79368606352
4723.048048048048,25851.952279979017,11635.729555563434,8212.306333329996,27453.100985174715,73153.08915404716
4730.054054054054,25840.00345978908,11634.283859228042,8211.424192082173,27442.016183479725,73127.72769457902
4737.060060060059,25850.828952890737,11622.681503404561,8203.11030839498,27424.514768716937,73101.13553340721
4744.066066066066,25838.932332705193,11621.240862292696,8202.230986310102,27413.482899485218,73075.88708079321
4751.072072072072,25849.754173641628,11609.671359616665,8193.940462204802,27396.04103087314,73049.40702633624
4758.078078078078,25837.909096266354,11608.235741405511,8193.063945790134,27385.061505094996,73024.270288557
4765.084084084084,25848.72744508726,11596.698955056154,8184.796682954451,27367.67899649828,72997.90207959616
4772.09009009009,25834.004887678813,11596.464615876901,8184.796682954451,27357.600047301556,72972.86623381173
4779.0960960960965,25847.748279057985,11583.764121676266,8175.678859475784,27339.427900335348,72946.61916054538
4786.102102102102,25833.07716825984,11583.530866029241,8175.678859475784,27329.394334393655,72921.68122815852
4793.108108108108,25846.81619618345,11570.86669251669,8166.586881233,27311.286986840627,72895.55675677376
4800.114114114114,25832.195837445655,11570.634506780025,8166.586881233,27301.298237404302,72870.71546286298
4807.12012012012,25845.93072572163,11558.006501693357,8157.520638318146,27283.255510013307,72844.71337574643
4814.126126126126,25831.36043404312,11557.77537244448,8157.520638318146,27273.31101851871,72819.96746332446
4821.132132132132,25842.185058698436,11546.368423185431,8149.34544839874,27256.178250569064,72794.07718085167
4828.138138138138,25830.570505165597,11544.953298400576,8148.480021446632,27245.431949161473,72769.43577417429
4835.144144144144,25841.39234394103,11533.578391171228,8140.327609422519,27228.357559306307,72743.65590384108
4842.15015015015,25829.825606071794,11532.168121079183,8139.464921952847,27217.66030983557,72719.11895893939
4849.156156156157,25840.644818423116,11520.82512366596,8131.3351927600415,27200.644121901478,72693.4492567506
4856.1621621621625,25829.12530000774,11519.419677954247,8130.475231785741,27189.995389964202,72669.01559971193
4863.168168168168,25839.942045100226,11508.108458888417,8122.368090888532,27173.037229209694,72643.45582408688
4870.174174174174,25825.589082840845,11507.881735519704,8122.368090888532,27163.277434493986,72619.11634374307
4877.18018018018,25839.2835947407,11495.428236085198,8113.42619689177,27145.536180820385,72593.67420853805
4884.186186186186,25824.97730878149,11495.202503290988,8113.42619689177,27135.81789987506,72569.42390883931
4891.192192192192,25838.66904577502,11482.7842955213,8104.509404455827,27118.140284906614,72544.10303065876
4898.198198198198,25824.40880613791,11482.559541020622,8104.509404455827,27108.463006091253,72519.94075770563
4905.204204204204,25838.097984148477,11470.176478470787,8095.61760786481,27090.84885807758,72494.74092856166
4912.21021021021,25823.883169374003,11469.95269015948,8095.61760786481,27081.21207703037,72470.66554442866
4919.216216216217,25834.70968486386,11458.767596836162,8087.599885230576,27064.497920212252,72445.57508714285
4926.222222222223,25823.400000189613,11457.381793155371,8086.750701996659,27054.064444753178,72421.59694009482
4933.2282282282285,25834.224751967045,11446.227830132457,8078.7551027762665,27037.40739066307,72396.61507553884
4940.2342342342345,25822.95890738165,11444.846693444058,8077.908582318981,27027.019449353997,72372.73363249868
4947.24024024024,25833.78205305423,11433.72373361833,8069.93501507042,27010.41933176573,72347.86013350872
4954.246246246247,25822.559506708203,11432.34723544033,8069.091144884902,27000.076438824326,72324.07432585776
4961.252252252252,25808.614716546374,11432.12842536687,8069.091144884902,26990.648925886144,72300.48321268428
4968.258258258258,25819.365046761308,11421.03540998462,8061.139518669411,26974.066017947247,72275.60599336258
4975.264264264264,25808.298867982794,11419.665359322562,8060.298286328978,26963.845200887696,72252.10771452203
4982.27027027027,25819.0480115553,11408.603096822251,8052.368510707586,26947.318971218006,72227.33859030314
4989.276276276277,25808.023390416107,11407.237615609689,8051.5299038631165,26937.1417164616,72203.93262635052
4996.282282282283,25818.771504344328,11396.205981009092,8043.621888893204,26920.67200327802,72179.27137752465
5003.288288288289,25804.97444100029,11395.99014698346,8043.621888893204,26911.369393283658,72155.95587016061
5010.294294294295,25818.53516812858,11383.843910692656,8034.899551504464,26894.124492647148,72131.40312297284
5017.3003003003005,25804.77855034374,11383.628947140018,8034.899551504464,26884.85839244014,72108.16544142837
5024.306306306307,25818.33865222127,11371.51673495738,8026.2013973855055,26867.675825095175,72083.73260965933
5031.312312312313,25804.621930329253,11371.3026312485,8026.2013973855055,26858.445790978138,72060.57174994139
5038.318318318318,25818.181612129574,11359.224303816403,8017.527325942487,26841.325393521536,72036.25863540999
5045.324324324323,25804.504243745498,11359.011049472072,8017.527325942487,26832.130987993933,72013.17360715399
5052.33033033033,25815.267102940685,11348.100987408126,8009.705463961135,26815.898710521935,71988.97226483189
5059.336336336336,25804.42515934494,11346.75405289201,8008.877237139664,26805.913389495712,71965.96983887232
5066.342342342342,25815.187684118224,11335.874002508977,8001.076693424082,26789.736769829276,71941.87514988057
5073.348348348348,25804.384351731343,11334.531493499746,8000.251031495548,26779.792408289803,71918.95928501643
5080.354354354354,25815.146696452346,11323.68133389242,7992.471719010828,26763.671291509883,71894.97104086546
5087.360360360361,25804.381501249238,11322.343224188928,7991.648610079023,26753.767463868684,71872.14079938587
5094.3663663663665,25815.14381971346,11311.522835112262,7983.890442263403,26737.701696034506,71848.25879312363
5101.372372372372,25801.64064683598,11311.31316032195,7983.890442263403,26728.657563759836,71825.50181318117
5108.378378378378,25815.178739294115,11299.398360611991,7975.332765267209,26711.82741043037,71801.7372756037
5115.384384384384,25801.71222302839,11299.189483504137,7975.332765267209,26702.816748075027,71779.05121987476
5122.39039039039,25791.12830100421,11297.861798089052,7974.514726933493,26693.064711194573,71756.56953722132
5129.396396396396,25801.820786177785,11287.099676674941,7966.798590647281,26677.070273881764,71732.78932738178
5136.402402402402,25788.518017978768,11286.893559683647,7966.798590647281,26668.17604045869,71710.38620876838
5143.408408408408,25801.96603913375,11275.04359616808,7958.287821564546,26651.417586536216,71686.7150434026
5150.414414414414,25788.698243731797,11274.838244987412,7958.287821564546,26642.555493294123,71664.37980357787
5157.420420420421,25802.147689958907,11263.021099182153,7949.800361712163,26625.85813754973,71640.82728840296
5164.426426426427,25788.914386635523,11262.816504590772,7949.800361712163,26617.027798894418,71618.55905183287
5171.4324324324325,25802.365451831032,11251.03204377331,7941.336115311842,26600.391384489445,71595.12499540563
5178.438438438438,25789.16616611403,11250.82819667761,7941.336115311842,26591.592420119217,71572.92289822269
5185.444444444444,25799.878339821757,11240.183317583163,7933.703023807902,26575.82934415399,71549.59402536681
5192.45045045045,25789.453306517204,11238.87318028009,7932.894987110226,26566.248825704057,71527.47029961158
5199.456456456456,25800.16655158002,11228.257248672311,7925.282447324307,26550.540068185783,71504.24631576242
5206.462462462462,25789.775537028243,11226.951315271515,7924.47688237529,26540.99649016616,71482.2002248412
5213.468468468468,25800.49000317174,11216.364216038883,7916.884811417268,26525.341905254292,71459.08093588219
5220.474474474474,25787.411258983797,11216.162829819179,7916.884811417268,26516.646344191762,71437.105244412
5227.480480480481,25800.848427848003,11204.504081008525,7908.510022317681,26500.234336358957,71414.09686753317
5234.486486486487,25787.80177968143,11204.30340579371,7908.510022317681,26491.568622878327,71392.18383067114
5241.492492492493,25801.241563508713,11192.676705729691,7900.157986767687,26475.21684808367,71369.29310408977
5248.4984984984985,25788.22656739417,11192.476733045976,7900.157986767687,26466.580627573196,71347.44191478103
5255.504504504504,25775.333074265636,11192.278622717271,7900.157986767687,26458.02323270031,71325.79291645091
5262.510510510511,25788.685370282285,11180.682674656346,7891.828612017175,26441.6818551682,71302.878512124
5269.516516516516,25775.822457362156,11180.485246819593,7891.828612017175,26433.15311598494,71281.28943218387
5276.522522522522,25789.177940899237,11168.9210945126,7883.521805820336,26416.87180789055,71258.49264912272
5283.528528528528,25776.34518141917,11168.724341039875,7883.521805820336,26408.371384048583,71236.96271232796
5290.534534534534,25789.704036110383,11157.191857303284,7875.237476432229,26392.149993219344,71214.28336306523
5297.540540540541,25776.901008758716,11156.995770177497,7875.237476432229,26383.677548974723,71192.81180434316
5304.546546546547,25787.573013896374,11146.57865950999,7867.76650247018,26368.318785048577,71170.23696092513
5311.552552552553,25777.48970585409,11145.299399824302,7866.975532605377,26359.071127945856,71148.83576622963
5318.558558558559,25788.164006487794,11134.910333594737,7859.524459539277,26343.765567228904,71126.3643668507
5325.5645645645645,25778.11104325317,11133.635096358163,7858.735883586394,26334.551643164432,71105.03366636216
5332.570570570571,25788.78778422352,11123.273964296983,7851.304632005141,26319.29914650764,71082.66552703328
5339.576576576577,25776.092015807153,11123.080089456518,7851.304632005141,26310.919711726707,71061.39644899551
5346.582582582583,25789.44412091378,11111.669419358212,7843.106930027072,26294.919050691708,71039.13952099078
5353.588588588588,25776.776373531073,11111.476178606794,7843.106930027072,26286.5662439793,71017.92572614424
5360.594594594594,25766.87909145833,11110.210433174485,7842.323109408931,26277.48294197879,70996.89557602053
5367.600600600601,25777.492673325192,11099.903953148494,7834.931264249008,26262.298320443097,70974.62621116579
5374.606606606607,25764.968447985728,11099.713100839015,7834.931264249008,26254.046487752876,70953.65930082662
5381.612612612613,25778.24070175785,11088.363282456272,7826.777545796238,26238.115482752484,70931.49701276285
5388.618618618619,25765.7431299191,11088.173038670477,7826.777545796238,26229.88920753848,70910.5829219243
5395.624624624625,25779.020249103716,11076.854036660183,7818.64568627217,26214.017277185216,70888.53724922129
5402.6306306306315,25766.548951324134,11076.664394223075,7818.64568627217,26205.81625863472,70867.67529045409
5409.636636636637,25777.187452916314,11066.440679188572,7811.3123656189655,26190.800891773477,70845.74138949733
5416.642642642643,25767.385710892246,11065.187038472635,7810.535597755115,26181.827195906546,70824.93554302654
5423.648648648649,25778.027557442958,11054.990609028875,7803.221630883688,26166.86410837402,70803.10390572954
5430.654654654654,25768.253210817154,11053.740843136902,7802.447192795093,26157.921578661935,70782.36282541108
5437.660660660661,25778.898542484676,11043.571593031495,7795.152503189913,26143.010636312898,70760.63327501898
5444.666666666667,25766.523758645166,11043.38396331721,7795.152503189913,26134.894272315156,70739.95449746745
5451.672672672673,25756.868983530057,11042.139500518017,7794.380384410658,26126.04406848676,70719.4329369455
5458.678678678679,25767.450158072268,11031.996446899104,7787.104895959015,26111.14771851141,70697.6992194418
5465.684684684685,25757.821634705262,11030.755807571044,7786.3350860857745,26102.327705958844,70677.24023432093
5472.690690690691,25768.40669542246,11020.639724691197,7779.078723075118,26087.48332789047,70655.60847107925
5479.696696696697,25758.804101878566,11019.402887973618,7778.311211766696,26078.693215426916,70635.2114170458
5486.7027027027025,25769.39318667639,11009.313671239745,7771.07389888201,26063.90067696003,70613.68143375817
5493.708708708708,25757.20224691202,11009.129408234654,7771.07389888201,26055.926425093392,70593.33197912207
5500.714714714714,25770.409451002248,10998.018161804743,7763.090338180075,26040.399346345977,70571.91729733304
5507.72072072072,25758.241648283027,10997.834441536863,7763.090338180075,26032.447892612316,70551.61432061228
5514.726726726726,25768.854243432317,10987.79889737163,7755.890901179421,26017.769681586557,70530.31372356993
5521.732732732732,25759.31030720316,10986.569888481208,7755.127956223242,26009.049998942468,70510.05815085008
5528.738738738738,25747.274378827813,10986.388345984367,7755.127956223242,26001.19074648869,70489.98142752411
5535.744744744745,25760.40805323608,10975.335625822541,7747.186668715975,25985.73233627131,70468.6626840459
5542.750750750751,25748.394065834964,10975.154603875295,7747.186668715975,25977.89495059875,70448.630289025
5549.756756756757,25758.94845173213,10965.17120007869,7740.024811044973,25963.282421318392,70427.42688417419
5556.762762762763,25749.542347564435,10963.951023527681,7739.266391810266,25954.678726221762,70407.43848912415
5563.7687687687685,25760.101492801085,10953.993972087555,7732.123213562715,25940.117427116456,70386.33610556781
5570.774774774775,25750.71906346152,10952.77748316332,7731.367042102674,25931.541676621433,70366.40526534895
5577.78078078078,25761.2831015874,10942.8466827088,7724.242470294769,25917.031478880817,70345.40373347179
5584.786786786786,25751.92405576416,10941.633861688068,7723.488536631376,25908.4834087857,70325.5298628693
5591.792792792792,25762.4931195246,10931.729211371035,7716.382498659024,25894.024184069178,70304.62901362384
5598.798798798798,25750.582752571856,10931.55044933723,7716.382498659024,25886.281857128415,70284.79755769653
5605.804804804805,25741.333685684353,10930.342625077055,7715.630792873229,25877.818469018333,70265.12557265296
5612.810810810811,25751.84131149387,10920.463165960377,7708.5432165096,25863.37340254738,70244.22109651123
5619.816816816817,25742.61462612063,10919.258962632824,7707.793728740886,25854.936840354298,70224.60415784863
5626.822822822823,25753.12766573854,10909.40545581469,7700.724542133949,25840.542588328633,70203.80025201582
5633.828828828829,25741.362462888796,10909.22923516347,7700.724542133949,25832.907765335367,70184.22400552158
5640.834834834835,25754.44166855911,10898.37720041395,7692.926394250009,25817.789035879236,70163.5342991023
5647.840840840841,25742.69565783208,10898.201449362161,7692.926394250009,25810.173938783908,70143.99744022815
5654.846846846846,25753.23437856926,10888.39979004461,7685.893773087475,25795.89148360837,70123.41942530972
5661.852852852852,25744.05606388359,10887.202995019687,7685.14869200337,25787.516769483063,70103.9245203897
5668.858858858858,25754.600522887646,10877.426990486016,7678.1342472660945,25773.284700874687,70083.44646151444
5675.864864864865,25745.443542925983,10876.233755034074,7677.391354964449,25764.935888701268,70064.00454162578
5682.870870870871,25733.83795291892,10876.060460076898,7677.391354964449,25757.42473252544,70044.71450048572
5689.876876876877,25744.322283545385,10866.309163381115,7670.395016275532,25743.206614983734,70024.23307818576
5696.882882882883,25735.270218761787,10865.120762817118,7669.654303125697,25734.938458722663,70004.98374342726
5703.888888888889,25745.760668947318,10855.394928173297,7662.676000471097,25720.770575430546,69984.60217302226
5710.8948948948955,25736.72900987564,10854.21004247907,7661.937456898842,25712.527528530703,69965.40403778425
5717.900900900901,25747.225706124416,10844.509573102912,7654.977120625031,25698.40975496021,69945.12215481256
5724.906906906907,25735.69123682586,10844.337825044171,7654.977120625031,25690.963707168492,69925.96988966355
5731.912912912913,25748.71726661631,10833.65298355693,7647.2982979237795,25676.123797882523,69905.79234597954
5738.918918918918,25737.199757056318,10833.481663988221,7647.2982979237795,25668.695746766924,69886.67546573524
5745.924924924925,25728.29034499304,10832.305018134912,7646.564065007603,25660.556015815597,69867.71544395115
5752.930930930931,25738.73440621759,10822.654149509022,7639.639453965293,25646.50208848681,69847.53009817871
5759.936936936937,25727.33361053269,10822.484736357543,7639.639453965293,25639.154906349253,69828.61270720478
5766.942942942943,25740.295063517813,10811.855168311955,7632.000510756316,25624.382385565856,69808.53312815193
5773.948948948949,25728.910244246013,10811.686165614492,7632.000510756316,25617.05244059503,69789.64936121185
5780.954954954956,25741.881610268807,10801.0846077216,7624.38139070974,25602.33629425511,69769.68390295526
5787.9609609609615,25730.512509459517,10800.91601071426,7624.38139070974,25595.02338607585,69750.83329695936
5794.966966966967,25740.99108713756,10791.340328123668,7617.509853993853,25581.128688216642,69730.96995747172
5801.972972972973,25732.14029267208,10790.174159657607,7616.782016641961,25573.067404597583,69712.16387356922
5808.978978978979,25720.884849113314,10790.007415078366,7616.782016641961,25565.833111468546,69693.50739230218
5815.984984984985,25733.793482367706,10779.460501054527,7609.202311770237,25551.184160860183,69673.64045605266
5822.990990990991,25722.55281476716,10779.294144919142,7609.202311770237,25543.96617774147,69655.015449198
5829.996996996997,25732.980727413404,10769.767129441563,7602.365819664446,25530.134601508416,69635.24827802782
5837.003003003003,25724.245832209057,10768.60895191579,7601.642199710104,25522.1714594422,69616.66844327716
5844.009009009009,25734.681164951813,10759.106548498823,7594.823129461116,25508.389163609896,69597.00000652164
5851.015015015016,25723.487102270145,10758.94117438424,7594.823129461116,25501.21255690913,69578.46396302462
5858.021021021022,25736.40666881719,10748.473842116879,7587.299889569543,25486.715492914533,69558.89589341814
5865.0270270270275,25725.22659559082,10748.308842124916,7587.299889569543,25479.554593029654,69540.38992031493
5872.0330330330335,25716.604805401825,10747.15855317846,7586.580450462587,25471.68736933761,69522.03117838048
5879.039039039039,25726.99081560026,10737.704271024864,7579.7960247321835,25457.967889885935,69502.45900124323
5886.045045045045,25715.920020088233,10737.541046012588,7579.7960247321835,25450.882361520176,69484.13945235318
5893.051051051051,25728.77966327183,10727.127352659836,7572.311460079936,25436.452128413315,69464.67060442493
5900.057057057057,25717.721973046977,10726.964485650016,7572.311460079936,25429.38162688778,69446.37954566472
5907.063063063062,25730.5930413163,10716.57797918845,7564.846121129615,25415.00699218136,69427.02413381572
5914.069069069069,25719.54822939466,10716.415466022487,7564.846121129615,25407.95134245494,69408.7611590017
5921.075075075075,25729.971733490587,10707.034146647597,7558.113169229345,25394.3882547233,69389.50730409083
5928.081081081081,25721.398696267188,10705.89387992048,7557.399933781478,25386.591196628044,69371.28370659718
5935.087087087087,25710.460370794368,10705.733092727349,7557.399933781478,25379.608868759984,69353.20226606318
5942.093093093093,25720.82803778053,10696.375020618263,7550.684009700939,25366.059325178994,69333.94639327873
5949.0990990990995,25712.346987263303,10695.239171934481,7549.97282431674,25358.332753205927,69315.89173672046
5956.105105105105,25722.72308565536,10685.90507793792,7543.2738635417745,25344.831806919534,69296.7338340546
5963.11111111111,25714.25741770256,10684.772468026273,7542.564719395135,25337.125994794824,69278.72059991879
5970.117117117116,25724.642061003513,10675.462262856821,7535.882657737086,25323.673527053797,69259.66050865123
5977.123123123122,25713.756386153716,10675.302689094937,7535.882657737086,25316.742270230316,69241.68400321605
5984.129129129129,25705.38088838618,10674.174440039105,7535.175546052488,25309.105545895633,69223.83642037341
5991.135135135135,25715.71053732422,10664.887222461086,7528.510319646134,25295.666598158492,69204.77467758993
5998.141141141141,25707.3496929724,10663.762173828432,7527.805231698291,25288.05000959604,69186.96710809517
6005.147147147147,25717.68823725829,10654.498670186733,7521.156776999821,25274.65940422583,69168.00308867067
6012.153153153153,25706.916385764616,10654.341077974597,7521.156776999821,25267.81219181534,69150.22643255437
6019.15915915916,25719.689405176432,10644.13692842531,7513.821957898312,25253.72039356356,69131.36868506361
6026.1651651651655,25708.928091972393,10643.979647635404,7513.821957898312,25246.886242477478,69113.61593998357
6033.171171171171,25719.297809661017,10634.763521199486,7507.206857259733,25233.601339260156,69094.86952738039
6040.177177177177,25710.962987044364,10633.644920881748,7506.505790808667,25226.02803097477,69077.14172970955
6047.183183183182,25700.30218039054,10633.489261542209,7506.505790808667,25219.262823001343,69059.56005574277
6054.189189189189,25713.020995411305,10623.336795008336,7499.208204562513,25205.237268976263,69040.80326395843
6061.195195195195,25702.369955189773,10623.181433124677,7499.208204562513,25198.484531961607,69023.24412483856
6068.201201201201,25712.695089898065,10614.011318599098,7492.626207615279,25185.260988560756,69004.5936046732
6075.207207207207,25704.46057694288,10612.90009994098,7491.929128353702,25177.773257649584,68987.06306288714
6082.213213213213,25714.795223521647,10603.753265238114,7485.363590146274,25164.597529806764,68968.5096087128
6089.21921921922,25706.573975032545,10602.645160408592,7484.668491736024,25157.1287180227,68951.01634519987
6096.225225225226,25696.030527253784,10602.49167058327,7484.668491736024,25150.455430475602,68933.64612004868
6103.2312312312315,25706.312013862283,10593.367231278724,7478.1193506111595,25137.293118765465,68915.09171451764
6110.237237237237,25698.175465811288,10592.26330425252,7477.426224620902,25129.889104257305,68897.75409894202
6117.243243243243,25708.466802609466,10583.161975896457,7470.893419228943,25116.77447587819,68879.29667361306
6124.249249249249,25697.957394381425,10583.009244411547,7470.893419228943,25110.133137830922,68861.99319585283
6131.255255255255,25710.64415282171,10572.98282431149,7463.685726572101,25096.32175492325,68843.63445862856
6138.261261261261,25700.14316284826,10572.830366039012,7463.685726572101,25089.691863576845,68826.35111903622
6145.267267267267,25692.10229776294,10571.733642349338,7462.996520318623,25082.36975453652,68809.20221496743
6152.273273273273,25702.351249373813,10562.67748871822,7456.496203564308,25069.316102436143,68790.84104409249
6159.27927927928,25691.945241400612,10562.526555830842,7456.496203564308,25062.75112347088,68773.71912426664
6166.285285285286,25704.581591744405,10552.550513472022,7449.324781478238,25049.00558451045,68755.46247120512
6173.291291291292,25694.18329867784,10552.39984113597,7449.324781478238,25042.451516339333,68738.35943763138
6180.2972972972975,25704.465492254858,10543.389526332734,7442.856711606373,25029.501589656822,68720.2133198508
6187.303303303303,25696.443379654807,10542.298926976186,7442.171391933349,25022.21675488731,68703.13045345165
6194.309309309309,25706.736012578876,10533.311303765151,7435.719355593379,25009.313995528933,68685.08066746635
6201.315315315315,25698.72542637011,10532.223715439133,7435.035966893694,25002.04657481518,68668.03168351811
6208.321321321321,25688.427357162444,10532.074786049807,7435.035966893694,24995.5665245184,68651.10463462435
6215.327327327327,25698.668626918454,10523.10898685898,7428.59990454176,24982.677103221173,68633.05462154036
6222.333333333333,25690.738181167988,10522.025425074698,7427.918438665763,24975.470930896325,68616.15297580477
6229.33933933934,25700.99021620394,10513.082154345153,7421.498291052474,24962.62854775347,68598.19920935504
6236.345345345346,25693.070695645387,10512.00156950288,7420.818739896302,24955.439273080225,68581.33027812479
6243.351351351352,25703.333595405653,10503.080745099182,7414.414448064923,24942.643813540115,68563.47260210988
6250.357357357358,25693.07169243189,10502.93273591922,7414.414448064923,24936.202454940347,68546.62133135638
6257.3633633633635,25685.23080731874,10501.856128328125,7413.736803570196,24929.07327516109,68529.89701437815
6264.36936936937,25695.443145313388,10492.95688990582,7407.3483088548455,24916.29115529205,68512.0394993661
6271.375375375375,25685.27111265594,10492.810317679005,7407.3483088548455,24909.9109931452,68495.34073233498
6278.381381381381,25697.836125217633,10483.006272923012,7400.299807032183,24896.443047235025,68477.58525240785
6285.387387387387,25687.669946781632,10482.859927971007,7400.299807032183,24890.0723876312,68460.90206941601
6292.393393393393,25697.916961109757,10474.005376415269,7393.942731705693,24877.392422959536,68443.25749219026
6299.3993993994,25690.09010580534,10472.93466963021,7393.268876539013,24870.296607581913,68426.59025955647
6306.405405405406,25680.012135073906,10472.789733250167,7393.268876539013,24863.98595495804,68410.05669982113
6313.411411411412,25692.531542542587,10463.034448231263,7386.255451647445,24850.58340453873,68392.40484696002
6320.417417417418,25682.458803721052,10462.889727998961,7386.255451647445,24844.28178267348,68375.88576604094
6327.423423423424,25692.667537639914,10454.078572113178,7379.929564491955,24831.66162908596,68358.337303331
6334.4294294294305,25684.92655748806,10453.014663143687,7379.259466957577,24824.639830983844,68341.84051857317
6341.435435435436,25674.94040379552,10452.871323827636,7379.259466957577,24818.39705639783,68325.46825097856
6348.4414414414405,25687.41535265579,10443.164445254672,7372.280857395441,24805.059856248787,68307.9205115547
6355.447447447446,25677.433827230518,10443.021311310726,7372.280857395441,24798.825655326564,68291.56165126326
6362.453453453453,25687.605160596802,10434.253240320773,7365.985929456273,24786.26520724491,68274.10953761876
6369.459459459459,25679.948108616612,10433.196050312199,7365.319558210962,24779.315884165295,68257.77960130507
6376.465465465465,25690.13139193927,10424.449788762126,7359.040024721635,24766.801714215635,68240.42291963866
6383.471471471471,25680.174225029088,10424.3072434133,7359.040024721635,24760.592288584474,68224.1137817485
6390.477477477477,25672.5907261962,10423.253863338794,7358.37550497596,24753.699150228942,68207.9192447399
6397.483483483484,25682.725531287393,10414.528569516653,7352.111309534,24741.19830412014,68190.56371445819
6404.48948948949,25672.852389241143,10414.38736112991,7352.111309534,24735.0458740537,68174.39693395875
6411.495495495496,25685.297571381354,10404.774382036278,7345.19972006027,24721.86525958913,68157.13693306703
6418.5015015015015,25675.42815785765,10404.633363108615,7345.19972006027,24715.720728753833,68140.98196978036
6425.507507507507,25687.89030728866,10395.044589863657,7338.305192783561,24702.592920720654,68123.83301065653
6432.513513513513,25678.024490707347,10394.903758070386,7338.305192783561,24696.456191220554,68107.68963278184
6439.519519519519,25668.237581243062,10394.764050296915,7338.305192783561,24690.367572401265,68091.6743967248
6446.525525525525,25680.641352040475,10385.198455396416,7331.427664501246,24677.25202997716,68074.51950191529
6453.531531531531,25670.857614407494,10385.05892718813,7331.427664501246,24671.170890258145,68058.51509635501
6460.537537537537,25680.99367061454,10376.419219198106,7325.224262702885,24658.829756747495,68041.46690926302
6467.543543543544,25673.498014639285,10375.378014056269,7324.567072323029,24652.034260734446,68025.47736175303
6474.54954954955,25683.64675622948,10366.759652963776,7318.378730654267,24639.738895030965,68008.52403487849
6481.555555555556,25676.15874905065,10365.721221221796,7317.723353668988,24632.957456569675,67992.56078051112
6488.561561561562,25666.45866221154,10365.583148987254,7317.723353668988,24626.938243863635,67976.70340873142
6495.5675675675675,25676.560403821837,10356.985307158837,7311.550017353626,24614.65617898232,67959.75190731662
6502.573573573573,25669.142208941143,10355.950555072355,7310.896446267676,24607.928021542608,67943.91723182378
6509.579579579579,25679.256930868727,10347.373909910973,7304.738060794828,24595.69159968079,67927.06050125533
6516.585585585585,25669.576773638175,10347.236349467095,7304.738060794828,24589.693909125228,67911.24509302533
6523.591591591591,25662.22749581273,10346.205251261676,7304.0862881542125,24583.01837449307,67895.53740972168
6530.597597597597,25672.295765269155,10337.648979662017,7297.942799276709,24570.795281063725,67878.68282527161
6537.603603603604,25664.953305016654,10336.620608064393,7297.292817668398,24564.1330953835,67862.99982613295
6544.60960960961,25675.034845843453,10328.085384324584,7291.16417140119,24551.95552032944,67846.23992189867
6551.615615615616,25665.435203301608,10327.949225936289,7291.16417140119,24546.017478195805,67830.56607883489
6558.621621621622,25677.79398708069,10318.54547596972,7284.402116071422,24533.174407898638,67813.91598702047
6565.627627627628,25668.196064140153,10318.409471558998,7284.402116071422,24527.242759431538,67798.25041120211
6572.6336336336335,25658.673709385464,10318.274535750244,7284.402116071422,24521.356899665177,67782.70726087231
6579.639639639639,25670.976845794296,10308.893315157336,7277.6565724899265,24508.526388941013,67766.05312238257
6586.645645645645,25661.455825597615,10308.758526502232,7277.6565724899265,24502.64663179243,67750.51755638221
6593.651651651651,25671.529995567307,10300.285438877332,7271.572132740892,24490.581060508906,67733.96862769444
6600.657657657657,25664.257727912052,10299.266026742542,7270.927480156767,24483.994417174516,67718.44565198588
6607.663663663664,25654.812633837813,10299.132437728615,7270.927480156767,24478.16587725032,67703.03842897352
6614.66966966967,25667.079392308304,10289.796950334736,7264.21477886773,24465.400042932288,67686.49116444305
6621.675675675676,25657.635148998055,10289.663499941427,7264.21477886773,24459.577242638985,67671.0906704462
6628.681681681682,25667.677975380422,10281.23110608277,7258.159544940493,24447.570126688806,67654.6387530925
6635.687687687688,25660.47729828086,10280.217897983723,7257.518408712515,24441.04616057767,67639.25976555477
6642.6936936936945,25670.534080734484,10271.806110942884,7251.477698902081,24429.084060347155,67622.9019509266
6649.6996996997,25661.10579098983,10271.673103882424,7251.477698902081,24423.279878930938,67607.53647270528
6656.705705705705,25653.969793532506,10270.663403815899,7250.838310072934,24416.805284452872,67592.2767918742
6663.711711711711,25663.9820881959,10262.271418982522,7244.812072185463,24404.85653061568,67575.92210997957
6670.717717717717,25654.627586584505,10262.139575279227,7244.812072185463,24399.102032666575,67560.68126671576
6677.723723723724,25666.87795450951,10252.892825485578,7238.162605712574,24386.49013391941,67544.42351962707
6684.72972972973,25657.523594518967,10252.761108046016,7238.162605712574,24380.740850885297,67529.18815916285
6691.735735735736,25650.45648696625,10251.757504317035,7237.526690317851,24374.32682870218,67514.06751030331
6698.741741741742,25660.43905367513,10243.40564647148,7231.529240692426,24362.43634429617,67497.8102851352
6705.747747747748,25651.157201964943,10243.275070921098,7231.529240692426,24356.73584047983,67482.6973540583
6712.753753753755,25663.37394532334,10234.073106931768,7224.91191861936,24344.18830943201,67466.54728030648
6719.7597597597605,25654.091788406753,10233.942649797982,7224.91191861936,24338.49268643199,67451.43904325609
6726.765765765766,25644.88153709174,10233.813201233299,7224.91191861936,24332.840337458976,67436.44699440338
6733.771771771772,25657.045695508463,10224.63306588707,7218.310581271314,24320.305734233403,67420.29507690025
6740.777777777777,25647.834795956747,10224.503729690983,7218.310581271314,24314.65800755415,67405.3071144732
6747.783783783784,25657.814138681144,10216.212073087687,7212.355928781514,24302.877987450123,67389.26012800046
6754.78978978979,25650.80726799887,10215.217011020166,7211.725170708107,24296.531613938994,67374.28106366613
6761.795795795796,25660.801414868507,10206.945463790293,7205.784682171855,24284.796098078,67358.32765890866
6768.801801801802,25653.798937881907,10205.952962861822,7205.15562926972,24278.460958429037,67343.36848844249
6775.807807807808,25644.657333991683,10205.824837965583,7205.15562926972,24272.864822852567,67328.50262407956
6782.813813813814,25654.608704488797,10197.572611279784,7199.229254210706,24261.142692623984,67312.55326260327
6789.81981981982,25647.667026820076,10196.583481805897,7198.60189957462,24254.8539513541,67297.7063595547
6796.825825825826,25657.6334653529,10188.35122584305,7192.689587756089,24243.176201970015,67281.85048092205
6803.831831831832,25648.50350551845,10188.223470589053,7192.689587756089,24237.5955544481,67267.01211831169
6810.8378378378375,25641.62187741938,10187.237690250864,7192.063924518061,24231.35266304386,67252.27615523216
6817.843843843843,25651.546052289952,10179.024620661445,7186.165625941405,24219.688331776862,67236.42463066966
6824.849849849849,25642.484533422696,10178.897939273269,7186.165625941405,24214.15359333694,67221.70169197432
6831.855855855855,25654.60765626829,10169.848124082024,7179.65731217376,24201.83602944982,67205.94912197388
6838.861861861861,25645.544448826688,10169.721536993273,7179.65731217376,24196.305144564853,67191.22844255858
6845.867867867868,25636.550525687817,10169.595915666423,7179.65731217376,24190.81573605446,67176.61948958246
6852.873873873874,25648.62332793648,10160.56740628067,7173.164590132336,24178.511366552295,67160.86669090178
6859.87987987988,25639.62740204175,10160.441873735284,7173.164590132336,24173.025575351374,67146.25944126074
6866.885885885886,25651.721159505778,10151.435467139401,7166.687403766739,24160.77206927109,67130.616099683
6873.891891891892,25642.723152431277,10151.310022046226,7166.687403766739,24155.289839678666,67116.01041792291
6880.897897897898,25633.793680408027,10151.185530546754,7166.687403766739,24149.84857564772,67101.51519036925
6887.9039039039035,25645.837766843328,10142.200281007803,7160.225697295384,24137.608340799114,67085.87208594562
6894.909909909909,25636.90590751531,10142.075871590256,7160.225697295384,24132.170408342663,67071.3778847436
6901.915915915915,25646.80437468712,10133.960035798307,7154.396723185713,24120.672747266755,67055.83388093789
6908.921921921921,25640.036913897333,10132.988242811807,7153.779415203875,24114.546237622053,67041.35080953507
6915.927927927928,25649.95124319832,10124.891900707902,7147.964159267118,24103.092448950312,67025.89975212365
6922.933933933934,25641.02806103794,10124.76781059787,7147.964159267118,24097.66786383258,67011.4278947355
6929.93993993994,25634.317408216728,10123.799254051783,7147.348502243414,24091.58474304049,66997.04990755243
6936.945945945946,25644.191121375665,10115.721636900655,7141.546916109029,24080.144416902163,66981.6040912875
6943.951951951952,25635.332610467834,10115.598557924866,7141.546916109029,24074.763090327157,66967.24117482889
6950.957957957959,25647.372938410626,10106.697267511863,7135.144938953791,24062.67443702778,66951.88958190406
6957.9639639639645,25638.51148842567,10106.574261157897,7135.144938953791,24057.296039753415,66937.52672829077
6964.9699699699695,25631.859345183613,10105.611349876557,7134.532564038869,24051.265306594774,66923.26856569381
6971.975975975975,25641.709045526462,10097.57168980457,7128.758173304837,24039.882224754427,66907.9211333903
6978.981981981981,25632.911190722374,10097.449676739861,7128.758173304837,24034.546331968533,66893.6653727356
6985.987987987988,25644.92527508114,10088.590766529309,7122.386564925144,24022.521464429716,66878.4240709653
6992.993993993994,25636.124125675833,10088.468819918655,7122.386564925144,24017.188237709895,66864.16774822952
7000.0,25627.389094075672,10088.347787617507,7122.386564925144,24011.89432299292,66850.01776961124
