WS,fuel,fcrew,ccrew,depr,total
1.0,NaN,NaN,7.060669008514445e7,NaN,NaN
8.006006006006006,NaN,NaN,277199.75217993796,NaN,NaN
15.012012012012013,NaN,NaN,143046.219671301,NaN,NaN
22.01801801801802,NaN,NaN,105208.95120606504,NaN,NaN
29.024024024024026,NaN,NaN,86585.22072295034,NaN,NaN
36.030030030030034,NaN,NaN,75164.99362021543,NaN,NaN
43.03603603603604,NaN,NaN,67293.75809439564,NaN,NaN
50.04204204204204,NaN,NaN,61462.35533437891,NaN,NaN
57.04804804804805,NaN,NaN,56925.53685422494,NaN,NaN
64.05405405405405,NaN,NaN,53269.11346496976,NaN,NaN
71.06006006006007,NaN,NaN,50242.68689336724,NaN,NaN
78.06606606606607,NaN,NaN,47685.03681915517,NaN,NaN
85.07207207207207,NaN,NaN,45487.15299908522,NaN,NaN
92.07807807807808,NaN,NaN,43572.38501141992,NaN,NaN
99.08408408408408,NaN,NaN,41885.082592054896,NaN,NaN
106.0900900900901,NaN,NaN,40383.74974506509,NaN,NaN
113.0960960960961,NaN,NaN,39036.7383294164,NaN,NaN
120.10210210210212,NaN,NaN,37819.4394264643,NaN,NaN
127.10810810810811,NaN,NaN,36712.3941143854,NaN,NaN
134.11411411411413,NaN,NaN,35699.98830174208,NaN,NaN
141.12012012012013,NaN,NaN,34769.529790666595,NaN,NaN
148.12612612612614,NaN,NaN,33910.58208923125,NaN,NaN
155.13213213213214,NaN,NaN,33114.47470237106,NaN,NaN
162.13813813813815,NaN,NaN,32373.937237730443,NaN,NaN
169.14414414414415,NaN,NaN,31682.821987468156,NaN,NaN
176.15015015015015,NaN,NaN,31035.890787730066,NaN,NaN
183.15615615615616,NaN,NaN,30428.64928057755,NaN,NaN
190.16216216216216,NaN,NaN,29857.216613366156,NaN,NaN
197.16816816816817,NaN,NaN,29318.221962880627,NaN,NaN
204.17417417417417,NaN,NaN,28808.721598254928,NaN,NaN
211.1801801801802,NaN,NaN,28326.13183618218,NaN,NaN
218.1861861861862,NaN,NaN,27868.174413305314,NaN,NaN
225.1921921921922,NaN,NaN,27432.83164843043,NaN,NaN
232.19819819819818,NaN,NaN,27018.309388065565,NaN,NaN
239.20420420420425,NaN,NaN,26623.00618853088,NaN,NaN
246.21021021021022,NaN,NaN,26245.48753183754,NaN,NaN
253.21621621621622,NaN,NaN,25884.464132336867,NaN,NaN
260.22222222222223,NaN,NaN,25538.773589154378,NaN,NaN
267.22822822822826,NaN,NaN,25207.364791617507,NaN,NaN
274.23423423423424,NaN,NaN,24889.284602791744,NaN,NaN
281.24024024024027,NaN,NaN,24583.66643826568,NaN,NaN
288.2462462462462,NaN,NaN,24289.720429658104,NaN,NaN
295.2522522522523,NaN,NaN,24006.72491955193,NaN,NaN
302.25825825825825,NaN,NaN,23734.019080128663,NaN,NaN
309.2642642642643,NaN,NaN,23470.996484276686,NaN,NaN
316.2702702702702,NaN,NaN,23217.099487346673,NaN,NaN
323.2762762762763,NaN,NaN,22971.814301537146,NaN,NaN
330.28228228228227,NaN,NaN,22734.666664273387,NaN,NaN
337.2882882882883,NaN,NaN,22505.218017795352,NaN,NaN
344.2942942942943,NaN,NaN,22283.062130196715,NaN,NaN
351.3003003003003,NaN,NaN,22067.82209890929,NaN,NaN
358.30630630630634,NaN,NaN,21859.14768653966,NaN,NaN
365.3123123123123,NaN,NaN,21656.712946382067,NaN,NaN
372.3183183183183,NaN,NaN,21460.214101129237,NaN,NaN
379.3243243243243,NaN,NaN,21269.367643499652,NaN,NaN
386.33033033033036,NaN,NaN,21083.908631873936,NaN,NaN
393.33633633633633,NaN,NaN,20903.589157726456,NaN,NaN
400.3423423423423,NaN,NaN,20728.176964768285,NaN,NaN
407.34834834834834,NaN,NaN,20557.45420237714,NaN,NaN
414.35435435435437,NaN,NaN,20391.216298158528,NaN,NaN
421.3603603603604,NaN,NaN,20229.270936420624,NaN,NaN
428.3663663663663,NaN,NaN,20071.437131008923,NaN,NaN
435.3723723723724,NaN,NaN,19917.544382375952,NaN,NaN
442.37837837837833,NaN,NaN,19767.431909994113,NaN,NaN
449.3843843843844,NaN,NaN,19620.947952284743,NaN,NaN
456.3903903903904,NaN,NaN,19477.9491271598,NaN,NaN
463.39639639639637,NaN,NaN,19338.29984707375,NaN,NaN
470.4024024024024,NaN,NaN,19201.871783181232,NaN,NaN
477.4084084084085,NaN,NaN,19068.54337380464,NaN,NaN
484.41441441441435,NaN,NaN,18938.1993729481,NaN,NaN
491.42042042042044,NaN,NaN,18810.73043506037,NaN,NaN
498.4264264264264,NaN,NaN,18686.032732658645,NaN,NaN
505.43243243243245,NaN,NaN,18564.00760378534,NaN,NaN
512.4384384384385,NaN,NaN,18444.561226587055,NaN,NaN
519.4444444444445,NaN,NaN,18327.604318585207,NaN,NaN
526.4504504504504,NaN,NaN,18213.051858455623,NaN,NaN
533.4564564564565,NaN,NaN,18100.822828353776,NaN,NaN
540.4624624624624,NaN,NaN,17990.839975017472,NaN,NaN
547.4684684684685,NaN,NaN,17883.029588051813,NaN,NaN
554.4744744744744,NaN,NaN,17777.321293955636,NaN,NaN
561.4804804804805,NaN,NaN,17673.647864586088,NaN,NaN
568.4864864864866,NaN,NaN,17571.945038881157,NaN,NaN
575.4924924924924,NaN,NaN,17472.151356769482,NaN,NaN
582.4984984984985,NaN,NaN,17374.20800429554,NaN,NaN
589.5045045045046,NaN,NaN,17278.058669076556,NaN,NaN
596.5105105105105,NaN,NaN,17183.649405286775,NaN,NaN
603.5165165165165,NaN,NaN,17090.928507436067,NaN,NaN
610.5225225225225,NaN,NaN,16999.846392274336,NaN,NaN
617.5285285285286,NaN,NaN,16910.35548821077,NaN,NaN
624.5345345345346,NaN,NaN,16822.41013168981,NaN,NaN
631.5405405405404,NaN,NaN,16735.96647001255,NaN,NaN
638.5465465465466,NaN,NaN,16650.98237013534,NaN,NaN
645.5525525525526,NaN,NaN,16567.417333016318,NaN,NaN
652.5585585585585,NaN,NaN,16485.232413115347,NaN,NaN
659.5645645645645,NaN,NaN,16404.390142685243,NaN,NaN
666.5705705705706,NaN,NaN,16324.85446052105,NaN,NaN
673.5765765765766,NaN,NaN,16246.590644860506,NaN,NaN
680.5825825825826,NaN,NaN,16169.565250153044,NaN,NaN
687.5885885885886,NaN,NaN,16093.746047436685,NaN,NaN
694.5945945945946,NaN,NaN,16019.101968081997,NaN,NaN
701.6006006006006,NaN,NaN,15945.603050681035,NaN,NaN
708.6066066066065,NaN,NaN,15873.22039087537,NaN,NaN
715.6126126126127,NaN,NaN,15801.926093933322,NaN,NaN
722.6186186186186,NaN,NaN,15731.693229900002,NaN,NaN
729.6246246246246,NaN,NaN,15662.49579115692,NaN,NaN
736.6306306306307,NaN,NaN,15594.308652239859,NaN,NaN
743.6366366366366,NaN,NaN,15527.107531774249,NaN,NaN
750.6426426426426,NaN,NaN,15460.868956397637,NaN,NaN
757.6486486486486,NaN,NaN,15395.57022654779,NaN,NaN
764.6546546546547,NaN,NaN,15331.189384003597,NaN,NaN
771.6606606606607,NaN,NaN,15267.705181073581,NaN,NaN
778.6666666666666,NaN,NaN,15205.097051334233,NaN,NaN
785.6726726726727,NaN,NaN,15143.345081826865,NaN,NaN
792.6786786786788,NaN,NaN,15082.429986627909,NaN,NaN
799.6846846846846,NaN,NaN,15022.333081713206,NaN,NaN
806.6906906906906,NaN,NaN,14963.036261042098,NaN,NaN
813.6966966966967,NaN,NaN,14904.521973792102,NaN,NaN
820.7027027027027,NaN,NaN,14846.773202679202,NaN,NaN
827.7087087087087,NaN,NaN,14789.773443303277,NaN,NaN
834.7147147147147,NaN,NaN,14733.506684461812,NaN,NaN
841.7207207207208,NaN,NaN,14677.957389378678,NaN,NaN
848.7267267267267,NaN,NaN,14623.11047779836,NaN,NaN
855.7327327327326,NaN,NaN,14568.951308898591,NaN,NaN
862.7387387387387,NaN,NaN,14515.46566497787,NaN,NaN
869.7447447447448,NaN,NaN,14462.639735876475,NaN,NaN
876.7507507507509,NaN,NaN,14410.460104092437,NaN,NaN
883.7567567567567,NaN,NaN,14358.913730556133,NaN,NaN
890.7627627627628,NaN,NaN,14307.987941029347,NaN,NaN
897.7687687687688,NaN,NaN,14257.670413096594,NaN,NaN
904.7747747747748,NaN,NaN,14207.949163718653,NaN,NaN
911.7807807807808,131527.9454098978,22577.598534887482,14158.81253731964,109657.34525797359,277921.7017400785
918.7867867867867,128733.60589271788,22434.037250545916,14110.249194380973,107977.9679265602,273255.86026420497
925.7927927927927,126050.1648584877,22294.376153431942,14062.248100516821,106349.25648817347,268756.04560060997
932.7987987987988,123471.59333606009,22158.42855690732,14014.798516007291,104769.02608332007,264413.8464922948
939.8048048048048,120992.27701284799,22026.02005919253,13967.889985766862,103235.21709858443,260221.40415639183
946.810810810811,118606.97369205266,21896.98732107552,13921.51232972678,101745.88079699347,256171.35413984844
953.816816816817,116310.78581987755,21771.177256877512,13875.655633611517,100299.17321155492,252256.79192192148
960.8228228228227,114099.13013297485,21648.446153899993,13830.310240090159,98893.34595809286,248471.23248505787
967.8288288288287,111967.72216871526,21528.65919689261,13785.46674028509,97526.74589280257,244808.59399869552
974.8348348348349,109912.5444716605,21411.68955905473,13741.115965620878,96197.80293889102,241263.15293522712
981.8408408408409,107929.82327074006,21297.41772585178,13697.248979997441,94905.02248818011,237829.5124647694
988.8468468468469,106016.03034869733,21185.731498223166,13653.857072272374,93646.99446622937,234502.61338542224
995.8528528528528,104167.83878439991,21076.52476235723,13610.931749038089,92422.3699073924,231277.66520318761
1002.8588588588589,102382.13403540397,20969.697746513804,13568.464727680215,91229.87517280868,228150.17168240665
1009.8648648648649,100655.97493538682,20865.15593906322,13526.447929704429,90068.29060734002,225115.8694114945
1016.8708708708708,98986.60485651916,20762.81035231368,13484.873474319518,88936.46401707407,222170.75270022644
1023.876876876877,97371.41510575039,20662.576511157273,13443.733672265138,87833.28965116944,219311.01494034223
1030.882882882883,95807.95992436713,20564.374823478312,13403.02101987332,86757.72380155112,216533.07956926987
1037.888888888889,94293.91964604626,20468.129567926866,13362.728193353367,85708.76242950499,213833.53983683148
1044.8948948948948,92827.11178335264,20373.769163482,13322.848043290232,84685.4533027563,211209.1822928812
1051.9009009009008,91405.47843421438,20281.22580826949,13283.373589347055,83686.8906426282,208656.96847445914
1058.906906906907,90027.06469196793,20190.43488121882,13244.298015162973,82712.20244465015,206174.00003299987
1065.912912912913,88690.02806281042,20101.335171158127,13205.614663437716,81760.56078139933,203757.53867880558
1072.9189189189187,87392.62742766482,20013.868562128,13167.31703119505,80831.17661799003,201404.98963897792
1079.9249249249249,86133.2103948522,19927.979677793894,13129.3987652173,79923.29296248253,199113.8818003459
1086.930930930931,84910.20892672702,19843.61574733598,13091.853657643816,79036.18404476064,196881.86237646744
1093.936936936937,83722.1399961698,19760.726605743774,13054.675641726471,78169.15830294983,194706.70054658988
1100.942942942943,82567.59959874062,19679.264518502983,13017.858787735488,77321.55608898922,192586.27899396833
1107.9489489489488,81445.25179898662,19599.183875879593,12981.397299009504,76492.74317154379,190518.5761454195
1114.954954954955,80353.824847752,19520.44107593247,12945.285508143825,75682.10955907614,188501.66099090443
1121.960960960961,79292.11580513869,19442.994633347826,12909.517873311184,74889.07509338984,186533.70340518752
1128.966966966967,78258.97773848,19366.804827590862,12874.088974709664,74113.08092672087,184612.9524675014
1135.9729729729731,77253.32411732317,19291.83380705208,12838.993511132532,73353.59472622014,182737.74616172793
1142.978978978979,76274.11626262091,19218.045245696227,12804.226296655172,72610.10196005415,180906.48976502646
1149.9849849849847,75320.36827632177,19145.404462550086,12769.782257434343,71882.11135133843,179117.66634764464
1156.990990990991,74391.13676138797,19073.878139923665,12735.656428615352,71169.14770625444,177369.81903618143
1163.996996996997,73485.52712109464,19003.434479906384,12701.84395134279,70470.75841670397,175661.5639690478
1171.003003003003,72602.68469451796,18934.04296111495,12668.340069870894,69786.5072560777,173991.5749815815
1178.009009009009,71741.79303403402,18865.674284571825,12635.140128769463,69115.97399640176,172358.58144377708
1185.0150150150148,70902.0764628427,18798.300432623488,12602.239570221764,68458.75764986077,170761.37411554874
1192.021021021021,70082.79054610385,18731.894410029592,12569.6339314108,67814.46931042994,169198.78819797418
1199.027027027027,69283.2268295986,18666.4303611421,12537.318841990575,67182.73712630096,167669.71315903222
1206.033033033033,68502.70403356463,18601.88333107882,12505.290021639059,66563.19953781164,166173.07692409417
1213.0390390390392,67740.57521525983,18538.22944713459,12473.543277689829,65955.5123194923,164707.86025957656
1220.045045045045,66996.21997100688,18475.445707203482,12442.074502839378,65359.342567122534,163273.08274817228
1227.051051051051,66269.04461964463,18413.509978389244,12410.879672927216,64774.36955987539,161867.8038308365
1234.0570570570571,65558.4796545653,18352.400924184934,12379.954844786118,64200.28317329893,160491.11859683527
1241.063063063063,64863.98329419652,18292.098091809017,12349.296154159869,63636.78771071137,159142.16525087677
1248.0690690690692,64185.03263754054,18232.581674857156,12318.899813686035,63083.59459596329,157820.108722047
1255.0750750750751,63521.1278517813,18173.832617904292,12288.762110941369,62540.426680367586,156524.14926099454
1262.0810810810808,62871.78967686234,18115.83254610027,12258.879406547545,62007.016544091384,155253.51817360154
1269.087087087087,62236.559575055595,18058.563764262755,12229.248132335088,61483.10715702669,154007.4786286801
1276.093093093093,61614.99390160282,18002.009099864288,12199.864789563353,60968.44700307027,152785.31479410073
1283.099099099099,61006.67060699674,17946.15207390322,12170.725947194562,60462.79669794019,151586.3453260347
1290.1051051051052,60411.183076572524,17890.97673559917,12141.828240219955,59965.92376166626,150409.9118140579
1297.111111111111,59828.14071607685,17836.46767370311,12113.16836803621,59477.6035548827,149255.38031269886
1304.117117117117,59257.1681890501,17782.609992715137,12084.7430928704,58997.618954909856,148122.14022954548
1311.1231231231232,58697.903545346664,17729.389260366795,12056.54923825171,58525.75895462843,147009.6009985936
1318.129129129129,58150.00230818764,17676.791610582008,12028.583687528328,58061.82289144709,145917.20049774507
1325.1351351351352,57613.129409277986,17624.803529795143,12000.843382427947,57605.61313676495,144844.38945826603
1332.1411411411411,57086.96372763634,17573.411972011676,11973.325321660346,57156.939700903764,143790.64072221215
1339.147147147147,56571.19616983147,17522.604305597626,11946.026559560618,56715.61871009795,142755.44574508767
1346.1531531531532,56065.52912470176,17472.368296039214,11918.944204771658,56281.472165017876,141738.31379053052
1353.1591591591593,55569.6759468904,17422.69208957425,11892.075418964541,55854.32771051214,140738.77116594132
1360.1651651651653,55083.36046746481,17373.56419764417,11865.417415595595,55434.01841597222,139756.3604966768
1367.1711711711712,54606.317533774585,17324.973508182185,11838.967458698826,55020.38355485033,138790.64205550592
1374.177177177177,54138.28842911921,17276.909164048247,11812.722861712595,54613.2643286028,137841.18478348287
1381.183183183183,53679.026870672125,17229.360716279858,11786.680986339361,54212.50998473968,136907.578558031
1388.1891891891892,53228.29418644,17182.31799639454,11760.839241437405,53817.97328585566,135989.4247101276
1395.195195195195,52785.86008770222,17135.771134124636,11735.195081943493,53429.51146207882,135086.33776584917
1402.2012012012012,52351.5023116877,17089.710545890237,11709.74600782546,53046.98604444471,134197.9449098481
1409.2072072072071,51925.006282048904,17044.126923816977,11684.489563063706,52670.262705604946,133323.88547453453
1416.213213213213,51506.16478612073,16999.011225268663,11659.423334660712,52299.21110749715,132463.81045354725
1423.2192192192192,51094.777668022434,16954.35466286656,11634.544951677668,51933.70475562986,131617.38203819652
1430.2252252252254,50690.650588198085,16910.14867043943,11609.852084297265,51573.619888682595,130784.27123161737
1437.2312312312313,50293.598643273755,16866.384994745054,11585.342442911935,51218.83933149973,129964.16541243048
1444.2372372372372,49903.4400874764,16823.05553123679,11561.013777236627,50869.24622207018,129156.75561801999
1451.2432432432433,49520.00021155198,16780.15242263912,11536.863875445402,50524.72810556502,128361.74461520152
1458.2492492492493,49143.110036804384,16737.668023453978,11512.890563331048,50185.1757302507,127578.84435384012
1465.2552552552554,48772.606086479485,16695.594892398698,11489.091703487044,49850.482935165746,126807.77561753098
1472.2612612612613,48408.33016782544,16653.925785176052,11465.465194511158,49520.54654245105,126048.2676899637
1479.2672672672672,48050.12916425949,16612.653647559157,11442.008970229945,49195.26625411216,125300.05803616074
1486.2732732732732,47697.85483710662,16571.771608775307,11418.720998943612,48874.54455300341,124562.89199782896
1493.279279279279,47351.363636409544,16531.27297517357,11395.599282690546,48558.28660783758,123836.52250211124
1500.2852852852852,47010.51652033267,16491.15122416168,11372.641856530892,48246.40018203045,123120.7097830557
1507.2912912912914,46675.17967744619,16451.40002143088,11349.846787848655,47938.796501517805,122415.22298824353
1514.2972972972973,46345.22069863444,16412.013121081796,11327.212175671746,47635.38626244157,121719.83225782955
1521.3033033033032,46020.514050093974,16372.984505254699,11304.736150009365,47336.085552106655,121034.3202574647
1528.3093093093094,45700.937072443376,16334.308279870156,11282.416871206331,47040.811670970215,120358.47389449007
1535.3153153153153,45386.370825773956,16295.97869519095,11260.252529313717,46749.48411015178,119692.08616043041
1542.3213213213214,45076.699952109804,16257.990141117698,11238.241343475382,46462.02447985374,119034.95591655662
1549.3273273273273,44771.81254383322,16220.337142674056,11216.381561329903,46178.35644054991,118386.8876883871
1556.3333333333333,44471.60001778327,16183.01435567272,11194.67145842748,45898.40563682153,117747.69146870499
1563.3393393393394,44175.95699474469,16146.016562553481,11173.109337661306,45622.099633720725,117117.18252868019
1570.3453453453453,43884.78118406645,16109.338668385466,11151.693528713082,45349.36785555302,116495.18123671802
1577.3513513513515,43597.97327315697,16072.97569702577,11130.422387512164,45080.141526970125,115881.51288466503
1584.3573573573576,43315.43682162351,16036.922787427278,11109.294295707981,44814.35361627509,115276.00752103387
1591.3633633633633,43037.07815983032,16001.175190088961,11088.30766015541,44551.9387808428,114678.49979091749
1598.3693693693692,42762.80629166502,15965.72826364194,11067.460912412611,44292.8333145646,114088.82878228418
1605.3753753753754,42492.53198490981,15930.577450663155,11046.752508251053,44036.974182974234,113506.83612679824
1612.3813813813813,42226.171013111016,15895.7183598119,11026.180927177385,43784.302702362394,112932.3730024627
1619.3873873873874,41963.6389687029,15861.146632163083,11005.744671966726,43534.75878875326,112365.28906158597
1626.3933933933934,41704.85465526786,15826.858027260292,10985.442268207198,43288.28479464809,111805.43974538344
1633.3993993993993,41449.73912018717,15792.848397542062,10965.272263855233,43044.82447372021,111252.68425530469
1640.4054054054054,41198.21557882094,15759.11368562482,10945.233228801479,42804.322938735124,110706.88543198237
1647.4114114114113,40950.209341700436,15725.649921684582,10925.323754446898,42566.726620968664,110167.90963880057
1654.4174174174175,40705.64774459626,15692.453220933425,10905.542453288877,42331.983231063205,109635.62664988177
1661.4234234234236,40464.46008133149,15659.519781186402,10885.88795851701,42100.04172126122,109109.90954229613
1668.4294294294293,40226.57753921732,15626.845880515239,10866.358923618285,41870.85224896235,108590.6345923132
1675.4354354354355,39991.93313699314,15594.427874985053,10846.954021991456,41644.366141548824,108077.68117551846
1682.4414414414416,39760.461665160175,15562.262196470589,10827.671946570317,41420.53586242932,107570.93167063041
1689.4474474474475,39532.09962860297,15530.345350548745,10808.511409455663,41199.31497825234,107070.27136685971
1696.4534534534534,39306.7851913981,15498.673914464107,10789.471141555649,40980.65812724243,106575.58837466029
1703.4594594594594,39084.45812371449,15467.244535164582,10770.549892234403,40764.520988615346,106086.77353972882
1710.4654654654653,38865.059750714354,15436.053927404184,10751.746428968598,40550.86025302886,105603.720360116
1717.4714714714714,38648.53290336902,15405.09887191028,10733.0595370118,40339.63359403014,105126.32490632124
1724.4774774774774,38434.82187110705,15374.376213612733,10714.488019066403,40130.79964045986,104654.48574424605
1731.4834834834835,38223.87307783423,15343.882878291271,10696.030694962896,39924.31880222938,104188.10545331778
1738.4894894894896,38015.63210255064,15313.615796233104,10677.686401346347,39720.14977902898,103727.08407915907
1745.4954954954953,37810.048117305254,15283.572014634947,10659.45399136983,39518.25482109752,103271.32894440755
1752.5015015015017,37607.07080553059,15253.748618672551,10641.332334394663,39318.59612006639,102820.74787866419
1759.5075075075076,37406.65109725114,15224.14274971492,10623.320315697294,39121.136698020404,102375.25086068377
1766.5135135135133,37208.74113120263,15194.751603876039,10605.416836182596,38925.840384917436,101934.7499561787
1773.5195195195197,37013.29421830942,15165.57243061335,10587.620812103483,38732.67179673894,101499.15925776519
1780.5255255255256,36820.26480646305,15136.602531371058,10569.931174786618,38541.59631434205,101068.39482696277
1787.5315315315318,36629.608446548475,15107.839258266653,10552.346870364101,38352.580062988294,100642.37463816753
1794.5375375375377,36441.28175966723,15079.280012818905,10534.866859510974,38165.589892522905,100221.01852452001
1801.5435435435434,36255.2424055101,15050.922244715863,10517.490117188376,37980.593358182065,99804.24812559641
1808.5495495495495,36071.44905183156,15022.763450621263,10500.21563239221,37797.55870200386,99391.9868368489
1815.5555555555554,35889.86134498329,14994.801173018042,10483.042407907235,37616.4548348221,98984.15976073066
1822.5615615615616,35710.43988146341,14967.032999087392,10465.969460066332,37437.25131882096,98580.6936594381
1829.5675675675675,35533.14618044223,14939.45655962229,10448.995818514953,37259.91835063095,98181.51690921042
1836.5735735735734,35357.94265722503,14912.069527973968,10432.120525980506,37084.42674494632,97786.55945612583
1843.5795795795796,35184.79259761618,14884.869619030364,10415.342638046626,36910.74791864558,97395.75277333875
1850.5855855855855,35013.660133148514,14857.854588225237,10398.661222932165,36738.853875397144,97009.02981970305
1857.5915915915916,34844.510217145194,14831.022230576957,10382.075361274845,36568.717190733216,96626.32499973022
1864.5975975975975,34677.308601581375,14804.37037975578,10365.584145919369,36400.310997575005,96247.57412483153
1871.603603603604,34512.0218147146,14777.896907178716,10349.186681709974,36233.6089721935,95872.71437579679
1878.6096096096096,34348.61713945638,14751.599721130955,10332.882085287241,36068.585320591774,95501.68426646636
1885.6156156156155,34187.06193161064,14725.476749215904,10316.669484889127,35905.21393979263,95134.4221055083
1892.621621621622,34027.32628141983,14699.526005290065,10300.548020156051,35743.47175317516,94770.87206004112
1899.6276276276276,33869.37891136045,14673.745485491516,10284.516841939974,35583.33360383572,94410.97484262766
1906.633633633634,33713.1899206593,14648.133237295862,10268.5751121174,35424.77568860877,94054.67395868133
1913.6396396396399,33558.73006519474,14622.687341020861,10252.722003406117,35267.774671776,93701.91408139771
1920.6456456456453,33405.97073975621,14597.405909088948,10236.9566991857,35112.30767368511,93352.64102171597
1927.6516516516517,33254.88396087171,14572.287085310505,10221.278393321585,34958.35225969934,93006.80169920315
1934.6576576576574,33105.442350179954,14547.329044187261,10205.686289992747,34805.886429465216,92664.34411382518
1941.6636636636638,32957.61911832803,14522.529990234967,10190.179603522707,34654.88860648807,92325.21731857378
1948.6696696696697,32811.38804937615,14497.888157324976,10174.757558214042,34505.3376280059,91989.37139292108
1955.6756756756754,32666.72348568998,14473.401808043836,10159.419388186101,34357.21273515083,91656.75741707075
1962.6816816816818,32523.600313303796,14449.069233070393,10144.164337215921,34210.493563388976,91327.32744697909
1969.6876876876877,32381.99394773769,14424.888750569984,10128.991658582376,34065.160133230274,91001.03449012034
1976.6936936936938,32241.88032025162,14400.858705604838,10113.900614913247,33921.19284119792,90677.83248196762
1983.6996996996997,32103.235864522212,14376.97746956051,10098.890478035433,33778.57245105095,90357.67626316911
1990.7057057057057,31966.03750372599,14353.24343958755,10083.96052882797,33637.28008524991,90040.52155739142
1997.7117117117118,31830.262638015967,14329.655038058092,10069.110057077982,33497.2972166594,89726.32494981145
2004.7177177177177,31695.889132377044,14306.210712036805,10054.33836133937,33358.605660478606,89415.04386623183
2011.7237237237239,31562.895304847127,14282.90893276578,10039.644748794282,33221.18756639357,89106.63655280077
2018.7297297297298,31431.259915091534,14259.748195162885,10025.028535117199,33085.02541094316,88801.06205631478
2025.7357357357355,31300.962153318334,14236.727017333194,10010.489044341659,32950.10199009317,88498.28020508635
2032.7417417417416,31171.98162952313,14213.843940093077,9996.025608729507,32816.40041201093,88198.25159035664
2039.7477477477476,31044.298363051337,14191.097526506539,9981.637568642667,32683.904090034594,87900.93754823515
2046.753753753754,30917.892772468214,14168.48636143343,9967.3242724173,32552.59673583133,87606.30014215027
2053.75975975976,30792.74566572519,14146.009051089191,9953.08507624038,32422.462352737777,87314.30214579255
2060.765765765766,30668.838230613273,14123.664222615747,9938.919344028582,32293.48522927814,87024.90702653574
2067.771771771772,30546.15202549318,14101.45052366321,9924.82644730944,32165.64993285317,86738.07892931899
2074.777777777778,30424.669561371004,14079.366636805275,9910.805765104753,32038.942085839968,86453.784049121
2081.7837837837837,30304.371897481233,14057.411219058737,9896.856683816119,31913.345190571235,86171.98499092733
2088.7897897897897,30185.24227498349,14035.582992846617,9882.978597112648,31788.845439158016,85892.64930410078
2095.7957957957956,30067.263646957115,14013.880683871894,9869.170905820729,31665.428454548543,85615.74369119828
2102.8018018018015,29950.419294552677,13992.30303640568,9855.433017815842,31543.08010941729,85341.23545819148
2109.8078078078074,29834.692819202024,13970.848812927352,9841.764347916342,31421.786520779373,85069.09250082509
2116.813813813814,29720.06813504704,13949.516793773464,9828.16431777921,31301.534044743315,84799.28329134303
2123.8198198198197,29606.52946158104,13928.305776795107,9814.632355797732,31182.30927139842,84531.7768655723
2130.825825825826,29494.06131649472,13907.214577023546,9801.16789700098,31064.09901983194,84266.54281035118
2137.8318318318316,29382.648508721184,13886.24202634387,9787.770382955181,30946.89033327326,84003.5512512935
2144.8378378378375,29272.276131672887,13865.386973176397,9774.43926166683,30830.67047436034,83742.77284087645
2151.843843843844,29162.929556664785,13844.648282165661,9761.173987487588,30715.426920525562,83484.1787468436
2158.8498498498498,29054.594426517902,13824.024833876727,9747.974021020838,30601.147359497285,83227.74064091276
2165.855855855856,28947.256649337083,13803.515524498647,9734.838829029983,30487.81968491365,82973.43068777936
2172.861861861862,28840.902392457963,13783.119265554822,9721.767884348326,30375.431992045305,82721.22153440642
2179.8678678678675,28735.518076557484,13762.83498362013,9708.76066579058,30263.97257362416,82471.08629959235
2186.873873873874,28631.0903699236,13742.66162004458,9695.816658065945,30153.429915775338,82222.99856380947
2193.87987987988,28527.606182877877,13722.598130683351,9682.93535169274,30043.792694048494,81976.93235930246
2200.885885885886,28425.05266234739,13702.643485632974,9670.11624291449,29935.04976954642,81732.86216044126
2207.891891891892,28323.41718658126,13682.796668973604,9657.358833617565,29827.1901851483,81490.76287432073
2214.8978978978976,28222.687360006774,13663.056678517061,9644.662631250187,29720.203161824375,81250.6098315984
2221.903903903904,28122.851008221092,13643.42252556063,9632.027148742902,29614.078095039502,81012.37877756412
2228.90990990991,28023.89617311499,13623.893234646375,9619.451904430422,29508.80455124396,80776.04586343575
2235.9159159159162,27925.811108123267,13604.46784332581,9606.936421974817,29404.37226444749,80541.58763787139
2242.921921921922,27828.584273599867,13585.145401929862,9594.480230290044,29300.77113287612,80308.9810386959
2249.927927927928,27732.204332312314,13565.924973343896,9582.082863467776,29197.991215708083,80078.20338483207
2256.933933933934,27636.66014505238,13546.805632787742,9569.74386070452,29096.022729886827,79849.23236843146
2263.93993993994,27541.940766360516,13527.786467600512,9557.46276622994,28994.8560470101,79622.04604720106
2270.9459459459463,27448.034900482577,13508.866563582846,9545.239129236474,28894.480938862584,79396.62153216448
2277.951951951952,27354.93308960227,13490.045059399807,9533.072503810094,28794.889624630912,79172.94027744308
2284.957957957958,27262.62437074635,13471.321063198811,9520.962448862256,28696.072124068138,78950.98000687556
2291.963963963964,27171.09853290244,13452.693708738603,9508.908528063026,28598.019397796863,78730.72016750093
2298.9699699699695,27080.345539003032,13434.162140889459,9496.910309775303,28500.722546591514,78512.1405362593
2305.975975975976,26990.355522259895,13415.725515444508,9484.967366990168,28404.17280867726,78295.22121337183
2312.981981981982,26901.118782591402,13397.382998935023,9473.079277263318,28308.361557091597,78079.94261588134
2319.987987987988,26812.625783137482,13379.13376844964,9461.245622652545,28213.28029710578,77866.28547134544
2326.993993993994,26724.867146862398,13360.977011457386,9449.465989656288,28118.92066370568,77654.23081168174
2333.9999999999995,26637.833653240297,13342.911925634437,9437.73996915317,28025.274419129346,77443.75996715725
2341.006006006006,26551.516235023315,13324.937718694488,9426.067156342582,27932.333450460825,77234.85456052121
2348.012012012012,26465.905975088208,13307.053608222655,9414.447150686214,27840.089767277826,77027.4965012749
2355.018018018018,26380.994103360466,13289.258821512807,9402.879555850546,27748.535499352623,76821.66798007644
2362.024024024024,26296.771993813098,13271.552595408273,9391.363979650312,27657.662894404166,76617.35146327585
2369.0300300300296,26213.231161538122,13253.934176145838,9379.900033992888,27567.46431590063,76414.52968757748
2376.036036036036,26130.363259888898,13236.402819202864,9368.487334823547,27477.932240910526,76213.18565482584
2383.042042042042,26048.160077691184,13218.957789147618,9357.125502071664,27389.059258001784,76013.30262691225
2390.0480480480483,25966.613536520654,13201.59835949255,9345.814159597745,27300.838065186625,75814.86412079757
2397.054054054054,25885.71568804609,13184.323812550603,9334.552935141342,27213.261467912303,75617.85390365034
2404.06006006006,25805.458711435098,13167.133439294355,9323.341460269809,27126.322377095476,75422.25598809474
2411.066066066066,25725.835417394617,13150.026551780702,9312.179370327854,27040.01453478097,75228.05587428415
2418.072072072072,25646.83715963912,13133.00243128043,9301.066304387945,26954.329517046583,75035.23541235409
2425.0780780780783,25568.457053828428,13116.060408040532,9290.00190520146,26869.261355824183,74843.7807228946
2432.084084084084,25490.687764280072,13099.199806316563,9278.985819150676,26784.80336495464,74653.67675470196
2439.09009009009,25413.52207073407,13082.419958360642,9268.017696201445,26700.948954548723,74464.90867984487
2446.096096096096,25336.952866103242,13065.720204296627,9257.097189856706,26617.69162926333,74277.4618895199
2453.102102102102,25260.973154275453,13049.099891997625,9246.223957110666,26535.024986614113,74091.32198999786
2460.1081081081084,25185.576047966835,13032.558376965926,9235.397658403728,26452.942715324447,73906.47479866093
2467.1141141141143,25110.754301664456,13016.095010703617,9224.617957578124,26371.437918057738,73722.90518800393
2474.12012012012,25036.502371180686,12999.709191640379,9213.884521834278,26290.506105088298,73540.60218974364
2481.126126126126,24962.81334798915,12983.400289159665,9203.197021687774,26210.140744669723,73359.55140350631
2488.132132132132,24889.679740866548,12967.167662913309,9192.555130927081,26130.334389873697,73179.73692458063
2495.1381381381384,24817.096195527036,12951.010730056065,9181.958526571872,26051.082647355357,73001.14809951033
2502.1441441441443,24745.056095849974,12934.9288810711,9171.406888832022,25972.379225668963,72823.77109142207
2509.1501501501502,24673.55263314105,12918.921506185197,9160.899901067241,25894.21748958189,72647.59152997538
2516.1561561561566,24602.580817586404,12902.988045047408,9150.43724974729,25816.59341020597,72472.59952258707
2523.1621621621616,24532.13418845788,12887.1279053095,9140.018624412878,25739.500749281306,72298.78146746157
2530.168168168168,24462.206838915023,12871.340512647947,9129.64371763709,25662.934024093225,72126.12509329329
2537.174174174174,24392.792950317795,12855.625299189976,9119.312224987443,25586.88782710622,71954.61830160144
2544.1801801801803,24323.88679059333,12839.981703418143,9109.023844988513,25511.35682468108,71784.24916368106
2551.186186186186,24255.482712639383,12824.409170076658,9098.778279085125,25436.33575581893,71615.0059176201
2558.192192192192,24187.575152761627,12808.907150079458,9088.57523160611,25361.81943092959,71446.87696537678
2565.198198198198,24120.15862914643,12793.475100419957,9078.414409728606,25287.802730626052,71279.85086992104
2572.204204204204,24053.227740365957,12778.112484082427,9068.295523442886,25214.280604542517,71113.9163524338
2579.2102102102103,23986.777163916115,12762.818769955029,9058.21828551773,25141.248070176338,70949.06228956522
2586.2162162162163,23920.801654786177,12747.59343274441,9048.182411466329,25068.70021175345,70785.27771075036
2593.222222222222,23855.29604405899,12732.435952891783,9038.187619512648,24996.632179116,70622.55179557942
2600.228228228228,23790.255237541707,12717.345816490642,9028.233630558358,24925.039186632654,70460.87387122336
2607.234234234234,23725.674214425253,12702.32251520582,9018.320168150209,24853.916512129974,70300.23340991125
2614.2402402402404,23661.54802597291,12687.365546194062,9008.446958447903,24783.25949584531,70140.62002646018
2621.2462462462463,23597.87228323168,12672.47442408095,8998.613730192457,24713.064271466224,69982.02470897131
2628.252252252252,23534.64121414418,12657.648633015997,8988.820214675015,24643.32485930707,69824.43492114227
2635.258258258258,23471.85055249749,12642.887697854085,8979.06614570611,24574.037489310205,69667.84188536789
2642.264264264264,23409.495625305783,12628.191136953872,8969.351259585414,24505.19774133023,69512.2357631753
2649.2702702702704,23347.57182550147,12613.55847378933,8959.675295071895,24436.801252695343,69357.60684705804
2656.2762762762763,23286.07461078077,12598.98923687835,8950.037993354426,24368.843717276846,69203.94555829039
2663.2822822822823,23224.99950247393,12584.482959712614,8940.439098022827,24301.32088457732,69051.2424447867
2670.2882882882886,23164.342084438318,12570.039180688624,8930.878355039298,24234.228558835533,68899.48817900177
2677.294294294294,23104.09800197526,12555.657443040018,8921.355512710312,24167.562598149696,68748.67355587528
2684.3003003003005,23044.262960768196,12541.337294770934,8911.870321658882,24101.3189136162,68598.7894908142
2691.3063063063064,22984.83272584339,12527.078288590616,8902.422534797219,24035.493468485725,68449.82701771695
2698.3123123123123,22925.803120552027,12512.879981849104,8893.011907299831,23970.082277335267,68301.77728703624
2705.3183183183187,22867.170025572366,12498.741936473987,8883.638196576945,23905.081405255394,68154.63156387869
2712.3243243243246,22808.929377932982,12484.66371890831,8874.301162248365,23840.48696705344,68008.3812261431
2719.3303303303305,22751.077170055338,12470.64490004943,8865.000566117658,23776.29512647131,67863.01776269374
2726.3363363363364,22693.60944881614,12456.685055188986,8855.736172146742,23712.502095418353,67718.53277157022
2733.3423423423424,22636.522314628084,12442.783763953847,8846.507746430812,23649.104133218174,67574.91795823092
2740.3483483483483,22579.81192053954,12428.940610248044,8837.315057173628,23586.097545869907,67432.16513383112
2747.354354354354,22523.4744713521,12415.155182195671,8828.157874663159,23523.478685323047,67290.26621353398
2754.36036036036,22467.506222755554,12401.427072084747,8819.035971247557,23461.24394876572,67149.21321485357
2761.366366366366,22411.90348048053,12387.755876312014,8809.949121311474,23399.38977792626,67008.99825603027
2768.3723723723724,22356.66259946733,12374.141195328612,8800.897101252725,23337.912658387377,66869.61355443604
2775.3783783783783,22301.77998305209,12360.5826335867,8791.879689459241,23276.80911891366,66731.05142501168
2782.3843843843842,22247.25208216778,12347.079799486906,8782.896666286388,23216.075730790228,66593.3042787313
2789.39039039039,22193.075394562078,12333.632305326651,8773.947814034564,23155.7091071746,66456.36462109789
2796.396396396396,22139.24646402997,12320.239767249343,8765.032916927124,23095.705902459955,66320.2250506664
2803.4024024024025,22085.761879661164,12306.901805194362,8756.15176108863,23036.06281164956,66184.87825759372
2810.4084084084084,22032.61827510282,12293.61804284784,8747.304134523327,22976.776569743313,66050.31702221729
2817.4144144144143,21979.812327835727,12280.38810759431,8738.489827094038,22917.843951134666,65916.53421365874
2824.4204204204207,21927.340758465416,12267.21163046905,8729.708630501218,22859.261769018936,65783.52278845462
2831.426426426426,21875.20033002604,12254.088246111212,8720.960338262385,22801.026874811843,65651.27578921148
2838.4324324324325,21823.387847298272,12241.017592717755,8712.244745691794,22743.136157578585,65519.78634328641
2845.4384384384384,21771.90015614012,12227.999311998043,8703.561649880412,22685.58654347345,65389.047661492026
2852.4444444444443,21720.734142830286,12215.033049129172,8694.910849676113,22628.374995188722,65259.0530368243
2859.4504504504507,21669.88673342437,12202.118452712062,8686.292145664216,22571.49851141398,65129.795843214626
2866.4564564564566,21619.35489312296,12189.255174728167,8677.705340148226,22514.954126304558,65001.26953430391
2873.4624624624626,21569.135625652103,12176.442870496907,8669.150237130867,22458.73890895975,64873.46764223962
2880.4684684684685,21519.225972655076,12163.681198633774,8660.626642295358,22402.84996290986,64746.38377649407
2887.4744744744744,21469.623013095705,12150.969821009056,8652.134362986937,22347.284425612306,64620.011622704005
2894.4804804804808,21420.32386267311,12138.308402707231,8643.673208194645,22292.039467956878,64494.34494153187
2901.4864864864867,21371.325673246996,12125.696611986998,8635.242988533348,22237.11229377905,64369.37756754639
2908.4924924924926,21322.625632274077,12113.134120241897,8626.843516225988,22182.50013938234,64245.103408124305
2915.4984984984985,21274.220962254494,12100.620601961551,8618.474605086092,22128.200273068393,64121.51644237053
2922.5045045045044,21226.10892018912,12088.155734693522,8610.136070500492,22074.20999467576,63998.610720058896
2929.510510510511,21178.2867970463,12075.739199005724,8601.82772941228,22020.526635126233,63876.380360590534
2936.5165165165167,21130.75191723857,12063.370678449415,8593.549400304002,21967.14755597885,63754.81955197084
2943.5225225225226,21083.50163810937,12051.049859522767,8585.300903181042,21914.070148992287,63633.922549805466
2950.5285285285286,21036.533349428602,12038.776431634982,8577.08205955527,21861.291835693723,63513.683676312576
2957.5345345345345,20989.84447289767,12026.550087070947,8568.892692428857,21808.810066955808,63394.097319353285
2964.5405405405404,20943.43246166372,12014.370520956416,8560.732626278328,21756.622322580643,63275.157931479116
2971.5465465465463,20897.2947998422,12002.237431223737,8552.601687038816,21704.7261108905,63156.86002899525
2978.5525525525527,20851.429002048488,11990.150518578079,8544.49970208854,21653.118968325893,63039.198191041
2985.558558558558,20805.83261293787,11978.109486464164,8536.426500233449,21601.79845905014,62922.16705868562
2992.5645645645645,20760.503206753667,11966.114041033481,8528.381911692077,21550.762174560732,62805.761334039955
2999.5705705705705,20715.438386883598,11954.163891112032,8520.365768080626,21500.00773330712,62689.975779383385
3006.5765765765764,20670.635785423958,11942.258748168504,8512.377902398195,21449.532780314803,62574.80521630546
3013.5825825825827,20626.093062751745,11930.398326282942,8504.418149012225,21399.33498681602,62460.24452486292
3020.5885885885887,20581.807907104238,11918.582342115873,8496.486343644128,21349.412049886156,62346.2886427504
3027.5945945945946,20537.778034166033,11906.81051487788,8488.58232335509,21299.761692086493,62232.9325644855
3034.6006006006005,20494.001186663576,11895.082566299638,8480.705926532073,21250.381661112733,62120.171340608016
3041.6066066066064,20450.475133966567,11883.39822060236,8472.856992873978,21201.26972944937,62008.00007689228
3048.612612612613,20407.197671696424,11871.757204468719,8465.035363377994,21152.423694029487,61896.41393357263
3055.6186186186187,20364.166621342087,11860.159247014113,8457.24088032611,21103.841375900825,61785.40812458313
3062.6246246246246,20321.379829881622,11848.604079758446,8449.473387271819,21055.52061989634,61674.97791680823
3069.6306306306305,20278.83516941125,11837.09143659823,8441.732729026959,21007.459294310942,61565.11862934739
3076.6366366366365,20236.53053678044,11825.621053779128,8434.018751648746,20959.65529058306,61455.82563279138
3083.642642642643,20194.463853233425,11814.192669868913,8426.331302426974,20912.106522981645,61347.09434851096
3090.6486486486488,20152.63306405673,11802.806025730735,8418.67022987132,20864.810928297815,61238.9202479566
3097.6546546546547,20111.036138233292,11791.46086449688,8411.035383698903,20817.766465542205,61131.29885197128
3104.6606606606606,20069.671068101736,11780.156931542791,8403.426614821909,20770.971115646244,61024.22573011268
3111.6666666666665,20028.535869022107,11768.89397446153,8395.843775335412,20724.422881168983,60917.69649998803
3118.672672672673,19987.628579047236,11757.671743038598,8388.28671850536,20678.119786008403,60811.706826599606
3125.678678678679,19946.9472585994,11746.489989227055,8380.755298756663,20632.059875117087,60706.25242170021
3132.684684684685,19906.4899901528,11735.34846712305,8373.249371661475,20586.24121422281,60601.329043160134
3139.6906906906906,19866.25487792124,11724.246932941665,8365.768793927595,20540.6618895532,60496.9324943437
3146.6966966966966,19826.240047551124,11713.185144993105,8358.313423387026,20495.320007565057,60393.05862349631
3153.702702702703,19786.443645819658,11702.162863659214,8350.883118984657,20450.213694677754,60289.703323141286
3160.708708708709,19746.863840338177,11691.179851370302,8343.477740767084,20405.34109701092,60186.86252948649
3167.7147147147152,19707.49881926024,11680.235872582349,8336.097149871603,20360.700380126284,60084.532221840476
3174.7207207207202,19668.34679099491,11669.330693754462,8328.741208515294,20316.289728773427,59982.70842203809
3181.7267267267266,19629.40598392438,11658.464083326662,8321.409779984257,20272.107346639597,59881.38719387489
3188.7327327327325,19590.674646126976,11647.635811697992,8314.102728622971,20228.15145610361,59780.56464255155
3195.7387387387384,19552.151045103852,11636.84565120491,8306.819919823804,20184.42029799308,59680.23691412565
3202.744744744745,19513.83346751108,11626.093376099992,8299.561220016622,20140.912131346,59580.40019497369
3209.7507507507507,19475.720218895567,11615.378762530898,8292.326496658541,20097.62523317562,59481.05071126062
3216.7567567567567,19437.809623435576,11604.701588519652,8285.115618223794,20054.557898239094,59382.18472841812
3223.7627627627626,19400.100023685423,11594.061633942189,8277.928454193716,20011.708438809652,59283.79855063098
3230.7687687687685,19362.589780324408,11583.458680508169,8270.764875046872,19969.075184452326,59185.88852033178
3237.774774774775,19325.277271909774,11572.892511741109,8263.624752249281,19926.6564818031,59088.451017703264
3244.780780780781,19288.1608946337,11562.362912958704,8256.507958244747,19884.45069435127,58991.48246018842
3251.7867867867867,19251.239062084343,11551.869671253498,8249.414366445353,19842.456202225436,58894.979302008636
3258.7927927927926,19214.51020501053,11541.412575473736,8242.343851222002,19800.671401982432,58798.9380336887
3265.7987987987985,19177.972771090546,11530.991416204532,8235.296287895126,19759.094706399705,58703.35518158991
3272.804804804805,19141.625224704312,11520.605985749251,8228.271552725473,19717.724544270626,58608.22730744966
3279.810810810811,19105.466046709524,11510.256078111153,8221.269522905026,19676.559360203042,58513.55100792875
3286.8168168168168,19069.493734221134,11499.94148897528,8214.290076548003,19635.59761442082,58419.32291416524
3293.8228228228227,19033.706800394604,11489.662015690577,8207.33309268198,19594.83778256835,58325.539691335514
3300.8288288288286,18998.103774212297,11479.41745725224,8200.398451239116,19554.278355517872,58232.198038221526
3307.834834834835,18962.68320027358,11469.207614284322,8193.486033047482,19513.917839179976,58139.29468678536
3314.840840840841,18927.443638588087,11459.032289022538,8186.595719822481,19473.754754316633,58046.82640174974
3321.8468468468473,18892.3836643722,11448.891285297324,8179.727394158388,19433.78763635709,57954.78998018501
3328.8528528528527,18857.501867848903,11438.784408517058,8172.880939519952,19394.01503521654,57863.18225110245
3335.8588588588586,18822.796854050757,11428.711465651613,8166.056240234157,19354.435515117617,57772.00007505414
3342.864864864865,18788.267242625607,11418.672265215968,8159.253181482004,19315.04765441397,57681.24034373755
3349.870870870871,18753.911667646054,11408.666617254175,8152.4716492904445,19275.850045417254,57590.89997960793
3356.8768768768773,18719.72877742119,11398.694333323458,8145.711530524396,19236.841294225982,57500.97593549503
3363.882882882883,18685.717234311604,11388.755226478495,8138.9727128788145,19198.020020557153,57411.46519422607
3370.8888888888887,18651.875714547263,11378.849111255986,8132.255084870911,19159.384857580444,57322.3647682546
3377.894894894895,18618.202908048115,11368.975803659336,8125.558535832415,19120.934451754503,57233.67169929437
3384.900900900901,18584.697518247558,11359.135121143583,8118.882955901957,19082.66746266605,57145.383057959145
3391.906906906907,18551.358261918525,11349.326882600486,8112.228236017504,19044.582562870895,57057.49594340741
3398.912912912913,18518.1838690023,11339.55090834384,8105.594267908928,19006.67843773743,56970.0074829925
3405.9189189189187,18485.173082439997,11329.807020094919,8098.980944090602,18968.953785292593,56882.91483191811
3412.9249249249247,18452.32465800655,11320.09504096818,8092.388157854134,18931.4073160696,56796.21517289846
3419.9309309309306,18419.637364147256,11310.414795457074,8085.815803261149,18894.037752958255,56709.905715823734
3426.936936936937,18387.109981816833,11300.766109420083,8079.263775136166,18856.843831057246,56623.983697430325
3433.942942942943,18354.741304320884,11291.148810066908,8072.7319690595505,18819.824297528558,56538.4463809759
3440.948948948949,18322.530137159833,11281.56272594484,8066.220281360547,18782.977911454007,56453.291055919224
3447.9549549549547,18290.47529787503,11272.00768692529,8059.728609110397,18746.30344369366,56368.515037604375
3454.9609609609606,18258.57561589747,11262.483524190526,8053.256850115526,18709.79967674659,56284.11566695011
3461.966966966967,18226.829932398567,11252.990070220492,8046.8049029108,18673.465404613235,56200.09031014309
3468.972972972973,18195.237100143113,11243.527158779903,8040.372666752887,18637.29943265996,56116.436358335864
3475.9789789789793,18163.79598334477,11234.094624905383,8033.960041613649,18601.3005774854,56033.1512273492
3482.9849849849847,18132.505457523228,11224.692304892853,8027.566928173646,18565.467666788718,55950.232357378445
3489.9909909909907,18101.364409364058,11215.320036285011,8021.193227815686,18529.799539239808,55867.67721270456
3496.996996996997,18070.371736580113,11205.977657859032,8014.838842618468,18494.295044351114,55785.48328140873
3504.0030030030034,18039.526347775285,11196.665009614337,8008.503675350282,18458.953042351375,55703.648075091274
3511.0090090090093,18008.827162310197,11187.381932760567,8002.187629462764,18423.77240406109,55622.169128594614
3518.0150150150153,17978.273110169946,11178.128269705703,7995.89060908476,18388.752010769836,55541.043999730246
3525.0210210210207,17947.863131833677,11168.903864044307,7989.612519016225,18353.890754115077,55460.270269009285
3532.0270270270266,17917.59617814609,11159.70856054591,7983.353264722192,18319.187535962756,55379.845539376955
3539.0330330330335,17887.471210190928,11150.542205143558,7977.112752326822,18284.641268289586,55299.7674359509
3546.0390390390394,17857.48719916614,11141.404644922462,7970.890888607497,18250.250873066852,55220.03360576295
3553.0450450450453,17827.643126261228,11132.295728108844,7964.687580989013,18216.015282146036,55140.64171750512
3560.051051051051,17797.93798253567,11123.215304058842,7958.502737537794,18181.933437145533,55061.589461277836
3567.0570570570567,17768.370768799945,11114.163223247595,7952.336266956188,18148.004289339486,54982.874548343214
3574.0630630630635,17738.940495497747,11105.13933725846,7946.188078576836,18114.226799547865,54904.494710880914
3581.0690690690694,17709.646182589957,11096.143498772348,7940.058082357092,18080.599938027903,54826.447701747304
3588.0750750750753,17680.486859440476,11087.175561557162,7933.946188873491,18047.12268436732,54748.73129423845
3595.0810810810813,17651.461564703546,11078.235380457394,7927.85230931629,18013.7940273788,54671.343281856025
3602.0870870870867,17622.569346212713,11069.322811383858,7921.776355484085,17980.61296499592,54594.28147807658
3609.0930930930936,17593.809260871338,11060.43771130347,7915.71823977843,17947.57850417036,54517.543716123604
3616.099099099099,17565.180374544834,11051.579938229252,7909.677875198593,17914.689660770986,54441.127848743665
3623.105105105105,17536.681761954227,11042.749351210363,7903.655175336289,17881.945459483577,54365.03174798446
3630.111111111111,17508.312506571376,11033.945810322297,7897.650054370523,17849.344933712502,54289.25330497669
3637.117117117117,17480.071700515567,11025.169176657188,7891.662427062473,17816.88712548333,54213.79042971855
3644.123123123123,17451.958444451608,11016.419312314209,7885.692208750412,17784.57108534692,54138.64105086315
3651.129129129129,17423.971847489498,11007.696080390111,7879.739315344709,17752.39587228479,54063.80311550911
3658.135135135135,17396.111027085284,10998.999344969849,7873.803663322863,17720.360553615716,53989.27458899371
3665.141141141141,17368.37510894335,10990.328971117324,7867.885169724599,17688.464204903426,53915.05345468871
3672.147147147147,17340.763226920255,10981.684824866239,7861.983752147017,17656.705909865763,53841.137713799275
3679.153153153153,17313.274522929813,10973.066773211056,7856.099328739783,17625.084760285015,53767.52538516566
3686.159159159159,17285.90814684927,10964.474684098039,7850.231818200383,17593.5998559191,53694.21450506679
3693.165165165165,17258.663256427117,10955.908426416436,7844.381139769409,17562.250304414276,53621.20312702724
3700.171171171171,17231.53901719212,10947.36786998974,7838.547213225923,17531.035221218986,53548.48932162677
3707.177177177177,17204.534602363503,10938.852885567041,7832.729958882839,17499.953729498662,53476.07117631205
3714.1831831831832,17177.64919276223,10930.363344814494,7826.929297582362,17469.004960051563,53403.94679521065
3721.189189189189,17150.881976723984,10921.899120306885,7821.145150691496,17438.1880512261,53332.114298948465
3728.195195195195,17124.23215001277,10913.460085519284,7815.377440097567,17407.502148838754,53260.57182446838
3735.201201201201,17097.698915736197,10905.04611481878,7809.62608820381,17376.946406093473,53189.31752485226
3742.207207207208,17071.28148426152,10896.65708345634,7803.891017924997,17346.51998350182,53118.34956914468
3749.2132132132133,17044.97907313315,10888.292867558745,7798.172152683119,17316.222048804313,53047.666142179325
3756.219219219219,17018.790906991067,10879.953344120606,7792.4694164031,17286.051776892786,52977.26544440756
3763.225225225225,16992.716217490397,10871.638390996475,7786.782733508553,17256.00834973353,52907.145691728954
3770.231231231231,16966.754243222207,10863.347886893072,7781.112028917599,17226.090956291766,52837.30511532465
3777.237237237238,16940.904229635187,10855.081711361552,7775.457228038712,17196.29879245684,52767.7419614923
3784.243243243244,16915.165428958488,10846.839744789897,7769.818256766607,17166.631060968426,52698.454491483426
3791.2492492492493,16889.53710012549,10838.621868395367,7764.195041478183,17137.086971343604,52629.44098134264
3798.255255255255,16864.018508698948,10830.427964217048,7758.587509028485,17107.66573980523,52560.69972174971
3805.261261261261,16838.608926796493,10822.25791510849,7752.995586746739,17078.366589210516,52492.229017862235
3812.267267267268,16813.30763301788,10814.111604730415,7747.4192024323975,17049.188748981316,52424.027189162014
3819.273273273274,16788.113912372664,10805.98891754348,7741.858284351228,17020.13145503468,52356.09256930205
3826.2792792792798,16763.02705620897,10797.889738801188,7736.312761231465,16991.193949714576,52288.423505956205
3833.2852852852848,16738.046362143352,10789.813954542813,7730.78256225999,16962.37548172445,52221.01836067061
3840.2912912912907,16713.17113399153,10781.761451586422,7725.267617078523,16933.67530606058,52153.87550871706
3847.2972972972975,16688.4006816998,10773.732117521991,7719.767855779891,16905.09268394617,52086.993338947854
3854.3033033033034,16663.73432127782,10765.725840704568,7714.283208904319,16876.62688276657,52020.37025365328
3861.3093093093094,16639.171374731784,10757.742510247537,7708.813607435746,16848.277176005002,51954.00466842007
3868.315315315315,16614.71116999888,10749.782016015937,7703.358982798203,16820.042843179213,51887.89501199224
3875.3213213213207,16590.353040882204,10741.844248619853,7697.919266852202,16791.923169778827,51822.03972613309
3882.3273273273276,16566.096326987034,10733.929099407893,7692.494391891174,16763.917447203734,51756.43726548983
3889.3333333333335,16541.94037365748,10726.036460460726,7687.084290637942,16736.024972702948,51691.08609745909
3896.3393393393394,16517.884531914075,10718.166224584687,7681.688896241234,16708.245049314253,51625.98470205425
3903.3453453453453,16493.92781533161,10710.31827706344,7676.308142272221,16680.576379352417,51561.13061401969
3910.351351351351,16470.070274138136,10702.492528666733,7670.9419627210755,16653.019493155647,51496.52425868159
3917.3573573573576,16446.31093102734,10694.68886605098,7665.590291993612,16625.57310130832,51432.163190380255
3924.3633633633635,16422.64915911854,10686.90718486264,7660.253064907904,16598.23652941573,51368.045938304815
3931.3693693693695,16399.084336907716,10679.147381442914,7654.930216690977,16571.00910858164,51304.171043623246
3938.3753753753754,16375.615848209824,10671.409352821725,7649.621682975506,16543.890175352204,51240.53705935925
3945.3813813813813,16352.243082102006,10663.692996711814,7644.327399796557,16516.87907166082,51177.14255027119
3952.3873873873877,16328.965432867246,10655.998211502869,7639.04730358837,16489.975144773398,51113.98609273188
3959.3933933933936,16305.782299938977,10648.324896255712,7633.781331181159,16463.17774723448,51051.06627461033
3966.3993993993995,16282.69308784628,10640.672950696558,7628.529419797931,16436.48623681389,50988.38169515466
3973.4054054054054,16259.697206159919,10633.04227521136,7623.291507051388,16409.89997645419,50925.93096487687
3980.4114114114113,16236.794069438738,10625.432770840156,7618.06753094079,16383.418334218453,50863.71270543814
3987.4174174174177,16213.983097177126,10617.844339271513,7612.857429848896,16357.040683239064,50801.725549536604
3994.4234234234236,16191.263713752998,10610.276882837034,7607.661142538922,16330.766401666922,50739.96814079588
4001.4294294294295,16168.635348376269,10602.730304505912,7602.478608151532,16304.59487262116,50678.43913365487
4008.4354354354355,16146.097435038224,10595.204507879536,7597.309766201841,16278.525484139684,50617.13719325928
4015.4414414414414,16123.649412461391,10587.699397186147,7592.154556576465,16252.557629130175,50556.06099535418
4022.4474474474478,16101.290724050104,10580.214877275568,7587.012919530599,16226.69070532169,50495.20922617796
4029.4534534534537,16079.020817841538,10572.75085361399,7581.884795685106,16200.924115216798,50434.580582357434
4036.4594594594596,16056.839146457713,10565.307232278801,7576.770126023666,16175.257266044551,50374.17377080473
4043.4654654654655,16034.74516705752,10557.883919953445,7571.6688518899045,16149.689569713453,50313.98750861432
4050.471471471471,16012.738341289942,10550.48082392239,7566.580914984598,16124.220442765596,50254.02052296253
4057.4774774774774,15990.818135247504,10543.0978520661,7561.506257362881,16098.849306330996,50194.27155100748
4064.4834834834833,15968.984019420435,10535.73491285609,7556.444821431474,16073.575586082581,50134.73933979058
4071.489489489489,15947.235468651174,10528.39191534999,7551.396549945947,16048.398712191478,50075.422646138584
4078.495495495495,15925.57196208991,10521.068769186722,7546.361386008024,16023.318119283334,50016.320236568
4085.501501501501,15903.992983150032,10513.76538458166,7541.3392730628775,15998.333246394495,49957.43088718907
4092.507507507508,15882.498019464803,10506.481672321883,7536.330154896479,15973.443536929362,49898.75338361253
4099.513513513514,15861.086562843959,10499.217543761468,7531.3339756329715,15948.648438617594,49840.28652085599
4106.51951951952,15839.75810923128,10491.972910816821,7526.350679732044,15923.947403472404,49782.02910325255
4113.525525525526,15818.512158662448,10484.747685962062,7521.380211986357,15899.339887748918,49723.97994435978
4120.531531531532,15797.348215223494,10477.541782224445,7516.422517518975,15874.82535190319,49666.13786687011
4127.537537537538,15776.26578700966,10470.355113179852,7511.477541780839,15850.403260551637,49608.501702521986
4134.543543543544,15755.264386084946,10463.187592948303,7506.545230548241,15826.073082431045,49551.07029201253
4141.54954954955,15734.34352844211,10456.039136189524,7501.625529920348,15801.834290359031,49493.84248491101
4148.555555555556,15713.502733962741,10448.909658098559,7496.718386316721,15777.686361194581,49436.8171395726
4155.561561561562,15692.741526378588,10441.799074401426,7491.823746474883,15753.62877579976,49379.993123054664
4162.5675675675675,15672.059433232664,10434.70730135082,7486.9415574478935,15729.661019001202,49323.36931103258
4169.573573573573,15651.455985841028,10427.63425572184,7482.071766601948,15705.782579552293,49266.94458771711
4176.579579579579,15630.9307192553,10420.57985480779,7477.214321614012,15681.992950095953,49210.717845773055
4183.585585585585,15610.483172225218,10413.544016415992,7472.36917046945,15658.291627127504,49154.68798623816
4190.591591591591,15590.11288716184,10406.526658863666,7467.536261459713,15634.678110958228,49098.85391844345
4197.597597597597,15569.819410101267,10399.527700973824,7462.715543180015,15611.15190567922,49043.21455993432
4204.603603603603,15549.602290668603,10392.547062071217,7457.9069645270365,15587.712519125684,48987.76883639254
4211.609609609609,15529.461082042439,10385.584661978344,7453.11047469668,15564.35946284161,48932.515681559074
4218.615615615615,15509.395340919766,10378.640421011454,7448.326023181799,15541.092252044798,48877.45403715782
4225.621621621622,15489.404627481374,10371.714259976641,7443.553559769988,15517.91040559253,48822.58285282053
4232.627627627628,15469.48850535748,10364.806100165915,7438.793034541361,15494.813445947268,48767.90108601202
4239.6336336336335,15449.646541593876,10357.915863353373,7434.044397866374,15471.800899142952,48713.407701956574
4246.639639639639,15429.878306618542,10351.043471791378,7429.307600403663,15448.872294751713,48659.101673565296
4253.645645645645,15410.18337420841,10344.188848206755,7424.582593097883,15426.02716585071,48604.98198136376
4260.651651651652,15390.561321456864,10337.35191579707,7419.869327177589,15403.26504898971,48551.04761342124
4267.657657657657,15371.011728741309,10330.53259822691,7415.16775415313,15380.585484158695,48497.29756528004
4274.663663663663,15351.534179691276,10323.73081962421,7410.477825814558,15357.988014755992,48443.73083988603
4281.669669669669,15332.128261156833,10316.946504576632,7405.799494229558,15335.472187556703,48390.346447519725
4288.675675675675,15312.793563177498,10310.179578127936,7401.132711741397,15313.037552681608,48337.143405728435
4295.681681681682,15293.529678951256,10303.429965774425,7396.477430966879,15290.683663566146,48284.12073925871
4302.687687687688,15274.336204804218,10296.697593461433,7391.833604794363,15268.41007693006,48231.27747999008
4309.693693693694,15255.212740160527,10289.982387579783,7387.201186381727,15246.216352747211,48178.612666869245
4316.6996996996995,15236.158887512305,10283.284274962356,7382.580129154409,15224.102054215486,48126.12534584456
4323.705705705705,15217.174252390694,10276.603182880657,7377.97038680346,15202.066747727727,48073.81456980255
4330.711711711712,15198.25844333628,10269.93903904139,7373.37191328357,15180.110002842097,48021.67939850334
4337.717717717718,15179.41107187076,10263.291771583114,7368.784662811163,15158.231392253543,47969.71889851858
4344.723723723724,15160.631752468149,10256.661309072899,7364.20858986248,15136.430491765013,47917.932143168546
4351.729729729729,15141.920102526958,10250.047580503038,7359.6436491717,15114.706880259355,47866.318212461054
4358.735735735735,15123.275742342286,10243.45051528774,7355.089795729041,15093.060139671295,47814.87619303036
4365.741741741742,15104.698295078351,10236.870043259922,7350.546984778923,15071.48985495984,47763.605178077036
4372.747747747748,15086.1873867414,10230.306094667985,7346.015171818114,15049.995614080986,47712.50426730848
4379.753753753754,15067.742646152723,10223.758600172641,7341.494312593919,15028.577007960524,47661.57256687981
4386.75975975976,15049.363704922282,10217.22749084375,7336.984363102348,15007.23363046748,47610.80918933586
4393.7657657657655,15031.050197422483,10210.712698157211,7332.485279586345,14985.965078387648,47560.21325355369
4400.771771771772,15012.801760761988,10204.214153991858,7327.99701853399,14964.770951397195,47509.78388468503
4407.777777777778,14994.618034760315,10197.731790626414,7323.519536676756,14943.650852037017,47459.5202141005
4414.783783783784,14976.498661922365,10191.265540736451,7319.052790987747,14922.60438568704,47409.4213793336
4421.78978978979,14958.443287413418,10184.815337391374,7314.596738679973,14901.631160540912,47359.48652402568
4428.795795795795,14940.451559034153,10178.38111405145,7310.151337204634,14880.730787580787,47309.71479787103
4435.801801801802,14922.52312719636,10171.962804564871,7305.716544249421,14859.902880552763,47260.10535656342
4442.807807807808,14904.657644898489,10165.560343164807,7301.292317736817,14839.147055942107,47210.65736174222
4449.813813813814,14886.854767701814,10159.173664466534,7296.878615822449,14818.462932949175,47161.36998093997
4456.81981981982,14869.114153706683,10152.802703464544,7292.475396893401,14797.850133465321,47112.24238752995
4463.825825825826,14851.435463529033,10146.447395529724,7288.082619566597,14777.308282049094,47063.27376067445
4470.8318318318325,14833.818360277226,10140.107676406516,7283.700242687149,14756.837005902777,47014.46328527367
4477.837837837838,14816.262509529079,10133.78348221015,7279.328225326767,14736.435934849074,46965.81015191507
4484.843843843844,14798.767579309326,10127.474749423876,7274.966526782145,14716.10470130823,46917.313556823574
4491.84984984985,14781.333240066948,10121.1814148962,7270.615106573366,14695.842940275048,46868.97270181156
4498.855855855856,14763.959164653212,10114.903415838202,7266.273924442345,14675.65028929652,46820.786794230284
4505.861861861862,14746.645028299596,10108.640689820826,7261.942940351261,14655.526388449425,46772.75504692111
4512.867867867868,14729.390508596156,10102.393174772225,7257.622114481012,14635.470880318346,46724.87667816774
4519.873873873874,14712.195285470021,10096.160808975112,7253.311407229674,14615.483409973749,46677.150911648554
4526.87987987988,14695.059041164237,10089.943531064153,7249.010779210997,14595.563624950504,46629.576976389886
4533.885885885886,14677.981460216673,10083.741280023374,7244.7201912528935,14575.711175226335,46582.154106719274
4540.891891891893,14660.962229439261,10077.553995183576,7240.439604395927,14555.925713200744,46534.881542219504
4547.8978978978985,14644.00103789757,10071.381616219805,7236.1689798918505,14536.206893674133,46487.75852768336
4554.903903903904,14627.097576890339,10065.224083148833,7231.908279202135,14516.55437382698,46440.78431306829
4561.90990990991,14610.251539929524,10059.08133632663,7227.657463996501,14496.96781319939,46393.95815345204
4568.915915915916,14593.462622720206,10052.953316445919,7223.416496151491,14477.44687367072,46347.279308988334
4575.921921921922,14576.730523141152,10046.8399645337,7219.185337749019,14457.991219439611,46300.74704486348
4582.927927927928,14560.054941225195,10040.741221948821,7214.963951074968,14438.600517004012,46254.36063125299
4589.933933933934,14543.435579140049,10034.657030379562,7210.752298617773,14419.2744351415,46208.119343278886
4596.939939939939,14526.872141169279,10028.587331841256,7206.550343067025,14400.012644889921,46162.02246096748
4603.945945945946,14510.364333693402,10022.532068673923,7202.358047312097,14380.814819527934,46116.06926920736
4610.951951951952,14493.911865171314,10016.491183539893,7198.175374440752,14361.680634556104,46070.25905770806
4617.957957957958,14477.514446121784,10010.464619421493,7194.002287737795,14342.609767677857,46024.59112095893
4624.963963963964,14461.171789105336,10004.452319618767,7189.838750683728,14323.601898780995,45979.064758188826
4631.9699699699695,14444.883608706004,9998.454227747163,7185.684726953404,14304.656709918961,45933.679273325535
4638.975975975976,14428.649621513603,9992.470287735254,7181.540180414691,14285.773885292638,45888.433974956184
4645.981981981982,14412.469546106131,9986.500443822537,7177.405075127182,14266.953111232295,45843.328176288145
4652.987987987988,14396.343103032099,9980.544640557153,7173.279375340854,14248.194076179512,45798.36119510962
4659.993993993993,14380.270014793357,9974.602822793724,7169.16304549481,14229.496470669472,45753.53235375136
4666.999999999999,14364.250005827927,9968.674935691151,7165.05605021597,14210.859987313346,45708.8409790484
4674.006006006006,14348.282802493155,9962.760924710434,7160.958354317807,14192.284320780987,45664.28640230239
4681.012012012012,14332.368133048787,9956.860735612538,7156.869922799085,14173.769167783514,45619.86795924393
4688.018018018018,14316.505727640584,9950.974314456253,7152.790720842603,14155.314227056462,45575.58498999591
4695.024024024024,14300.6953182838,9945.101607596096,7148.72071381396,14136.919199342754,45531.436839036614
4702.03003003003,14284.936638846862,9939.2425616802,7144.659867260315,14118.583787375945,45487.42285516332
4709.036036036036,14269.229425035548,9933.397123648256,7140.608146909173,14100.30769586387,45443.542391456846
4716.042042042042,14253.573414376799,9927.56524072944,7136.565518667171,14082.09063147203,45399.794805245445
4723.048048048048,14237.968346203183,9921.746860440391,7132.531948618877,14063.932302807476,45356.17945806993
4730.054054054054,14222.413961637285,9915.941930583163,7128.507403025591,14045.832420402767,45312.695715648806
4737.060060060059,14206.910003576202,9910.150399243257,7124.491848324176,14027.790696699987,45269.34294784362
4744.066066066066,14191.456216676417,9904.3722147876,7120.485251125877,14009.806846035097,45226.12052862499
4751.072072072072,14176.05234733861,9898.607325862598,7116.487578215163,13991.88058462222,45183.02783603859
4758.078078078078,14160.698143692696,9892.855681392171,7112.498796548567,13974.011630538283,45140.064252171716
4765.084084084084,14145.393355583215,9887.117230575828,7108.518873253553,13956.199703707773,45097.22916312037
4772.09009009009,14130.137734554475,9881.391922886723,7104.547775627362,13938.444525887488,45054.521958956044
4779.0960960960965,14114.93103383621,9875.679708069796,7100.585471135921,13920.745820651624,45011.94203369355
4786.102102102102,14099.773008329157,9869.980536139832,7096.63192741268,13903.103313376907,44969.488785258574
4793.108108108108,14084.663414590957,9864.294357379635,7092.687112257551,13885.516731227939,44927.16161545608
4800.114114114114,14069.602010822016,9858.621122338154,7088.750993635781,13867.985803142605,44884.95992993856
4807.12012012012,14054.588556851671,9852.960781828639,7084.823539676864,13850.510259817669,44842.883138174846
4814.126126126126,14039.62281412435,9847.313286926828,7080.904718673473,13833.089833694494,44800.93065341915
4821.132132132132,14024.704545686089,9841.67858896914,7076.994499080381,13815.724258944982,44759.10189268059
4828.138138138138,14009.83351617088,9836.056639550867,7073.092849513394,13798.413271457493,44717.396276692634
4835.144144144144,13995.009491787461,9830.44739052442,7069.199738748306,13781.156608823045,44675.813229883235
4842.15015015015,13980.232240305966,9824.850793997544,7065.315135719841,13763.954010321553,44634.352180344904
4849.156156156157,13965.501531045005,9819.266802331582,7061.439009520619,13746.805216908262,44593.01255980547
4856.1621621621625,13950.817134858567,9813.69536813974,7057.571329400133,13729.709971200287,44551.79380359873
4863.168168168168,13936.178824123264,9808.136444285365,7053.712064763713,13712.668017463235,44510.69535063558
4870.174174174174,13921.586372725707,9802.589983880249,7049.86118517153,13695.679101598129,44469.716643375614
4877.18018018018,13907.039556049787,9797.05594028293,7046.018660337571,13678.74297112817,44428.85712779846
4884.186186186186,13892.538150964396,9791.534267097022,7042.184460128664,13661.85937518591,44388.11625337599
4891.192192192192,13878.081935810998,9786.024918169553,7038.358554563465,13645.028064500391,44347.49347304441
4898.198198198198,13863.670690391473,9780.527847589308,7034.540913811492,13628.248791384378,44306.98824317665
4905.204204204204,13849.304195956141,9775.043009685212,7030.731508192142,13611.521309721906,44266.6000235554
4912.21021021021,13834.982235191548,9769.57035902469,7026.930308173738,13594.845374955654,44226.32827734563
4919.216216216217,13820.704592209024,9764.109850412075,7023.137284372548,13578.220744074804,44186.17247106845
4926.222222222223,13806.471052532552,9758.661438887,7019.352407551851,13561.647175602577,44146.13207457398
4933.2282282282285,13792.281403087525,9753.22507972284,7015.575648620997,13545.124429584377,44106.206561015744
4940.2342342342345,13778.135432189001,9747.800728425113,7011.806978634445,13528.652267575548,44066.39540682411
4947.24024024024,13764.032929530515,9742.38834072995,7008.046368790866,13512.230452629703,44026.698091681035
4954.246246246247,13749.973686172632,9736.987872602542,7004.293790432199,13495.858749286754,43987.11409849412
4961.252252252252,13735.957494531993,9731.599280235614,7000.549215042743,13479.536923561465,43947.64291337181
4968.258258258258,13721.98414837012,9726.222520047908,6996.812614248253,13463.264742931715,43908.284025598
4975.264264264264,13708.053442782611,9720.857548682667,6993.0839598150305,13447.04197632718,43869.036927607485
4982.27027027027,13694.165174188176,9715.50432300617,6989.363223649041,13430.868394117955,43829.901114961336
4989.276276276277,13680.31914031802,9710.16280010622,6985.650377795021,13414.74376810327,43790.87608632253
4996.282282282283,13666.515140205187,9704.832937290697,6981.945394435599,13398.667871500475,43751.961343431954
5003.288288288289,13652.752974174024,9699.514692086097,6978.24824589042,13382.640478933909,43713.15639108445
5010.294294294295,13639.03244382983,9694.208022236084,6974.558904615286,13366.661366424134,43674.460737105335
5017.3003003003005,13625.353352048514,9688.91288570006,6970.877343201289,13350.73031137692,43635.87389232678
5024.306306306307,13611.71550296634,9683.629240651742,6967.203534373963,13334.84709257268,43597.39537056473
5031.312312312313,13598.1187019699,9678.357045477764,6963.537450992442,13319.011490155848,43559.02468859595
5038.318318318318,13584.562755686027,9673.096258776262,6959.879066048612,13303.223285624255,43520.76136613516
5045.324324324323,13571.04747197186,9667.846839355489,6956.228352666272,13287.482261818797,43482.60492581242
5052.33033033033,13557.572659905161,9662.608746232456,6952.585284100328,13271.78820291313,43444.55489315107
5059.336336336336,13544.138129774386,9657.381938631555,6948.9498337359555,13256.140894403348,43406.61079654525
5066.342342342342,13530.743693069195,9652.166375983195,6945.3219750877815,13240.540123097928,43368.7721672381
5073.348348348348,13517.389162470834,9646.962017922484,6941.701681799096,13224.985677107647,43331.03853930006
5080.354354354354,13504.074351842773,9641.76882428788,6938.088927641031,13209.47734583569,43293.409449607374
5087.360360360361,13490.799076221158,9636.586755119868,6934.483686511773,13194.014919967678,43255.88443782048
5094.3663663663665,13477.56315180575,9631.415770659663,6930.885932435775,13178.598191462039,43218.463046363235
5101.372372372372,13464.366395950645,9626.255831347895,6927.295639562966,13163.226953540228,43181.144820401736
5108.378378378378,13451.20862715508,9621.106897823318,6923.712782167975,13147.901000677168,43143.929307823535
5115.384384384384,13438.089665054624,9615.96893092156,6920.13733464937,13132.620128591776,43106.81605921733
5122.39039039039,13425.009330412047,9610.841891673801,6916.569271528872,13117.384134237465,43069.80462785219
5129.396396396396,13411.967445108627,9605.725741305561,6913.008567450606,13102.19281579291,43032.8945696577
5136.402402402402,13398.963832135296,9600.620441235427,6909.455197180349,13087.045972652744,42996.08544320382
5143.408408408408,13385.998315584058,9595.525953073815,6905.909135604777,13071.943405418448,42959.376809681096
5150.414414414414,13373.070720639185,9590.442238621747,6902.370357730722,13056.88491588909,42922.76823288074
5157.420420420421,13360.18087356901,9585.36925986962,6898.838838684428,13041.870307052635,42886.25927917569
5164.426426426427,13347.328601717254,9580.306978996006,6895.31455371083,13026.899383076792,42849.84951750088
5171.4324324324325,13334.513733494696,9575.255358366441,6891.797478172821,13011.971949300196,42813.53851933415
5178.438438438438,13321.736098371048,9570.21436053225,6888.287587550534,12997.087812223777,42777.32585867761
5185.444444444444,13308.995526866558,9565.183948229334,6884.784857440617,12982.246779501946,42741.21111203846
5192.45045045045,13296.291850543956,9560.164084377022,6881.289263555529,12967.448659934047,42705.19385841055
5199.456456456456,13283.62490200049,9555.154732076908,6877.800781722843,12952.693263455873,42669.27367925612
5206.462462462462,13270.994514859827,9550.155854611674,6874.319387884525,12937.980401131143,42633.45015848717
5213.468468468468,13258.400523764187,9545.167415443966,6870.845058096265,12923.30988514317,42597.72288244759
5220.474474474474,13245.84276436659,9540.189378215242,6867.377768526757,12908.681528786587,42562.09143989517
5227.480480480481,13233.32107332297,9535.221706744656,6863.917495457045,12894.095146459016,42526.55542198369
5234.486486486487,13220.835288284614,9530.264365027919,6860.464215279823,12879.550553653082,42491.11442224544
5241.492492492493,13208.3852478904,9525.317317236219,6857.017904498769,12865.047566948155,42455.76803657354
5248.4984984984985,13195.970791759466,9520.380527715075,6853.578539727864,12850.586004002498,42420.515863204906
5255.504504504504,13183.591760483514,9515.453960983295,6850.146097690749,12836.16568354521,42385.35750270277
5262.510510510511,13171.247995619515,9510.537581731838,6846.720555220042,12821.786425368413,42350.292557939814
5269.516516516516,13158.9393396824,9505.631354822777,6843.301889256701,12807.448050319492,42315.32063408137
5276.522522522522,13146.665636137752,9500.735245288217,6839.890076849364,12793.150380293317,42280.44133856865
5283.528528528528,13134.426729394445,9495.849218329213,6836.4850951536955,12778.893238224447,42245.6542811018
5290.534534534534,13122.22246479784,9490.97323931476,6833.086921431777,12764.676448079917,42210.9590736243
5297.540540540541,13110.052688622405,9486.107273780704,6829.695533051429,12750.49983485124,42176.35533030578
5304.546546546547,13097.917248064876,9481.251287428739,6826.310907485613,12736.36322454733,42141.84266752656
5311.552552552553,13085.815991237203,9476.405246125356,6822.933022311787,12722.266444186855,42107.4207038612
5318.558558558559,13073.748767159746,9471.56911590084,6819.561855211295,12708.209321791059,42073.08906006294
5325.5645645645645,13061.715425754403,9466.742862948242,6816.197383968734,12694.191686376344,42038.84735904772
5332.570570570571,13049.715817837878,9461.926453622375,6812.839586471354,12680.213367947246,42004.69522587885
5339.576576576577,13037.74979511495,9457.119854438832,6809.48844070845,12666.274197489147,41970.63228775138
5346.582582582583,13025.8172101719,9452.323032072973,6806.143924770746,12652.374006961256,41936.65817397687
5353.588588588588,13013.917916469822,9447.53595335896,6802.806016849802,12638.512629289578,41902.772515968165
5360.594594594594,13002.051768338222,9442.758585288766,6799.474695237421,12624.689898359957,41868.97494722437
5367.600600600601,12990.218620968455,9437.99089501123,6796.149938325055,12610.905649011172,41835.26510331591
5374.606606606607,12978.41833040736,9433.232849831064,6792.831724603213,12597.159717028066,41801.6426218697
5381.612612612613,12966.65075355094,9428.484417207927,6789.520032660886,12583.45193913484,41768.107142554596
5388.618618618619,12954.915748138046,9423.745564755469,6786.214841184966,12569.782152988326,41734.658307066806
5395.624624624625,12943.213172744121,9419.016260240389,6782.9161289596705,12556.150197171213,41701.2957591154
5402.6306306306315,12931.542886775063,9414.296471581501,6779.623874865965,12542.555911185538,41668.01914440807
5409.636636636637,12919.904750461015,9409.58616684882,6776.338057881015,12528.999135446114,41634.82811063697
5416.642642642643,12908.298624850466,9404.885314262627,6773.0586570776,12515.479711274043,41601.72230746473
5423.648648648649,12896.72437180401,9400.193882192572,6769.785651623579,12501.997480890233,41568.701386510395
5430.654654654654,12885.181853988608,9395.511839156758,6766.519020781312,12488.552287409115,41535.76500133579
5437.660660660661,12873.670934871427,9390.839153820856,6763.258743907138,12475.143974832105,41502.91280743152
5444.666666666667,12862.191478714225,9386.1757949972,6760.004800450798,12461.772388041594,41470.14446220382
5451.672672672673,12850.74335056745,9381.521731643908,6756.757169954917,12448.437372794577,41437.45962496085
5458.678678678679,12839.326416264403,9376.876932864005,6753.515832054451,12435.138775716463,41404.85795689932
5465.684684684685,12827.940542415612,9372.241367904544,6750.280766476156,12421.876444294989,41372.3391210913
5472.690690690691,12816.585596403194,9367.615006155756,6747.051953038061,12408.65022687417,41339.90278247118
5479.696696696697,12805.261446375222,9362.99781715017,6743.829371648931,12395.459972648332,41307.54860782265
5486.7027027027025,12793.967961240132,9358.389770561778,6740.613002307756,12382.305531655977,41275.27626576564
5493.708708708708,12782.705010661233,9353.790836205182,6737.402825103221,12369.18675477407,41243.08542674371
5500.714714714714,12771.472465051325,9349.200984034747,6734.198820213189,12356.103493712033,41210.975763011294
5507.72072072072,12760.270195567144,9344.620184143785,6731.000967904203,12343.055601006005,41178.94694862114
5514.726726726726,12749.098074104108,9340.048406763703,6727.809248530958,12330.042930013024,41146.998659411795
5521.732732732732,12737.955973290966,9335.485622263195,6724.623642535801,12317.065334905372,41115.13057299533
5528.738738738738,12726.843766484497,9330.931801147439,6721.444130448242,12304.122670664852,41083.34236874503
5535.744744744745,12715.761327764276,9326.386914057246,6718.27069288443,12291.214793077126,41051.633727783075
5542.750750750751,12704.70853192756,9321.850931768306,6715.10331054669,12278.341558726263,41020.00433296882
5549.756756756757,12693.68525448411,9317.323825190366,6711.941964223006,12265.502824989127,40988.45386888661
5556.762762762763,12682.691371651012,9312.805565366412,6708.7866347865365,12252.698450029817,40956.98202183378
5563.7687687687685,12671.726760347787,9308.296123471931,6705.637303195142,12239.928292794431,40925.58847980929
5570.774774774775,12660.791298191272,9303.795470814106,6702.493950490896,12227.192213005485,40894.27293250176
5577.78078078078,12649.884863490666,9299.303578831026,6699.356557799603,12214.490071156619,40863.03507127792
5584.786786786786,12639.007335242635,9294.82041909095,6696.225106330331,12201.821728507377,40831.87458917129
5591.792792792792,12628.158593126433,9290.345963291507,6693.0995773749355,12189.187047077783,40800.791180870656
5598.798798798798,12617.33851749905,9285.880183258969,6689.979952307595,12176.585889643286,40769.7845427089
5605.804804804805,12606.546989390392,9281.42305094747,6686.866212584339,12164.018119729473,40738.85437265167
5612.810810810811,12595.783890498615,9276.974538438282,6683.758339742597,12151.483601607018,40708.000370286514
5619.816816816817,12585.049103185274,9272.53461793905,6680.65631540073,12138.982200286508,40677.22223681156
5626.822822822823,12574.342510470693,9268.103261783084,6677.560121257581,12126.513781513413,40646.51967502477
5633.828828828829,12563.663996029481,9263.680442428598,6674.469739092022,12114.078211763192,40615.892389313296
5640.834834834835,12553.013444185646,9259.266132457984,6671.385150762497,12101.675358236153,40585.34008564228
5647.840840840841,12542.390739908342,9254.860304577121,6668.30633820659,12089.305088852681,40554.86247154474
5654.846846846846,12531.79576880712,9250.462931614633,6665.233283440575,12076.967272248223,40524.45925611055
5661.852852852852,12521.228417127515,9246.073986521173,6662.165968558962,12064.66177776851,40494.13014997616
5668.858858858858,12510.688571746687,9241.69344236874,6659.104375734094,12052.388475464799,40463.87486531432
5675.864864864865,12500.176120168882,9237.32127234996,6656.0484872156785,12040.147236088971,40433.693115823495
5682.870870870871,12489.690950521132,9232.95744977739,6652.998285330369,12027.93793108892,40403.58461671781
5689.876876876877,12479.232951548958,9228.601948082834,6649.953752481345,12015.760432603834,40373.54908471697
5696.882882882883,12468.802012611975,9224.25474081666,6646.914871147876,12003.61461345951,40343.58623803602
5703.888888888889,12458.398023679698,9219.915801647108,6643.881623884908,11991.500347163746,40313.69579637546
5710.8948948948955,12448.020875327318,9215.58510435961,6640.8539933226275,11979.417507901804,40283.87748091136
5717.900900900901,12437.670458731503,9211.262622856133,6637.831962166067,11967.36597053185,40254.13101428555
5724.906906906907,12427.346665666191,9206.948331154503,6634.815513194678,11955.345610580403,40224.45612059577
5731.912912912913,12417.049388498548,9202.64220338774,6631.804629261917,11943.356304237934,40194.85252538614
5738.918918918918,12406.778520184827,9198.344213803402,6628.799293294848,11931.397928354365,40165.319955637446
5745.924924924925,12396.533954266386,9194.054336762943,6625.79948829373,11919.470360434812,40135.858139757875
5752.930930930931,12386.315584865548,9189.772546741047,6622.805197331616,11907.57347863501,40106.46680757322
5759.936936936937,12376.123306681668,9185.49881832498,6619.81640355395,11895.707161757098,40077.145690317695
5766.942942942943,12365.957014987287,9181.233126213974,6616.833090178172,11883.871289245439,40047.894520624875
5773.948948948949,12355.816605624075,9176.975445218577,6613.855240493327,11872.065741182161,40018.71303251814
5780.954954954956,12345.701974998934,9172.725750260017,6610.8828378596645,11860.290398283014,39989.60096140163
5787.9609609609615,12335.613020080258,9168.484016369586,6607.915865708261,11848.54514189323,39960.55804405134
5794.966966966967,12325.549638394034,9164.250218688014,6604.954307540612,11836.82985398333,39931.584018605994
5801.972972972973,12315.511728020023,9160.024332464845,6601.998146928279,11825.144417144924,39902.67862455807
5808.978978978979,12305.499187588051,9155.806333057837,6599.047367512474,11813.48871458675,39873.84160274512
5815.984984984985,12295.511916274267,9151.596195932336,6596.101953003708,11801.862630130501,39845.072695340816
5822.990990990991,12285.54981379744,9147.393896660687,6593.161887181396,11790.266048206937,39816.37164584646
5829.996996996997,12275.612780415244,9143.199410921618,6590.227153893488,11778.698853851685,39787.73819908203
5837.003003003003,12265.700716920637,9139.012714499657,6587.297737056109,11767.160932701443,39759.17210117785
5844.009009009009,12255.813524638374,9134.833783284528,6584.373620653168,11755.652170990037,39730.673099566106
5851.015015015016,12245.951105421169,9130.662593270565,6581.454788736006,11744.172455544365,39702.2409429721
5858.021021021022,12236.11336164635,9126.499120556133,6578.541225423032,11732.721673780694,39673.87538140621
5865.0270270270275,12226.300196212356,9122.343341343043,6575.632914899354,11721.29971370085,39645.5761661556
5872.0330330330335,12216.511512534964,9118.195231935975,6572.729841416421,11709.90646388812,39617.343049775474
5879.039039039039,12206.747214544199,9114.054768741904,6569.831989291671,11698.541813503825,39589.1757860816
5886.045045045045,12197.007206680568,9109.92192826954,6566.939342908171,11687.205652283345,39561.07413014162
5893.051051051051,12187.291393891888,9105.796687128744,6564.051886714265,11675.897870532479,39533.03783826737
5900.057057057057,12177.599681629748,9101.679022029986,6561.169605223224,11664.618359123715,39505.06666800667
5907.063063063062,12167.931975846175,9097.568909783784,6558.292483012902,11653.367009492571,39477.160378135435
5914.069069069069,12158.288182990407,9093.466327300137,6555.420504725381,11642.143713634012,39449.31872864994
5921.075075075075,12148.668210005466,9089.371251587996,6552.553655066641,11630.948364098787,39421.54148075889
5928.081081081081,12139.071964324885,9085.283659754703,6549.691918806205,11619.780853989814,39393.82839687561
5935.087087087087,12129.499353869533,9081.203529005445,6546.835280776809,11608.641076958678,39366.179240610465
5942.093093093093,12119.950287044405,9077.130836642733,6543.98372587406,11597.528927202187,39338.59377676339
5949.0990990990995,12110.424672735298,9073.065560065852,6541.137239056109,11586.444299458684,39311.07177131595
5956.105105105105,12100.922420305717,9069.007676770338,6538.295805343309,11575.387089004727,39283.61299142409
5963.11111111111,12091.443439593737,9064.957164347443,6535.459409817893,11564.357191651605,39256.21720541068
5970.117117117116,12081.987640908832,9060.914000483615,6532.628037623638,11553.354503741846,39228.88418275793
5977.123123123122,12072.554935028818,9056.878162959974,6529.801673965546,11542.37892214596,39201.6136941003
5984.129129129129,12063.14523319677,9052.849629651806,6526.980304109518,11531.430344258983,39174.405511217075
5991.135135135135,12053.758447117922,9048.828378528025,6524.163913382029,11520.508667997123,39147.2594070251
5998.141141141141,12044.394488956728,9044.814387650687,6521.352487169811,11509.613791794527,39120.17515557175
6005.147147147147,12035.053271333756,9040.807635174475,6518.546010919537,11498.74561459988,39093.15253202765
6012.153153153153,12025.734707322794,9036.808099346194,6515.744470137507,11487.904035873264,39066.19131267976
6019.15915915916,12016.438710447837,9032.815758504255,6512.947850389322,11477.088955582813,39039.291274924224
6026.1651651651655,12007.165194680243,9028.830591078216,6510.156137299586,11466.300274201585,39012.45219725963
6033.171171171171,11997.91407443564,9024.85257558825,6507.369316551594,11455.537892704251,38985.673859279734
6040.177177177177,11988.685264571284,9020.88169064468,6504.587373887022,11444.801712564102,38958.95604166709
6047.183183183182,11979.478680382988,9016.917914947473,6501.810295105621,11434.091635749743,38932.29852618583
6054.189189189189,11970.294237602388,9012.961227285774,6499.038066064908,11423.40756472208,38905.70109567515
6061.195195195195,11961.131852394066,9009.01160653741,6496.2706726798815,11412.749402431138,38879.1635340425
6068.201201201201,11951.991441352804,9005.06903166842,6493.5081009227,11402.117052313066,38852.685626256985
6075.207207207207,11942.872921500795,9001.13348173259,6490.750336822405,11391.510418287107,38826.2671583429
6082.213213213213,11933.776210284823,8997.204935870945,6487.9973664646,11380.92940475242,38799.90791737279
6089.21921921922,11924.701225573654,8993.28337331134,6485.249175991189,11370.373916585299,38773.60769146148
6096.225225225226,11915.647885655168,8989.368773367938,6482.505751600051,11359.843859135959,38747.36626975911
6103.2312312312315,11906.616109233855,8985.461115440785,6479.767079544773,11349.339138225823,38721.18344244524
6110.237237237237,11897.605815427947,8981.560379015327,6477.033146134349,11338.859660144328,38695.05900072195
6117.243243243243,11888.616923766906,8977.666543661975,6474.303937732903,11328.405331646249,38668.99273680803
6124.249249249249,11879.64935418871,8973.779589035637,6471.579440759393,11317.976059948609,38642.98444393235
6131.255255255255,11870.703027037367,8969.89949487527,6468.859641687337,11307.57175272798,38617.03391632795
6138.261261261261,11861.777863060152,8966.026241003441,6466.144527044522,11297.19231811749,38591.140949225606
6145.267267267267,11852.873783405174,8962.159807325876,6463.434083412743,11286.83766470409,38565.30533884789
6152.273273273273,11843.99070961877,8958.300173831018,6460.7282974274995,11276.507701525714,38539.526882403
6159.27927927928,11835.128563642971,8954.447320589588,6458.0271557777405,11266.202338068464,38513.80537807877
6166.285285285286,11826.28726781305,8950.60122775416,6455.330645205576,11255.921484263925,38488.140625036714
6173.291291291292,11817.466744854908,8946.761875558708,6452.638752506018,11245.665050486308,38462.532423405944
6180.2972972972975,11808.66691788276,8942.929244318202,6449.951464526697,11235.432947549834,38436.98057427749
6187.303303303303,11799.887710396524,8939.10331442816,6447.268768167605,11225.225086705937,38411.484879698226
6194.309309309309,11791.129046279526,8935.284066364226,6444.590650380808,11215.04137964069,38386.04514266525
6201.315315315315,11782.390849795942,8931.471480681757,6441.917098170206,11204.881738471979,38360.661167119884
6208.321321321321,11773.673045588586,8927.665538015406,6439.248098591252,11194.746075747065,38335.332757942306
6215.327327327327,11764.975558676279,8923.866219078682,6436.583638750685,11184.634304439722,38310.05972094537
6222.333333333333,11756.298314451764,8920.073504663575,6433.923705806293,11174.546337947888,38284.84186286952
6229.33933933934,11747.641238679113,8916.287375640102,6431.268286966622,11164.48209009082,38259.678991376655
6236.345345345346,11739.004257491571,8912.507812955946,6428.617369490749,11154.44147510674,38234.570915045006
6243.351351351352,11730.387297389148,8908.734797635996,6425.970940688,11144.424407650125,38209.51744336327
6250.357357357358,11721.790285236437,8904.968310781993,6423.328987917713,11134.430802789298,38184.51838672544
6257.3633633633635,11713.213148260158,8901.208333572098,6420.6914985889725,11124.46057600383,38159.57355642506
6264.36936936937,11704.655814047135,8897.454847260518,6418.058460160374,11114.51364318212,38134.68276465015
6271.375375375375,11696.11821054182,8893.70783317708,6415.429860139756,11104.589920618819,38109.845824477474
6278.381381381381,11687.600266044246,8889.967272726872,6412.805686083965,11094.68932501246,38085.06254986754
6285.387387387387,11679.10190920772,8886.233147389825,6410.1859255986,11084.811773463,38060.33275565915
6292.393393393393,11670.623069036701,8882.505438720333,6407.570566337773,11074.957183469385,38035.65625756419
6299.3993993994,11662.163674884549,8878.78412834689,6404.959596003868,11065.125472927119,38011.032872162425
6306.405405405406,11653.723656451417,8875.069197971663,6402.353002347282,11055.316560125897,37986.46241689626
6313.411411411412,11645.302943782128,8871.360629370152,6399.750773166212,11045.530363747284,37961.94471006578
6320.417417417418,11636.901467263997,8867.658404390795,6397.152896306389,11035.766802862288,37937.47957082347
6327.423423423424,11628.519157624756,8863.962504954585,6394.559359660855,11026.025796929081,37913.066819169275
6334.4294294294305,11620.155945930419,8860.272913054709,6391.9701511697185,11016.30726579059,37888.70627594544
6341.435435435436,11611.811763583273,8856.589610756173,6389.3852588199325,11006.611129672321,37864.39776283169
6348.4414414414405,11603.486542319744,8852.912580195434,6386.80467064505,10996.93730917998,37840.14110234021
6355.447447447446,11595.180214208378,8849.241803580031,6384.228374724983,10987.285725297252,37815.93611781065
6362.453453453453,11586.892711647797,8845.577263188214,6381.656359185799,10977.65629938347,37791.78263340528
6369.459459459459,11578.623967364723,8841.918941368598,6379.088612199464,10968.04895317149,37767.68047410428
6376.465465465465,11570.373914411914,8838.266820539802,6376.525121983638,10958.463608765429,37743.62946570078
6383.471471471471,11562.14248616618,8834.620883190066,6373.96587680142,10948.900188638348,37719.629434796014
6390.477477477477,11553.92961632648,8830.981111876938,6371.410864961161,10939.358615630275,37695.68020879485
6397.483483483484,11545.735238911893,8827.347489226875,6368.860074816195,10929.83881294584,37671.78161590081
6404.48948948949,11537.559288259663,8823.719997934937,6366.313494764664,10920.340704152199,37647.93348511146
6411.495495495496,11529.401699023356,8820.098620764405,6363.771113249262,10910.864213176934,37624.13564621395
6418.5015015015015,11521.26240617079,8816.483340546438,6361.23291875702,10901.40926430578,37600.38792978003
6425.507507507507,11513.141344982303,8812.874140179762,6358.698899819108,10891.975782180654,37576.690167161825
6432.513513513513,11505.038451048758,8809.271002630278,6356.169045010595,10882.563691797548,37553.042190487184
6439.519519519519,11496.953660269697,8805.673910930767,6353.643342950249,10873.172918504317,37529.44383265503
6446.525525525525,11488.886908851471,8802.082848180517,6351.121782300309,10863.80338799876,37505.89492733106
6453.531531531531,11480.838133305404,8798.497797545013,6348.60435176628,10854.455026326474,37482.395308943174
6460.537537537537,11472.807270445945,8794.918742255586,6346.091040096725,10845.127759878887,37458.944812677146
6467.543543543544,11464.794257388834,8791.345665609095,6343.581836083041,10835.821515391097,37435.54327447206
6474.54954954955,11456.79903154936,8787.778550967589,6341.076728559267,10826.536219940079,37412.19053101629
6481.555555555556,11448.82153064044,8784.217381757977,6338.575706401858,10817.271800942422,37388.886419742696
6488.561561561562,11440.861692671013,8780.662141471716,6336.07875852949,10808.028186152638,37365.63077882485
6495.5675675675675,11432.919455944058,8777.112813664464,6333.585873902852,10798.8053036609,37342.423447172274
6502.573573573573,11424.994759055038,8773.569381955787,6331.097041524432,10789.603081891317,37319.26426442657
6509.579579579579,11417.087540890016,8770.03183002882,6328.612250438336,10780.421449599871,37296.153070957036
6516.585585585585,11409.19774062398,8766.50014162995,6326.131489730059,10771.260335872517,37273.0897078565
6523.591591591591,11401.325297719159,8762.974300568518,6323.6547485263045,10762.11967012331,37250.07401693729
6530.597597597597,11393.470151923226,8759.454290716469,6321.182015994772,10752.99938209243,37227.105840726894
6537.603603603604,11385.632243267653,8755.94009600809,6318.713281343971,10743.899401844326,37204.18502246404
6544.60960960961,11377.811512066031,8752.431700439654,6316.248533823009,10734.819659765852,37181.311406094545
6551.615615615616,11370.007898912432,8748.929088069144,6313.787762721409,10725.760086564449,37158.48483626744
6558.621621621622,11362.221344679632,8745.432243015925,6311.330957368902,10716.720613266149,37135.7051583306
6565.627627627628,11354.451790517633,8741.941149460452,6308.878107135242,10707.701171213927,37112.97221832725
6572.6336336336335,11346.699177851888,8738.455791643973,6306.429201430017,10698.701692065752,37090.28586299163
6579.639639639639,11338.96344838171,8734.976153868203,6303.984229702442,10689.722107792764,37067.64593974512
6586.645645645645,11331.24454407872,8731.502220495053,6301.54318144118,10680.76235067759,37045.05229669254
6593.651651651651,11323.542407185212,8728.033975946324,6299.1060461741545,10671.822353312498,37022.50478261819
6600.657657657657,11315.856980212482,8724.571404703403,6296.672813468355,10662.902048597507,37000.003246981745
6607.663663663664,11308.188205939417,8721.11449130698,6294.24347292965,10654.001369738884,36977.547539914936
6614.66966966967,11300.536027410735,8717.663220356753,6291.818014202606,10645.120250247106,36955.1375122172
6621.675675675676,11292.900387935631,8714.217576511137,6289.396426970295,10636.258623935364,36932.773015352424
6628.681681681682,11285.28123108603,8710.777544486975,6286.978700954122,10627.41642491767,36910.453901444795
6635.687687687688,11277.678500695203,8707.343109059258,6284.56482591363,10618.593587607225,36888.180023275316
6642.6936936936945,11270.092140856204,8703.914255060832,6282.154791646325,10609.790046714714,36865.95123427807
6649.6996996997,11262.522095920322,8700.49096738212,6279.748587987495,10601.005737246598,36843.76738853654
6656.705705705705,11254.968310495571,8697.073230970833,6277.346204810027,10592.2405945034,36821.62834077983
6663.711711711711,11247.430729445308,8693.661030831714,6274.9476320242375,10583.494554078163,36799.53394637942
6670.717717717717,11239.909297886577,8690.254352026222,6272.5528595776805,10574.767551854586,36777.484061345065
6677.723723723724,11232.403961188835,8686.853179672285,6270.161877454977,10566.05952400562,36755.47854232172
6684.72972972973,11224.914664972284,8683.457498944023,6267.774675677651,10557.370406991624,36733.51724658559
6691.735735735736,11217.441355106634,8680.067295071458,6265.391244303939,10548.70013755891,36711.60003204094
6698.741741741742,11209.983977709408,8676.682553340259,6263.011573428621,10540.048652737929,36689.726757216216
6705.747747747748,11202.542479144851,8673.303259091468,6260.635653182854,10531.41588984197,36667.89728126115
6712.753753753755,11195.11680602217,8669.929397721224,6258.263473733994,10522.801786465274,36646.11146394266
6719.7597597597605,11187.706905194318,8666.560954680512,6255.895025285429,10514.206280481601,36624.36916564186
6726.765765765766,11180.312723756511,8663.197915474882,6253.53029807641,10505.629310042617,36602.67024735042
6733.771771771772,11172.93420904496,8659.840265664196,6251.169282381876,10497.07081357643,36581.01457066746
6740.777777777777,11165.57130863531,8656.487990862357,6248.81196851229,10488.530729785916,36559.401997795874
6747.783783783784,11158.223970341423,8653.14107673706,6246.458346813484,10480.00899764723,36537.832391539196
6754.78978978979,11150.892142213866,8649.799509009528,6244.108407666473,10471.505556408278,36516.305615298144
6761.795795795796,11143.575772538758,8646.463273454247,6241.762141487302,10463.020345587274,36494.82153306758
6768.801801801802,11136.274809836212,8643.13235589872,6239.41953872688,10454.553304971076,36473.38000943289
6775.807807807808,11128.989202859178,8639.806742223222,6237.080589870826,10446.104374613851,36451.98090956708
6782.813813813814,11121.718900591966,8636.48641836051,6234.745285439284,10437.67349483545,36430.62409922721
6789.81981981982,11114.463852249084,8633.171370295628,6232.41361598679,10429.260606220114,36409.30944475162
6796.825825825826,11107.224007273733,8629.861584065595,6230.085572102089,10420.865649614734,36388.036813056155
6803.831831831832,11099.999315336787,8626.557045759211,6227.761144407992,10412.488566127724,36366.80607163171
6810.8378378378375,11092.789726335192,8623.257741516778,6225.440323561205,10404.129297127254,36345.61708854043
6817.843843843843,11085.595190390884,8619.963657529865,6223.123100252188,10395.787784240038,36324.46973241298
6824.849849849849,11078.41565784954,8616.674780041058,6220.809465204977,10387.463969349867,36303.36387244544
6831.855855855855,11071.251079279153,8613.391095343728,6218.499409177042,10379.157794596093,36282.29937839601
6838.861861861861,11064.101405468859,8610.112589781784,6216.192922959141,10370.86920237226,36261.27612058204
6845.867867867868,11056.966587427787,8606.83924974942,6213.889997375138,10362.59813532481,36240.29396987715
6852.873873873874,11049.846576383667,8603.57106169091,6211.590623281877,10354.344536351531,36219.35279770798
6859.87987987988,11042.741323781673,8600.308012100335,6209.294791569026,10346.108348600314,36198.452476051345
6866.885885885886,11035.650781283233,8597.050087521366,6207.002493158906,10337.88951546769,36177.59287743119
6873.891891891892,11028.574900764695,8593.797274547027,6204.713719006363,10329.687980597462,36156.77387491555
6880.897897897898,11021.513634316338,8590.549559819465,6202.428460098609,10321.503687879482,36135.99534211389
6887.9039039039035,11014.466934240902,8587.30693002971,6200.146707455076,10313.336581448102,36115.257153173785
6894.909909909909,11007.434753052656,8584.06937191746,6197.868452127262,10305.186605681058,36094.55918277844
6901.915915915915,11000.417043476009,8580.836872270818,6195.593685198589,10297.0537051979,36073.90130614332
6908.921921921921,10993.4137584445,8577.609417926118,6193.322397784261,10288.9378248589,36053.28339901378
6915.927927927928,10986.424851099546,8574.386995767647,6191.054581031108,10280.838909763646,36032.705337661944
6922.933933933934,10979.450274789282,8571.16959272745,6188.790226117447,10272.756905249651,36012.166998883826
6929.93993993994,10972.489983067473,8567.957195785104,6186.529324252949,10264.691756891269,35991.66825999679
6936.945945945946,10965.543929692307,8564.749791967473,6184.2718666784685,10256.643410498209,35971.20899883646
6943.951951951952,10958.612068625258,8561.547368348527,6182.017844665933,10248.61181211434,35950.78909375406
6950.957957957959,10951.694354030064,8558.34991204907,6179.767249518173,10240.596908016452,35930.40842361376
6957.9639639639645,10944.790740271488,8555.157410236583,6177.520072568811,10232.598644712993,35910.06686778987
6964.9699699699695,10937.90118191424,8551.969850124944,6175.276305182093,10224.616968942684,35889.76430616396
6971.975975975975,10931.02563372192,8548.787218974256,6173.035938752767,10216.651827673524,35869.50061912247
6978.981981981981,10924.16405065587,8545.60950409062,6170.79896470594,10208.703168101305,35849.27568755374
6985.987987987988,10917.316387874092,8542.43669282591,6168.5653744969395,10200.77093764852,35829.08939284546
6992.993993993994,10910.482600730205,8539.268772577583,6166.335159611182,10192.855083963153,35808.94161688212
7000.0,10903.662644772303,8536.105730788435,6164.108311564024,10184.955554917362,35788.832242042125
